COD_DPTO,COD_MUNIC,ANIO,casos,n,prevalencia_pct
11,1,1998,15841.0,138032,11.476324330590009
11,1,1999,14408.0,131393,10.965576552784395
11,1,2000,14846.0,129793,11.438213154792631
11,1,2001,14615.0,126274,11.574037410710043
11,1,2002,14870.0,123764,12.01480236579296
11,1,2003,15466.0,122647,12.610173913752476
11,1,2004,15479.0,122618,12.623758338906196
11,1,2005,15415.0,121299,12.70826635009357
11,1,2006,15938.0,123531,12.902024593017137
11,1,2007,16601.0,127540,13.016308609063824
11,1,2012,15721.0,117465,13.383561060741497
11,1,2013,15351.0,115998,13.233848859463093
11,001,2008,16821.0,128869,13.0527900426014
11,001,2009,17033.0,126720,13.441445707070706
11,001,2010,16406.0,121244,13.5313912441028
11,001,2011,16047.0,117817,13.620275512022884
11,001,2014,14792.0,117529,12.585829880284866
11,001,2015,14781.0,117789,12.548709981407432
11,001,2016,14775.0,113738,12.990381402873268
11,001,2017,14695.0,108718,13.516620982725952
11,001,2018,14408.0,103311,13.946239993805113
11,001,2019,14610.0,100819,14.49131612096926
11,001,2020,12954.0,92565,13.994490358126722
11,001,2021,12248.0,79661,15.375152207479193
11,001,2022,12380.0,78235,15.824119639547519
11,001,2023,12205.0,74126,16.465207889269625
11,001,2024,11516.0,68169,16.893309275477122
13,1,1998,1437.0,19389,7.411418845737273
13,1,1999,1687.0,21848,7.721530574880996
13,1,2000,1707.0,23336,7.3148782996229
13,1,2001,1613.0,20795,7.7566722769896606
13,1,2002,1699.0,20834,8.154939041950659
13,1,2003,1792.0,20837,8.600086384796276
13,1,2004,1487.0,20708,7.1807996909407
13,1,2005,1663.0,20147,8.254330669578597
13,1,2006,1666.0,21147,7.878186031115525
13,1,2007,1751.0,19380,9.035087719298247
13,1,2012,2177.0,24358,8.937515395352657
13,1,2013,1942.0,23384,8.304823811152925
13,140,1998,4.0,146,2.73972602739726
13,140,1999,16.0,305,5.245901639344262
13,140,2000,8.0,293,2.7303754266211606
13,140,2001,5.0,200,2.5
13,140,2002,13.0,230,5.6521739130434785
13,140,2003,2.0,175,1.1428571428571428
13,140,2004,9.0,213,4.225352112676056
13,140,2005,7.0,196,3.571428571428571
13,140,2006,0.0,44,0.0
13,140,2007,0.0,124,0.0
13,140,2008,3.0,226,1.3274336283185841
13,140,2009,2.0,195,1.0256410256410255
13,140,2010,6.0,147,4.081632653061225
13,140,2011,4.0,177,2.2598870056497176
13,140,2012,7.0,138,5.072463768115942
13,140,2013,6.0,105,5.714285714285714
13,140,2014,2.0,44,4.545454545454546
13,140,2015,5.0,54,9.25925925925926
13,140,2016,2.0,36,5.555555555555555
13,140,2017,6.0,57,10.526315789473683
13,140,2018,1.0,45,2.2222222222222223
13,140,2019,1.0,56,1.7857142857142856
13,140,2020,5.0,59,8.47457627118644
13,140,2021,6.0,61,9.836065573770492
13,140,2022,4.0,55,7.2727272727272725
13,140,2023,4.0,33,12.121212121212121
13,140,2024,1.0,13,7.6923076923076925
13,160,1998,0.0,11,0.0
13,160,1999,0.0,9,0.0
13,160,2000,1.0,40,2.5
13,160,2001,1.0,31,3.225806451612903
13,160,2002,0.0,31,0.0
13,160,2003,0.0,33,0.0
13,160,2004,1.0,38,2.631578947368421
13,160,2005,1.0,50,2.0
13,160,2006,0.0,39,0.0
13,160,2007,1.0,44,2.272727272727273
13,160,2008,1.0,46,2.1739130434782608
13,160,2009,1.0,37,2.7027027027027026
13,160,2010,3.0,27,11.11111111111111
13,160,2011,2.0,42,4.761904761904762
13,160,2012,7.0,60,11.666666666666666
13,160,2013,2.0,22,9.090909090909092
13,160,2014,1.0,17,5.88235294117647
13,160,2015,1.0,14,7.142857142857142
13,160,2016,1.0,15,6.666666666666667
13,160,2017,1.0,19,5.263157894736842
13,160,2018,0.0,15,0.0
13,160,2019,0.0,15,0.0
13,160,2020,2.0,36,5.555555555555555
13,160,2021,0.0,45,0.0
13,160,2022,1.0,10,10.0
13,160,2023,2.0,6,33.33333333333333
13,160,2024,1.0,6,16.666666666666664
13,188,1998,1.0,80,1.25
13,188,1999,5.0,144,3.4722222222222223
13,188,2000,9.0,137,6.569343065693431
13,188,2001,5.0,126,3.968253968253968
13,188,2002,10.0,116,8.620689655172415
13,188,2003,3.0,81,3.7037037037037033
13,188,2004,2.0,97,2.0618556701030926
13,188,2005,2.0,86,2.3255813953488373
13,188,2006,1.0,88,1.1363636363636365
13,188,2007,3.0,97,3.0927835051546393
13,188,2008,4.0,86,4.651162790697675
13,188,2009,5.0,59,8.47457627118644
13,188,2010,3.0,66,4.545454545454546
13,188,2011,2.0,65,3.076923076923077
13,188,2012,4.0,70,5.714285714285714
13,188,2013,4.0,54,7.4074074074074066
13,188,2014,4.0,44,9.090909090909092
13,188,2015,1.0,44,2.272727272727273
13,188,2016,2.0,24,8.333333333333332
13,188,2017,6.0,19,31.57894736842105
13,188,2018,0.0,19,0.0
13,188,2019,0.0,7,0.0
13,188,2020,0.0,13,0.0
13,188,2021,1.0,12,8.333333333333332
13,188,2022,0.0,4,0.0
13,188,2023,0.0,2,0.0
13,188,2024,1.0,1,100.0
13,212,1998,1.0,23,4.3478260869565215
13,212,1999,0.0,20,0.0
13,212,2000,0.0,12,0.0
13,212,2001,2.0,31,6.451612903225806
13,212,2002,2.0,27,7.4074074074074066
13,212,2003,3.0,106,2.8301886792452833
13,212,2004,2.0,97,2.0618556701030926
13,212,2005,3.0,142,2.112676056338028
13,212,2006,5.0,109,4.587155963302752
13,212,2007,3.0,89,3.3707865168539324
13,212,2008,4.0,111,3.6036036036036037
13,212,2009,4.0,125,3.2
13,212,2010,4.0,86,4.651162790697675
13,212,2011,1.0,75,1.3333333333333335
13,212,2012,4.0,92,4.3478260869565215
13,212,2013,1.0,46,2.1739130434782608
13,212,2014,2.0,24,8.333333333333332
13,212,2015,0.0,23,0.0
13,212,2016,1.0,13,7.6923076923076925
13,212,2017,0.0,13,0.0
13,212,2018,0.0,19,0.0
13,212,2019,0.0,22,0.0
13,212,2020,0.0,30,0.0
13,212,2021,0.0,32,0.0
13,212,2022,0.0,20,0.0
13,212,2023,0.0,5,0.0
13,212,2024,0.0,3,0.0
13,222,1998,0.0,5,0.0
13,222,1999,2.0,16,12.5
13,222,2000,0.0,29,0.0
13,222,2001,3.0,26,11.538461538461538
13,222,2002,3.0,26,11.538461538461538
13,222,2003,1.0,61,1.639344262295082
13,222,2004,3.0,58,5.172413793103448
13,222,2005,6.0,72,8.333333333333332
13,222,2006,8.0,66,12.121212121212121
13,222,2007,0.0,41,0.0
13,222,2008,1.0,17,5.88235294117647
13,222,2009,3.0,35,8.571428571428571
13,222,2010,1.0,18,5.555555555555555
13,222,2011,0.0,10,0.0
13,222,2012,1.0,12,8.333333333333332
13,222,2013,0.0,3,0.0
13,222,2014,1.0,15,6.666666666666667
13,222,2015,0.0,10,0.0
13,222,2016,0.0,14,0.0
13,222,2017,0.0,19,0.0
13,222,2018,2.0,9,22.22222222222222
13,222,2019,1.0,9,11.11111111111111
13,222,2020,0.0,30,0.0
13,222,2021,0.0,20,0.0
13,222,2022,3.0,11,27.27272727272727
13,222,2023,0.0,8,0.0
13,244,1998,107.0,1480,7.22972972972973
13,244,1999,86.0,1467,5.862304021813224
13,244,2000,90.0,1111,8.1008100810081
13,244,2001,58.0,912,6.359649122807018
13,244,2002,65.0,1012,6.422924901185771
13,244,2003,78.0,1201,6.49458784346378
13,244,2004,53.0,805,6.583850931677018
13,244,2005,92.0,1152,7.986111111111111
13,244,2006,62.0,1206,5.140961857379768
13,244,2007,73.0,1349,5.411415863602668
13,244,2008,64.0,1214,5.2718286655683695
13,244,2009,51.0,1450,3.517241379310345
13,244,2010,46.0,1376,3.343023255813953
13,244,2011,40.0,1598,2.5031289111389237
13,244,2012,46.0,1635,2.8134556574923546
13,244,2013,45.0,1491,3.0181086519114686
13,244,2014,25.0,1582,1.580278128950695
13,244,2015,39.0,1535,2.5407166123778504
13,244,2016,45.0,1366,3.294289897510981
13,244,2017,47.0,1447,3.2480995162404978
13,244,2018,23.0,1261,1.8239492466296592
13,244,2019,33.0,1358,2.4300441826215025
13,244,2020,39.0,1407,2.771855010660981
13,244,2021,51.0,1566,3.256704980842912
13,244,2022,48.0,1327,3.6171816126601355
13,244,2023,31.0,1143,2.712160979877515
13,244,2024,23.0,880,2.6136363636363633
13,248,1998,0.0,11,0.0
13,248,1999,2.0,38,5.263157894736842
13,248,2000,0.0,36,0.0
13,248,2001,1.0,19,5.263157894736842
13,248,2002,1.0,38,2.631578947368421
13,248,2003,0.0,44,0.0
13,248,2004,1.0,18,5.555555555555555
13,248,2005,0.0,47,0.0
13,248,2006,1.0,50,2.0
13,248,2007,6.0,50,12.0
13,248,2008,2.0,23,8.695652173913043
13,248,2009,0.0,44,0.0
13,248,2010,0.0,43,0.0
13,248,2011,0.0,22,0.0
13,248,2012,0.0,14,0.0
13,248,2013,0.0,21,0.0
13,248,2014,0.0,15,0.0
13,248,2015,0.0,19,0.0
13,248,2016,0.0,6,0.0
13,248,2017,1.0,3,33.33333333333333
13,248,2019,0.0,2,0.0
13,248,2020,0.0,2,0.0
13,248,2021,0.0,6,0.0
13,248,2023,0.0,1,0.0
13,248,2024,0.0,3,0.0
13,268,1999,0.0,16,0.0
13,268,2000,1.0,36,2.7777777777777777
13,268,2001,1.0,38,2.631578947368421
13,268,2002,0.0,34,0.0
13,268,2003,2.0,65,3.076923076923077
13,268,2004,2.0,57,3.508771929824561
13,268,2005,2.0,60,3.3333333333333335
13,268,2006,3.0,67,4.477611940298507
13,268,2007,2.0,55,3.6363636363636362
13,268,2008,3.0,70,4.285714285714286
13,268,2009,1.0,65,1.5384615384615385
13,268,2010,2.0,41,4.878048780487805
13,268,2011,1.0,32,3.125
13,268,2012,0.0,11,0.0
13,268,2013,0.0,2,0.0
13,268,2015,0.0,4,0.0
13,268,2016,0.0,20,0.0
13,268,2017,0.0,18,0.0
13,268,2018,0.0,5,0.0
13,268,2019,0.0,13,0.0
13,268,2020,1.0,25,4.0
13,268,2021,1.0,18,5.555555555555555
13,268,2022,2.0,24,8.333333333333332
13,268,2023,0.0,13,0.0
13,268,2024,0.0,6,0.0
13,30,1998,0.0,1,0.0
13,30,2000,2.0,59,3.389830508474576
13,30,2001,1.0,59,1.694915254237288
13,30,2002,2.0,67,2.9850746268656714
13,30,2003,5.0,96,5.208333333333334
13,30,2004,5.0,84,5.952380952380952
13,30,2005,3.0,109,2.7522935779816518
13,30,2006,6.0,98,6.122448979591836
13,30,2007,6.0,126,4.761904761904762
13,30,2012,3.0,61,4.918032786885246
13,30,2013,1.0,87,1.1494252873563218
13,300,1998,0.0,27,0.0
13,300,1999,3.0,130,2.307692307692308
13,300,2000,0.0,105,0.0
13,300,2001,3.0,89,3.3707865168539324
13,300,2002,0.0,157,0.0
13,300,2003,0.0,62,0.0
13,300,2004,0.0,9,0.0
13,300,2005,3.0,77,3.896103896103896
13,300,2006,2.0,73,2.73972602739726
13,300,2007,0.0,80,0.0
13,300,2008,1.0,48,2.083333333333333
13,300,2009,2.0,72,2.7777777777777777
13,300,2010,2.0,65,3.076923076923077
13,300,2011,4.0,68,5.88235294117647
13,300,2012,0.0,43,0.0
13,300,2013,2.0,53,3.7735849056603774
13,300,2014,1.0,42,2.380952380952381
13,300,2015,1.0,44,2.272727272727273
13,300,2016,1.0,51,1.9607843137254901
13,300,2017,1.0,34,2.941176470588235
13,300,2018,2.0,36,5.555555555555555
13,300,2019,1.0,27,3.7037037037037033
13,300,2020,1.0,24,4.166666666666666
13,300,2021,0.0,31,0.0
13,300,2022,1.0,18,5.555555555555555
13,300,2023,0.0,17,0.0
13,300,2024,0.0,12,0.0
13,42,2000,0.0,1,0.0
13,42,2001,1.0,75,1.3333333333333335
13,42,2002,2.0,91,2.197802197802198
13,42,2003,1.0,75,1.3333333333333335
13,42,2004,7.0,93,7.526881720430108
13,42,2005,12.0,144,8.333333333333332
13,42,2006,11.0,128,8.59375
13,42,2007,8.0,123,6.504065040650407
13,42,2012,1.0,84,1.1904761904761905
13,42,2013,2.0,87,2.2988505747126435
13,430,1998,124.0,1435,8.641114982578397
13,430,1999,213.0,2137,9.967243799719233
13,430,2000,179.0,2029,8.822079842286842
13,430,2001,173.0,1709,10.122878876535985
13,430,2002,169.0,1760,9.602272727272727
13,430,2003,219.0,2179,10.05048187241854
13,430,2004,137.0,1831,7.482250136537412
13,430,2005,182.0,2405,7.567567567567568
13,430,2006,255.0,3004,8.488681757656458
13,430,2007,166.0,2291,7.245744216499345
13,430,2008,182.0,2338,7.784431137724551
13,430,2009,141.0,2761,5.1068453458891705
13,430,2010,171.0,2663,6.42132932782576
13,430,2011,264.0,3105,8.502415458937199
13,430,2012,351.0,3912,8.97239263803681
13,430,2013,324.0,3883,8.344063868143188
13,430,2014,237.0,3885,6.1003861003861
13,430,2015,244.0,3746,6.513614522156967
13,430,2016,267.0,3873,6.893880712625871
13,430,2017,275.0,4252,6.467544684854186
13,430,2018,170.0,4025,4.22360248447205
13,430,2019,205.0,3727,5.500402468473302
13,430,2020,308.0,3621,8.505937586302126
13,430,2021,331.0,4049,8.174857989627068
13,430,2022,475.0,3990,11.904761904761903
13,430,2023,464.0,3724,12.459720730397422
13,430,2024,380.0,3147,12.074992055926279
13,433,1998,6.0,106,5.660377358490567
13,433,1999,11.0,160,6.875000000000001
13,433,2000,10.0,169,5.9171597633136095
13,433,2001,8.0,139,5.755395683453238
13,433,2002,8.0,142,5.633802816901409
13,433,2003,4.0,144,2.7777777777777777
13,433,2004,8.0,128,6.25
13,433,2005,7.0,133,5.263157894736842
13,433,2006,5.0,126,3.968253968253968
13,433,2007,2.0,112,1.7857142857142856
13,433,2008,5.0,122,4.098360655737705
13,433,2009,2.0,100,2.0
13,433,2010,2.0,78,2.564102564102564
13,433,2011,3.0,119,2.5210084033613445
13,433,2012,1.0,104,0.9615384615384616
13,433,2013,0.0,50,0.0
13,433,2014,2.0,70,2.857142857142857
13,433,2015,1.0,37,2.7027027027027026
13,433,2016,0.0,38,0.0
13,433,2017,0.0,35,0.0
13,433,2018,0.0,38,0.0
13,433,2019,2.0,56,3.571428571428571
13,433,2020,0.0,51,0.0
13,433,2021,3.0,67,4.477611940298507
13,433,2022,0.0,39,0.0
13,433,2023,0.0,12,0.0
13,433,2024,0.0,9,0.0
13,440,1998,0.0,1,0.0
13,440,1999,2.0,61,3.278688524590164
13,440,2000,9.0,116,7.758620689655173
13,440,2001,10.0,120,8.333333333333332
13,440,2002,1.0,97,1.0309278350515463
13,440,2003,8.0,109,7.339449541284404
13,440,2004,6.0,80,7.5
13,440,2005,5.0,89,5.617977528089887
13,440,2006,0.0,84,0.0
13,440,2007,8.0,112,7.142857142857142
13,440,2008,3.0,93,3.225806451612903
13,440,2009,6.0,86,6.976744186046512
13,440,2010,2.0,47,4.25531914893617
13,440,2011,1.0,53,1.8867924528301887
13,440,2012,2.0,37,5.405405405405405
13,440,2013,6.0,34,17.647058823529413
13,440,2014,2.0,30,6.666666666666667
13,440,2015,2.0,35,5.714285714285714
13,440,2016,4.0,48,8.333333333333332
13,440,2017,3.0,47,6.382978723404255
13,440,2018,3.0,29,10.344827586206897
13,440,2019,3.0,28,10.714285714285714
13,440,2020,0.0,26,0.0
13,440,2021,0.0,21,0.0
13,440,2022,0.0,5,0.0
13,442,1998,3.0,425,0.7058823529411765
13,442,1999,12.0,473,2.536997885835095
13,442,2000,16.0,381,4.199475065616798
13,442,2001,18.0,455,3.9560439560439558
13,442,2002,29.0,430,6.744186046511628
13,442,2003,12.0,433,2.771362586605081
13,442,2004,17.0,475,3.578947368421052
13,442,2005,26.0,512,5.078125
13,442,2006,18.0,440,4.090909090909091
13,442,2007,16.0,446,3.587443946188341
13,442,2008,18.0,424,4.245283018867925
13,442,2009,30.0,438,6.8493150684931505
13,442,2010,27.0,377,7.161803713527852
13,442,2011,13.0,389,3.3419023136246784
13,442,2012,20.0,344,5.813953488372093
13,442,2013,10.0,245,4.081632653061225
13,442,2014,8.0,244,3.278688524590164
13,442,2015,12.0,299,4.013377926421405
13,442,2016,12.0,256,4.6875
13,442,2017,5.0,275,1.8181818181818181
13,442,2018,11.0,313,3.5143769968051117
13,442,2019,11.0,224,4.910714285714286
13,442,2020,8.0,284,2.8169014084507045
13,442,2021,5.0,299,1.6722408026755853
13,442,2022,2.0,134,1.4925373134328357
13,442,2023,3.0,99,3.0303030303030303
13,442,2024,2.0,66,3.0303030303030303
13,458,1999,0.0,5,0.0
13,458,2000,0.0,28,0.0
13,458,2001,1.0,26,3.8461538461538463
13,458,2002,6.0,41,14.634146341463413
13,458,2003,6.0,79,7.59493670886076
13,458,2004,2.0,58,3.4482758620689653
13,458,2005,2.0,61,3.278688524590164
13,458,2006,1.0,45,2.2222222222222223
13,458,2007,0.0,62,0.0
13,458,2008,1.0,38,2.631578947368421
13,458,2009,5.0,50,10.0
13,458,2010,0.0,22,0.0
13,458,2011,1.0,38,2.631578947368421
13,458,2012,3.0,32,9.375
13,458,2013,2.0,26,7.6923076923076925
13,458,2014,1.0,18,5.555555555555555
13,458,2015,0.0,20,0.0
13,458,2016,1.0,27,3.7037037037037033
13,458,2017,1.0,36,2.7777777777777777
13,458,2018,0.0,35,0.0
13,458,2019,0.0,32,0.0
13,458,2020,0.0,28,0.0
13,458,2021,2.0,22,9.090909090909092
13,458,2022,1.0,15,6.666666666666667
13,458,2023,1.0,17,5.88235294117647
13,458,2024,0.0,11,0.0
13,468,1998,46.0,541,8.502772643253234
13,468,1999,59.0,534,11.04868913857678
13,468,2000,47.0,380,12.368421052631579
13,468,2001,39.0,390,10.0
13,468,2002,59.0,516,11.434108527131782
13,468,2003,58.0,459,12.636165577342048
13,468,2004,32.0,316,10.126582278481013
13,468,2005,60.0,626,9.584664536741213
13,468,2006,43.0,611,7.037643207855974
13,468,2007,46.0,574,8.013937282229964
13,468,2008,38.0,660,5.757575757575758
13,468,2009,83.0,1056,7.859848484848484
13,468,2010,88.0,1063,8.27845719661336
13,468,2011,94.0,1253,7.501995211492418
13,468,2012,100.0,1439,6.949270326615705
13,468,2013,81.0,1363,5.9427732942039615
13,468,2014,84.0,1382,6.078147612156296
13,468,2015,53.0,1313,4.036557501904037
13,468,2016,34.0,848,4.009433962264151
13,468,2017,41.0,910,4.5054945054945055
13,468,2018,56.0,1298,4.314329738058552
13,468,2019,50.0,1419,3.5236081747709656
13,468,2020,51.0,1689,3.019538188277087
13,468,2021,90.0,1663,5.411906193625978
13,468,2022,75.0,1517,4.943968358602505
13,468,2023,68.0,1268,5.3627760252365935
13,468,2024,58.0,1036,5.598455598455598
13,473,1998,2.0,22,9.090909090909092
13,473,1999,1.0,46,2.1739130434782608
13,473,2000,2.0,88,2.272727272727273
13,473,2001,3.0,56,5.357142857142857
13,473,2002,0.0,74,0.0
13,473,2003,3.0,86,3.488372093023256
13,473,2004,4.0,84,4.761904761904762
13,473,2005,5.0,139,3.597122302158273
13,473,2006,6.0,154,3.896103896103896
13,473,2007,3.0,152,1.9736842105263157
13,473,2008,2.0,93,2.1505376344086025
13,473,2009,5.0,132,3.787878787878788
13,473,2010,3.0,92,3.260869565217391
13,473,2011,4.0,90,4.444444444444445
13,473,2012,1.0,65,1.5384615384615385
13,473,2013,3.0,79,3.79746835443038
13,473,2014,1.0,35,2.857142857142857
13,473,2015,1.0,61,1.639344262295082
13,473,2016,2.0,58,3.4482758620689653
13,473,2017,3.0,60,5.0
13,473,2018,2.0,58,3.4482758620689653
13,473,2019,2.0,45,4.444444444444445
13,473,2020,2.0,30,6.666666666666667
13,473,2021,3.0,56,5.357142857142857
13,473,2022,3.0,38,7.894736842105263
13,473,2023,2.0,30,6.666666666666667
13,473,2024,1.0,8,12.5
13,490,2010,1.0,8,12.5
13,490,2011,1.0,20,5.0
13,490,2012,0.0,4,0.0
13,490,2013,1.0,14,7.142857142857142
13,490,2014,0.0,14,0.0
13,490,2015,0.0,13,0.0
13,490,2016,0.0,14,0.0
13,490,2017,0.0,13,0.0
13,490,2018,0.0,4,0.0
13,490,2019,0.0,21,0.0
13,490,2020,2.0,46,4.3478260869565215
13,490,2021,2.0,36,5.555555555555555
13,490,2022,0.0,22,0.0
13,490,2023,1.0,12,8.333333333333332
13,490,2024,1.0,8,12.5
13,52,1998,13.0,262,4.961832061068702
13,52,1999,8.0,280,2.857142857142857
13,52,2000,24.0,556,4.316546762589928
13,52,2001,12.0,401,2.9925187032418954
13,52,2002,3.0,265,1.1320754716981132
13,52,2003,9.0,490,1.8367346938775513
13,52,2004,13.0,411,3.1630170316301705
13,52,2005,13.0,309,4.207119741100324
13,52,2006,13.0,211,6.161137440758294
13,52,2007,5.0,169,2.9585798816568047
13,52,2012,4.0,209,1.9138755980861244
13,52,2013,2.0,213,0.9389671361502347
13,549,1998,1.0,23,4.3478260869565215
13,549,1999,0.0,12,0.0
13,549,2000,8.0,95,8.421052631578947
13,549,2001,7.0,90,7.777777777777778
13,549,2002,3.0,77,3.896103896103896
13,549,2003,8.0,180,4.444444444444445
13,549,2004,9.0,143,6.293706293706294
13,549,2005,4.0,144,2.7777777777777777
13,549,2006,4.0,159,2.515723270440252
13,549,2007,6.0,112,5.357142857142857
13,549,2008,1.0,151,0.6622516556291391
13,549,2009,3.0,147,2.0408163265306123
13,549,2010,1.0,117,0.8547008547008548
13,549,2011,5.0,179,2.793296089385475
13,549,2012,4.0,177,2.2598870056497176
13,549,2013,5.0,118,4.23728813559322
13,549,2014,1.0,83,1.2048192771084338
13,549,2015,1.0,84,1.1904761904761905
13,549,2016,3.0,113,2.6548672566371683
13,549,2017,1.0,62,1.6129032258064515
13,549,2018,2.0,104,1.9230769230769231
13,549,2019,3.0,72,4.166666666666666
13,549,2020,2.0,101,1.9801980198019802
13,549,2021,4.0,103,3.8834951456310676
13,549,2022,2.0,57,3.508771929824561
13,549,2023,2.0,56,3.571428571428571
13,549,2024,2.0,30,6.666666666666667
13,580,2001,0.0,29,0.0
13,580,2002,0.0,26,0.0
13,580,2003,1.0,20,5.0
13,580,2004,4.0,52,7.6923076923076925
13,580,2005,5.0,80,6.25
13,580,2006,6.0,77,7.792207792207792
13,580,2007,0.0,63,0.0
13,580,2008,2.0,26,7.6923076923076925
13,580,2009,3.0,67,4.477611940298507
13,580,2010,1.0,50,2.0
13,580,2011,2.0,38,5.263157894736842
13,580,2012,1.0,38,2.631578947368421
13,580,2013,3.0,44,6.8181818181818175
13,580,2014,0.0,15,0.0
13,580,2015,1.0,18,5.555555555555555
13,580,2016,0.0,22,0.0
13,580,2017,1.0,6,16.666666666666664
13,580,2018,2.0,13,15.384615384615385
13,580,2019,0.0,21,0.0
13,580,2020,2.0,37,5.405405405405405
13,580,2021,0.0,25,0.0
13,580,2022,2.0,24,8.333333333333332
13,580,2023,2.0,20,10.0
13,580,2024,1.0,8,12.5
13,6,1998,3.0,107,2.803738317757009
13,6,1999,7.0,126,5.555555555555555
13,6,2000,15.0,186,8.064516129032258
13,6,2001,13.0,152,8.552631578947368
13,6,2002,7.0,167,4.191616766467066
13,6,2003,15.0,235,6.382978723404255
13,6,2004,9.0,205,4.390243902439024
13,6,2005,11.0,240,4.583333333333333
13,6,2006,6.0,209,2.8708133971291865
13,6,2007,10.0,206,4.854368932038835
13,6,2012,6.0,131,4.580152671755725
13,6,2013,4.0,96,4.166666666666666
13,600,1998,0.0,33,0.0
13,600,1999,2.0,50,4.0
13,600,2000,6.0,98,6.122448979591836
13,600,2001,9.0,114,7.894736842105263
13,600,2002,3.0,73,4.10958904109589
13,600,2003,6.0,103,5.825242718446602
13,600,2004,31.0,138,22.463768115942027
13,600,2005,24.0,127,18.89763779527559
13,600,2006,16.0,107,14.953271028037381
13,600,2007,4.0,121,3.3057851239669422
13,600,2008,10.0,80,12.5
13,600,2009,6.0,90,6.666666666666667
13,600,2010,5.0,72,6.944444444444445
13,600,2011,3.0,79,3.79746835443038
13,600,2012,4.0,103,3.8834951456310676
13,600,2013,2.0,107,1.8691588785046727
13,600,2014,2.0,51,3.9215686274509802
13,600,2015,5.0,50,10.0
13,600,2016,5.0,63,7.936507936507936
13,600,2017,3.0,78,3.8461538461538463
13,600,2018,6.0,90,6.666666666666667
13,600,2019,6.0,113,5.3097345132743365
13,600,2020,3.0,111,2.7027027027027026
13,600,2021,1.0,112,0.8928571428571428
13,600,2022,2.0,71,2.8169014084507045
13,600,2023,2.0,34,5.88235294117647
13,600,2024,1.0,29,3.4482758620689653
13,62,1998,1.0,16,6.25
13,62,1999,2.0,34,5.88235294117647
13,62,2000,5.0,59,8.47457627118644
13,62,2001,2.0,75,2.666666666666667
13,62,2002,9.0,80,11.25
13,62,2003,1.0,46,2.1739130434782608
13,62,2004,4.0,37,10.81081081081081
13,62,2005,2.0,65,3.076923076923077
13,62,2006,3.0,74,4.054054054054054
13,62,2007,1.0,34,2.941176470588235
13,62,2012,1.0,27,3.7037037037037033
13,62,2013,0.0,12,0.0
13,620,1998,2.0,75,2.666666666666667
13,620,1999,0.0,29,0.0
13,620,2000,7.0,96,7.291666666666667
13,620,2001,3.0,48,6.25
13,620,2002,7.0,63,11.11111111111111
13,620,2003,4.0,80,5.0
13,620,2004,0.0,62,0.0
13,620,2005,4.0,57,7.017543859649122
13,620,2006,0.0,45,0.0
13,620,2007,3.0,42,7.142857142857142
13,620,2008,2.0,31,6.451612903225806
13,620,2009,0.0,17,0.0
13,620,2010,1.0,22,4.545454545454546
13,620,2011,0.0,22,0.0
13,620,2012,0.0,10,0.0
13,620,2013,0.0,5,0.0
13,620,2014,0.0,4,0.0
13,620,2015,0.0,9,0.0
13,620,2016,1.0,4,25.0
13,620,2017,0.0,6,0.0
13,620,2018,1.0,2,50.0
13,620,2019,0.0,32,0.0
13,620,2020,1.0,22,4.545454545454546
13,620,2021,0.0,11,0.0
13,620,2022,1.0,19,5.263157894736842
13,620,2023,0.0,9,0.0
13,620,2024,0.0,6,0.0
13,647,1998,10.0,174,5.747126436781609
13,647,1999,4.0,76,5.263157894736842
13,647,2000,6.0,156,3.8461538461538463
13,647,2001,4.0,148,2.7027027027027026
13,647,2002,4.0,71,5.633802816901409
13,647,2003,8.0,186,4.301075268817205
13,647,2004,8.0,154,5.194805194805195
13,647,2005,4.0,103,3.8834951456310676
13,647,2006,7.0,103,6.796116504854369
13,647,2007,0.0,59,0.0
13,647,2008,3.0,85,3.5294117647058822
13,647,2009,4.0,114,3.508771929824561
13,647,2010,0.0,77,0.0
13,647,2011,12.0,127,9.448818897637794
13,647,2012,3.0,81,3.7037037037037033
13,647,2013,3.0,70,4.285714285714286
13,647,2014,2.0,47,4.25531914893617
13,647,2015,1.0,36,2.7777777777777777
13,647,2016,1.0,64,1.5625
13,647,2017,2.0,62,3.225806451612903
13,647,2018,1.0,40,2.5
13,647,2019,2.0,55,3.6363636363636362
13,647,2020,0.0,75,0.0
13,647,2021,0.0,60,0.0
13,647,2022,2.0,28,7.142857142857142
13,647,2023,1.0,19,5.263157894736842
13,647,2024,1.0,18,5.555555555555555
13,650,1998,0.0,1,0.0
13,650,1999,2.0,13,15.384615384615385
13,650,2000,1.0,106,0.9433962264150944
13,650,2001,1.0,64,1.5625
13,650,2002,2.0,63,3.1746031746031744
13,650,2003,5.0,106,4.716981132075472
13,650,2004,2.0,87,2.2988505747126435
13,650,2005,3.0,127,2.3622047244094486
13,650,2006,3.0,81,3.7037037037037033
13,650,2007,2.0,106,1.8867924528301887
13,650,2008,3.0,100,3.0
13,650,2009,0.0,71,0.0
13,650,2010,3.0,24,12.5
13,650,2011,1.0,22,4.545454545454546
13,650,2012,3.0,74,4.054054054054054
13,650,2013,2.0,68,2.941176470588235
13,650,2014,0.0,51,0.0
13,650,2015,0.0,45,0.0
13,650,2016,4.0,52,7.6923076923076925
13,650,2017,3.0,28,10.714285714285714
13,650,2018,2.0,24,8.333333333333332
13,650,2019,1.0,21,4.761904761904762
13,650,2020,0.0,44,0.0
13,650,2021,1.0,34,2.941176470588235
13,650,2022,2.0,37,5.405405405405405
13,650,2023,4.0,23,17.391304347826086
13,650,2024,2.0,11,18.181818181818183
13,654,1998,6.0,196,3.061224489795918
13,654,1999,10.0,172,5.813953488372093
13,654,2000,9.0,259,3.474903474903475
13,654,2001,7.0,176,3.977272727272727
13,654,2002,10.0,185,5.405405405405405
13,654,2003,14.0,227,6.167400881057269
13,654,2004,8.0,206,3.8834951456310676
13,654,2005,2.0,144,1.3888888888888888
13,654,2006,5.0,177,2.824858757062147
13,654,2007,11.0,174,6.321839080459771
13,654,2008,5.0,100,5.0
13,654,2009,2.0,142,1.4084507042253522
13,654,2010,3.0,89,3.3707865168539324
13,654,2011,2.0,132,1.5151515151515151
13,654,2012,3.0,129,2.3255813953488373
13,654,2013,4.0,67,5.970149253731343
13,654,2014,0.0,49,0.0
13,654,2015,0.0,24,0.0
13,654,2016,1.0,29,3.4482758620689653
13,654,2017,1.0,30,3.3333333333333335
13,654,2018,0.0,46,0.0
13,654,2019,5.0,40,12.5
13,654,2020,2.0,26,7.6923076923076925
13,654,2021,1.0,24,4.166666666666666
13,654,2022,1.0,18,5.555555555555555
13,654,2023,0.0,15,0.0
13,654,2024,0.0,2,0.0
13,655,2001,0.0,4,0.0
13,655,2002,0.0,23,0.0
13,655,2003,2.0,38,5.263157894736842
13,655,2004,1.0,41,2.4390243902439024
13,655,2005,1.0,43,2.3255813953488373
13,655,2006,4.0,50,8.0
13,655,2007,1.0,55,1.8181818181818181
13,655,2008,3.0,81,3.7037037037037033
13,655,2009,2.0,64,3.125
13,655,2010,5.0,96,5.208333333333334
13,655,2011,5.0,70,7.142857142857142
13,655,2012,5.0,55,9.090909090909092
13,655,2013,5.0,48,10.416666666666668
13,655,2014,3.0,41,7.317073170731707
13,655,2015,1.0,29,3.4482758620689653
13,655,2016,2.0,17,11.76470588235294
13,655,2017,1.0,36,2.7777777777777777
13,655,2018,3.0,33,9.090909090909092
13,655,2019,4.0,24,16.666666666666664
13,655,2020,3.0,23,13.043478260869565
13,655,2021,0.0,24,0.0
13,655,2022,0.0,20,0.0
13,655,2023,2.0,15,13.333333333333334
13,655,2024,1.0,4,25.0
13,657,1998,11.0,231,4.761904761904762
13,657,1999,8.0,265,3.018867924528302
13,657,2000,5.0,159,3.1446540880503147
13,657,2001,8.0,193,4.145077720207254
13,657,2002,9.0,255,3.5294117647058822
13,657,2003,6.0,368,1.6304347826086956
13,657,2004,7.0,332,2.108433734939759
13,657,2005,7.0,352,1.9886363636363635
13,657,2006,9.0,300,3.0
13,657,2007,4.0,190,2.1052631578947367
13,657,2008,3.0,146,2.054794520547945
13,657,2009,4.0,211,1.8957345971563981
13,657,2010,3.0,230,1.3043478260869565
13,657,2011,3.0,191,1.5706806282722512
13,657,2012,3.0,144,2.083333333333333
13,657,2013,2.0,138,1.4492753623188406
13,657,2014,1.0,100,1.0
13,657,2015,1.0,65,1.5384615384615385
13,657,2016,0.0,48,0.0
13,657,2017,0.0,74,0.0
13,657,2018,2.0,87,2.2988505747126435
13,657,2019,0.0,73,0.0
13,657,2020,0.0,117,0.0
13,657,2021,2.0,93,2.1505376344086025
13,657,2022,0.0,24,0.0
13,657,2023,4.0,25,16.0
13,657,2024,3.0,36,8.333333333333332
13,667,1998,0.0,45,0.0
13,667,1999,5.0,67,7.462686567164178
13,667,2000,7.0,105,6.666666666666667
13,667,2001,2.0,103,1.9417475728155338
13,667,2002,5.0,144,3.4722222222222223
13,667,2003,7.0,152,4.605263157894736
13,667,2004,7.0,147,4.761904761904762
13,667,2005,7.0,189,3.7037037037037033
13,667,2006,5.0,154,3.2467532467532463
13,667,2007,7.0,114,6.140350877192982
13,667,2008,1.0,110,0.9090909090909091
13,667,2009,4.0,122,3.278688524590164
13,667,2010,6.0,95,6.315789473684211
13,667,2011,6.0,135,4.444444444444445
13,667,2012,3.0,125,2.4
13,667,2013,2.0,117,1.7094017094017095
13,667,2014,3.0,52,5.769230769230769
13,667,2015,3.0,71,4.225352112676056
13,667,2016,2.0,59,3.389830508474576
13,667,2017,3.0,82,3.6585365853658534
13,667,2018,4.0,97,4.123711340206185
13,667,2019,2.0,87,2.2988505747126435
13,667,2020,2.0,102,1.9607843137254901
13,667,2021,4.0,98,4.081632653061225
13,667,2022,1.0,72,1.3888888888888888
13,667,2023,4.0,48,8.333333333333332
13,667,2024,0.0,22,0.0
13,670,1998,1.0,45,2.2222222222222223
13,670,1999,2.0,57,3.508771929824561
13,670,2000,4.0,149,2.684563758389262
13,670,2001,3.0,161,1.8633540372670807
13,670,2002,3.0,155,1.935483870967742
13,670,2003,11.0,207,5.314009661835748
13,670,2004,7.0,208,3.3653846153846154
13,670,2005,8.0,301,2.6578073089700998
13,670,2006,6.0,280,2.142857142857143
13,670,2007,10.0,395,2.5316455696202533
13,670,2008,4.0,366,1.092896174863388
13,670,2009,11.0,411,2.67639902676399
13,670,2010,15.0,303,4.9504950495049505
13,670,2011,7.0,361,1.9390581717451523
13,670,2012,9.0,368,2.4456521739130435
13,670,2013,4.0,314,1.2738853503184715
13,670,2014,12.0,294,4.081632653061225
13,670,2015,7.0,278,2.5179856115107913
13,670,2016,8.0,266,3.007518796992481
13,670,2017,7.0,298,2.348993288590604
13,670,2018,20.0,231,8.658008658008658
13,670,2019,8.0,215,3.7209302325581395
13,670,2020,5.0,203,2.4630541871921183
13,670,2021,7.0,159,4.40251572327044
13,670,2022,8.0,166,4.819277108433735
13,670,2023,3.0,102,2.941176470588235
13,670,2024,1.0,70,1.4285714285714286
13,673,1998,0.0,26,0.0
13,673,1999,1.0,1,100.0
13,673,2000,2.0,20,10.0
13,673,2001,0.0,12,0.0
13,673,2002,1.0,39,2.564102564102564
13,673,2003,4.0,54,7.4074074074074066
13,673,2004,4.0,60,6.666666666666667
13,673,2005,3.0,85,3.5294117647058822
13,673,2006,8.0,83,9.63855421686747
13,673,2007,5.0,67,7.462686567164178
13,673,2008,2.0,63,3.1746031746031744
13,673,2009,3.0,61,4.918032786885246
13,673,2010,2.0,48,4.166666666666666
13,673,2011,1.0,29,3.4482758620689653
13,673,2012,2.0,16,12.5
13,673,2013,2.0,30,6.666666666666667
13,673,2014,3.0,27,11.11111111111111
13,673,2015,1.0,25,4.0
13,673,2016,4.0,30,13.333333333333334
13,673,2017,0.0,25,0.0
13,673,2018,1.0,16,6.25
13,673,2019,0.0,16,0.0
13,673,2020,1.0,35,2.857142857142857
13,673,2021,1.0,30,3.3333333333333335
13,673,2022,3.0,11,27.27272727272727
13,673,2023,0.0,8,0.0
13,673,2024,0.0,7,0.0
13,683,1998,2.0,30,6.666666666666667
13,683,1999,0.0,19,0.0
13,683,2000,3.0,89,3.3707865168539324
13,683,2001,5.0,159,3.1446540880503147
13,683,2002,1.0,142,0.7042253521126761
13,683,2003,7.0,124,5.64516129032258
13,683,2004,6.0,138,4.3478260869565215
13,683,2005,3.0,116,2.586206896551724
13,683,2006,1.0,47,2.127659574468085
13,683,2007,1.0,51,1.9607843137254901
13,683,2008,4.0,68,5.88235294117647
13,683,2009,3.0,75,4.0
13,683,2010,4.0,55,7.2727272727272725
13,683,2011,3.0,48,6.25
13,683,2012,1.0,43,2.3255813953488373
13,683,2013,3.0,41,7.317073170731707
13,683,2014,0.0,25,0.0
13,683,2015,1.0,25,4.0
13,683,2016,0.0,23,0.0
13,683,2017,0.0,31,0.0
13,683,2018,4.0,41,9.75609756097561
13,683,2019,2.0,38,5.263157894736842
13,683,2020,2.0,43,4.651162790697675
13,683,2021,0.0,40,0.0
13,683,2022,0.0,10,0.0
13,683,2023,2.0,17,11.76470588235294
13,683,2024,0.0,12,0.0
13,688,1998,3.0,89,3.3707865168539324
13,688,1999,12.0,181,6.629834254143646
13,688,2000,11.0,307,3.5830618892508146
13,688,2001,10.0,297,3.3670033670033668
13,688,2002,10.0,253,3.9525691699604746
13,688,2003,12.0,331,3.625377643504532
13,688,2004,15.0,478,3.1380753138075312
13,688,2005,18.0,547,3.2906764168190126
13,688,2006,8.0,492,1.6260162601626018
13,688,2007,14.0,452,3.0973451327433628
13,688,2008,7.0,295,2.3728813559322033
13,688,2009,12.0,412,2.912621359223301
13,688,2010,8.0,316,2.5316455696202533
13,688,2011,8.0,325,2.4615384615384617
13,688,2012,6.0,298,2.013422818791946
13,688,2013,11.0,332,3.313253012048193
13,688,2014,8.0,319,2.507836990595611
13,688,2015,8.0,315,2.5396825396825395
13,688,2016,4.0,249,1.6064257028112447
13,688,2017,7.0,154,4.545454545454546
13,688,2018,4.0,186,2.1505376344086025
13,688,2019,6.0,155,3.870967741935484
13,688,2020,6.0,129,4.651162790697675
13,688,2021,7.0,170,4.117647058823529
13,688,2022,2.0,111,1.8018018018018018
13,688,2023,6.0,59,10.16949152542373
13,688,2024,3.0,64,4.6875
13,74,1999,17.0,184,9.239130434782608
13,74,2000,8.0,147,5.442176870748299
13,74,2001,8.0,68,11.76470588235294
13,74,2002,4.0,120,3.3333333333333335
13,74,2003,3.0,122,2.459016393442623
13,74,2004,8.0,135,5.9259259259259265
13,74,2005,1.0,145,0.6896551724137931
13,74,2006,2.0,120,1.6666666666666667
13,74,2007,3.0,81,3.7037037037037033
13,74,2012,7.0,117,5.982905982905983
13,74,2013,2.0,109,1.834862385321101
13,744,1998,5.0,85,5.88235294117647
13,744,1999,5.0,103,4.854368932038835
13,744,2000,9.0,194,4.639175257731959
13,744,2001,13.0,233,5.579399141630901
13,744,2002,14.0,249,5.622489959839357
13,744,2003,22.0,407,5.405405405405405
13,744,2004,24.0,403,5.955334987593052
13,744,2005,31.0,431,7.192575406032482
13,744,2006,26.0,509,5.1080550098231825
13,744,2007,10.0,264,3.787878787878788
13,744,2008,17.0,449,3.78619153674833
13,744,2009,10.0,484,2.066115702479339
13,744,2010,27.0,587,4.599659284497445
13,744,2011,12.0,662,1.812688821752266
13,744,2012,20.0,826,2.4213075060532687
13,744,2013,16.0,703,2.275960170697013
13,744,2014,13.0,564,2.304964539007092
13,744,2015,12.0,453,2.6490066225165565
13,744,2016,9.0,323,2.786377708978328
13,744,2017,14.0,1030,1.3592233009708738
13,744,2018,27.0,1073,2.516309412861137
13,744,2019,20.0,1173,1.7050298380221656
13,744,2020,34.0,1228,2.768729641693811
13,744,2021,25.0,1358,1.8409425625920472
13,744,2022,40.0,1265,3.1620553359683794
13,744,2023,36.0,1062,3.389830508474576
13,744,2024,19.0,753,2.5232403718459495
13,760,1998,1.0,84,1.1904761904761905
13,760,1999,1.0,59,1.694915254237288
13,760,2000,3.0,73,4.10958904109589
13,760,2001,5.0,50,10.0
13,760,2002,3.0,31,9.67741935483871
13,760,2003,2.0,51,3.9215686274509802
13,760,2004,1.0,44,2.272727272727273
13,760,2005,3.0,65,4.615384615384616
13,760,2006,1.0,44,2.272727272727273
13,760,2007,0.0,17,0.0
13,760,2008,0.0,26,0.0
13,760,2009,0.0,29,0.0
13,760,2010,2.0,32,6.25
13,760,2011,1.0,15,6.666666666666667
13,760,2012,0.0,15,0.0
13,760,2013,0.0,13,0.0
13,760,2014,1.0,11,9.090909090909092
13,760,2015,0.0,11,0.0
13,760,2016,0.0,5,0.0
13,760,2017,0.0,9,0.0
13,760,2018,0.0,4,0.0
13,760,2019,1.0,8,12.5
13,760,2020,0.0,4,0.0
13,760,2021,0.0,2,0.0
13,760,2022,0.0,7,0.0
13,760,2023,0.0,5,0.0
13,760,2024,0.0,1,0.0
13,780,1998,8.0,77,10.38961038961039
13,780,1999,7.0,80,8.75
13,780,2000,9.0,161,5.590062111801243
13,780,2001,7.0,116,6.0344827586206895
13,780,2002,4.0,162,2.4691358024691357
13,780,2003,4.0,145,2.7586206896551726
13,780,2004,10.0,164,6.097560975609756
13,780,2005,8.0,157,5.095541401273886
13,780,2006,4.0,134,2.9850746268656714
13,780,2007,5.0,149,3.3557046979865772
13,780,2008,5.0,143,3.4965034965034967
13,780,2009,6.0,131,4.580152671755725
13,780,2010,2.0,106,1.8867924528301887
13,780,2011,4.0,147,2.7210884353741496
13,780,2012,3.0,130,2.307692307692308
13,780,2013,6.0,104,5.769230769230769
13,780,2014,0.0,88,0.0
13,780,2015,3.0,60,5.0
13,780,2016,2.0,55,3.6363636363636362
13,780,2017,2.0,57,3.508771929824561
13,780,2018,1.0,40,2.5
13,780,2019,2.0,38,5.263157894736842
13,780,2020,0.0,32,0.0
13,780,2021,0.0,25,0.0
13,780,2022,1.0,21,4.761904761904762
13,780,2023,0.0,7,0.0
13,780,2024,0.0,4,0.0
13,810,1998,1.0,14,7.142857142857142
13,810,1999,4.0,69,5.797101449275362
13,810,2000,8.0,107,7.476635514018691
13,810,2001,2.0,95,2.1052631578947367
13,810,2002,6.0,131,4.580152671755725
13,810,2003,6.0,174,3.4482758620689653
13,810,2004,13.0,165,7.878787878787878
13,810,2005,8.0,162,4.938271604938271
13,810,2006,4.0,111,3.6036036036036037
13,810,2007,13.0,96,13.541666666666666
13,810,2008,10.0,140,7.142857142857142
13,810,2009,5.0,171,2.923976608187134
13,810,2010,3.0,88,3.4090909090909087
13,810,2011,7.0,194,3.608247422680412
13,810,2012,13.0,216,6.018518518518518
13,810,2013,15.0,226,6.637168141592921
13,810,2014,8.0,207,3.864734299516908
13,810,2015,6.0,162,3.7037037037037033
13,810,2016,5.0,140,3.571428571428571
13,810,2017,8.0,133,6.015037593984962
13,810,2018,4.0,128,3.125
13,810,2019,6.0,88,6.8181818181818175
13,810,2020,4.0,117,3.418803418803419
13,810,2021,3.0,94,3.1914893617021276
13,810,2022,4.0,76,5.263157894736842
13,810,2023,4.0,39,10.256410256410255
13,810,2024,2.0,12,16.666666666666664
13,836,1998,8.0,267,2.9962546816479403
13,836,1999,7.0,328,2.1341463414634148
13,836,2000,9.0,296,3.040540540540541
13,836,2001,4.0,215,1.8604651162790697
13,836,2002,6.0,258,2.3255813953488373
13,836,2003,10.0,295,3.389830508474576
13,836,2004,2.0,132,1.5151515151515151
13,836,2005,13.0,281,4.6263345195729535
13,836,2006,4.0,217,1.8433179723502304
13,836,2007,8.0,191,4.18848167539267
13,836,2008,5.0,172,2.9069767441860463
13,836,2009,5.0,219,2.28310502283105
13,836,2010,3.0,171,1.7543859649122806
13,836,2011,2.0,152,1.3157894736842104
13,836,2012,2.0,110,1.8181818181818181
13,836,2013,1.0,48,2.083333333333333
13,836,2014,1.0,44,2.272727272727273
13,836,2015,2.0,44,4.545454545454546
13,836,2016,3.0,29,10.344827586206897
13,836,2017,0.0,34,0.0
13,836,2018,1.0,19,5.263157894736842
13,836,2019,2.0,40,5.0
13,836,2020,1.0,55,1.8181818181818181
13,836,2021,3.0,73,4.10958904109589
13,836,2022,2.0,40,5.0
13,836,2023,3.0,32,9.375
13,836,2024,1.0,23,4.3478260869565215
13,838,1998,4.0,67,5.970149253731343
13,838,1999,1.0,10,10.0
13,838,2000,2.0,72,2.7777777777777777
13,838,2001,5.0,115,4.3478260869565215
13,838,2002,2.0,107,1.8691588785046727
13,838,2003,3.0,57,5.263157894736842
13,838,2004,0.0,58,0.0
13,838,2005,4.0,101,3.9603960396039604
13,838,2006,0.0,68,0.0
13,838,2007,2.0,74,2.7027027027027026
13,838,2008,0.0,20,0.0
13,838,2009,1.0,55,1.8181818181818181
13,838,2010,3.0,37,8.108108108108109
13,838,2011,2.0,33,6.0606060606060606
13,838,2012,1.0,31,3.225806451612903
13,838,2013,2.0,39,5.128205128205128
13,838,2014,0.0,24,0.0
13,838,2015,1.0,23,4.3478260869565215
13,838,2016,0.0,7,0.0
13,838,2017,0.0,14,0.0
13,838,2018,1.0,10,10.0
13,838,2019,0.0,3,0.0
13,838,2020,0.0,2,0.0
13,838,2021,1.0,5,20.0
13,838,2022,1.0,11,9.090909090909092
13,838,2023,0.0,2,0.0
13,838,2024,0.0,2,0.0
13,873,1998,4.0,93,4.301075268817205
13,873,1999,5.0,73,6.8493150684931505
13,873,2000,4.0,88,4.545454545454546
13,873,2001,2.0,110,1.8181818181818181
13,873,2002,1.0,92,1.0869565217391304
13,873,2003,1.0,56,1.7857142857142856
13,873,2004,2.0,108,1.8518518518518516
13,873,2005,1.0,138,0.7246376811594203
13,873,2006,4.0,119,3.361344537815126
13,873,2007,4.0,109,3.669724770642202
13,873,2008,6.0,98,6.122448979591836
13,873,2009,0.0,94,0.0
13,873,2010,4.0,73,5.47945205479452
13,873,2011,4.0,57,7.017543859649122
13,873,2012,1.0,30,3.3333333333333335
13,873,2013,1.0,15,6.666666666666667
13,873,2014,0.0,11,0.0
13,873,2015,2.0,11,18.181818181818183
13,873,2016,1.0,17,5.88235294117647
13,873,2017,1.0,15,6.666666666666667
13,873,2019,0.0,6,0.0
13,873,2020,0.0,12,0.0
13,873,2021,1.0,13,7.6923076923076925
13,873,2022,2.0,19,10.526315789473683
13,873,2023,1.0,6,16.666666666666664
13,873,2024,0.0,9,0.0
13,894,1998,6.0,153,3.9215686274509802
13,894,1999,10.0,152,6.578947368421052
13,894,2000,17.0,124,13.709677419354838
13,894,2001,6.0,107,5.607476635514018
13,894,2002,4.0,124,3.225806451612903
13,894,2003,9.0,100,9.0
13,894,2004,1.0,92,1.0869565217391304
13,894,2005,7.0,90,7.777777777777778
13,894,2006,5.0,101,4.9504950495049505
13,894,2007,1.0,71,1.4084507042253522
13,894,2008,3.0,77,3.896103896103896
13,894,2009,1.0,63,1.5873015873015872
13,894,2010,2.0,68,2.941176470588235
13,894,2011,2.0,56,3.571428571428571
13,894,2012,6.0,59,10.16949152542373
13,894,2013,1.0,55,1.8181818181818181
13,894,2014,2.0,21,9.523809523809524
13,894,2015,2.0,22,9.090909090909092
13,894,2016,0.0,12,0.0
13,894,2017,0.0,11,0.0
13,894,2018,0.0,7,0.0
13,894,2019,2.0,14,14.285714285714285
13,894,2020,1.0,25,4.0
13,894,2021,1.0,22,4.545454545454546
13,894,2022,1.0,10,10.0
13,894,2023,0.0,5,0.0
13,894,2024,0.0,6,0.0
13,001,2008,1752.0,20565,8.519328956965719
13,001,2009,2072.0,23776,8.714670255720055
13,001,2010,1758.0,20148,8.725431804645623
13,001,2011,2080.0,22837,9.108026448307571
13,001,2014,2028.0,24706,8.208532340322188
13,001,2015,2074.0,24264,8.547642598087702
13,001,2016,2178.0,23544,9.250764525993883
13,001,2017,2232.0,24822,8.992023205221175
13,001,2018,2165.0,24226,8.936679600429292
13,001,2019,2254.0,24302,9.274956793679532
13,001,2020,2144.0,22790,9.407634927599824
13,001,2021,2203.0,22893,9.623028873454768
13,001,2022,2202.0,21948,10.032804811372333
13,001,2023,2061.0,19895,10.35938678059814
13,001,2024,1687.0,16352,10.316780821917808
13,006,2008,6.0,170,3.5294117647058822
13,006,2009,8.0,159,5.031446540880504
13,006,2010,9.0,144,6.25
13,006,2011,11.0,151,7.28476821192053
13,006,2014,1.0,58,1.7241379310344827
13,006,2015,2.0,45,4.444444444444445
13,006,2016,6.0,59,10.16949152542373
13,006,2017,2.0,62,3.225806451612903
13,006,2018,2.0,42,4.761904761904762
13,006,2019,1.0,29,3.4482758620689653
13,006,2020,0.0,37,0.0
13,006,2021,1.0,45,2.2222222222222223
13,006,2022,4.0,43,9.30232558139535
13,006,2023,1.0,36,2.7777777777777777
13,006,2024,2.0,22,9.090909090909092
13,030,2008,3.0,78,3.8461538461538463
13,030,2009,4.0,114,3.508771929824561
13,030,2010,3.0,95,3.1578947368421053
13,030,2011,6.0,80,7.5
13,030,2014,0.0,39,0.0
13,030,2015,0.0,31,0.0
13,030,2016,1.0,31,3.225806451612903
13,030,2017,1.0,8,12.5
13,030,2018,0.0,10,0.0
13,030,2019,2.0,16,12.5
13,030,2020,3.0,21,14.285714285714285
13,030,2021,0.0,23,0.0
13,030,2022,1.0,22,4.545454545454546
13,030,2023,1.0,11,9.090909090909092
13,030,2024,1.0,17,5.88235294117647
13,042,2008,1.0,37,2.7027027027027026
13,042,2009,5.0,105,4.761904761904762
13,042,2010,6.0,94,6.382978723404255
13,042,2011,3.0,112,2.6785714285714284
13,042,2014,2.0,78,2.564102564102564
13,042,2015,2.0,60,3.3333333333333335
13,042,2016,0.0,58,0.0
13,042,2017,3.0,52,5.769230769230769
13,042,2018,0.0,59,0.0
13,042,2019,2.0,52,3.8461538461538463
13,042,2020,0.0,58,0.0
13,042,2021,5.0,55,9.090909090909092
13,042,2022,4.0,51,7.8431372549019605
13,042,2023,1.0,15,6.666666666666667
13,042,2024,0.0,13,0.0
13,052,2008,14.0,281,4.98220640569395
13,052,2009,3.0,232,1.293103448275862
13,052,2010,12.0,270,4.444444444444445
13,052,2011,7.0,246,2.8455284552845526
13,052,2014,8.0,207,3.864734299516908
13,052,2015,3.0,184,1.6304347826086956
13,052,2016,5.0,142,3.5211267605633805
13,052,2017,7.0,208,3.3653846153846154
13,052,2018,5.0,193,2.5906735751295336
13,052,2019,3.0,141,2.127659574468085
13,052,2020,9.0,193,4.66321243523316
13,052,2021,4.0,172,2.3255813953488373
13,052,2022,3.0,102,2.941176470588235
13,052,2023,5.0,62,8.064516129032258
13,052,2024,4.0,59,6.779661016949152
13,062,2008,2.0,35,5.714285714285714
13,062,2009,2.0,23,8.695652173913043
13,062,2010,2.0,27,7.4074074074074066
13,062,2011,0.0,25,0.0
13,062,2014,1.0,19,5.263157894736842
13,062,2015,0.0,21,0.0
13,062,2016,2.0,17,11.76470588235294
13,062,2017,1.0,15,6.666666666666667
13,062,2018,1.0,30,3.3333333333333335
13,062,2019,2.0,49,4.081632653061225
13,062,2020,1.0,33,3.0303030303030303
13,062,2021,1.0,38,2.631578947368421
13,062,2022,0.0,8,0.0
13,062,2023,4.0,15,26.666666666666668
13,062,2024,0.0,16,0.0
13,074,2008,2.0,109,1.834862385321101
13,074,2009,5.0,126,3.968253968253968
13,074,2010,2.0,88,2.272727272727273
13,074,2011,3.0,110,2.727272727272727
13,074,2014,2.0,103,1.9417475728155338
13,074,2015,3.0,87,3.4482758620689653
13,074,2016,1.0,50,2.0
13,074,2017,1.0,63,1.5873015873015872
13,074,2018,1.0,51,1.9607843137254901
13,074,2019,0.0,46,0.0
13,074,2020,5.0,41,12.195121951219512
13,074,2021,5.0,90,5.555555555555555
13,074,2022,3.0,71,4.225352112676056
13,074,2023,2.0,46,4.3478260869565215
13,074,2024,0.0,24,0.0
15,1,1998,464.0,4306,10.7756618671621
15,1,1999,460.0,4411,10.428474268873272
15,1,2000,395.0,4359,9.061711401697638
15,1,2001,418.0,4302,9.716410971641096
15,1,2002,434.0,4380,9.908675799086758
15,1,2003,410.0,4350,9.425287356321839
15,1,2004,613.0,4849,12.641781810682614
15,1,2005,711.0,5647,12.590756153709934
15,1,2006,718.0,5706,12.583245706274099
15,1,2007,762.0,6039,12.617983109786387
15,1,2012,877.0,5703,15.377871295809223
15,1,2013,803.0,5565,14.429469901168016
15,104,1998,0.0,16,0.0
15,104,1999,0.0,18,0.0
15,104,2000,0.0,15,0.0
15,104,2001,0.0,23,0.0
15,104,2002,0.0,8,0.0
15,104,2003,0.0,2,0.0
15,104,2004,0.0,3,0.0
15,104,2005,2.0,4,50.0
15,104,2006,0.0,1,0.0
15,104,2007,0.0,6,0.0
15,104,2008,0.0,5,0.0
15,104,2009,0.0,1,0.0
15,104,2010,0.0,5,0.0
15,104,2011,0.0,1,0.0
15,104,2013,0.0,2,0.0
15,104,2017,0.0,1,0.0
15,106,1998,1.0,20,5.0
15,106,1999,0.0,16,0.0
15,106,2000,1.0,19,5.263157894736842
15,106,2001,0.0,18,0.0
15,106,2002,1.0,19,5.263157894736842
15,106,2003,0.0,16,0.0
15,106,2004,5.0,23,21.73913043478261
15,106,2005,0.0,11,0.0
15,106,2006,3.0,22,13.636363636363635
15,106,2007,0.0,15,0.0
15,106,2008,0.0,5,0.0
15,106,2009,0.0,1,0.0
15,106,2010,0.0,1,0.0
15,106,2011,0.0,1,0.0
15,106,2012,0.0,1,0.0
15,106,2014,1.0,1,100.0
15,106,2019,0.0,1,0.0
15,109,1998,0.0,60,0.0
15,109,1999,1.0,62,1.6129032258064515
15,109,2000,0.0,52,0.0
15,109,2001,2.0,50,4.0
15,109,2002,2.0,67,2.9850746268656714
15,109,2003,2.0,65,3.076923076923077
15,109,2004,3.0,53,5.660377358490567
15,109,2005,4.0,52,7.6923076923076925
15,109,2006,0.0,30,0.0
15,109,2007,1.0,29,3.4482758620689653
15,109,2008,0.0,33,0.0
15,109,2009,5.0,34,14.705882352941178
15,109,2010,0.0,17,0.0
15,109,2011,0.0,5,0.0
15,109,2012,0.0,9,0.0
15,109,2013,0.0,4,0.0
15,109,2014,1.0,3,33.33333333333333
15,109,2015,0.0,2,0.0
15,109,2016,0.0,2,0.0
15,109,2017,0.0,1,0.0
15,109,2018,0.0,1,0.0
15,109,2019,0.0,4,0.0
15,109,2020,0.0,2,0.0
15,109,2021,1.0,2,50.0
15,109,2022,0.0,2,0.0
15,109,2024,1.0,1,100.0
15,114,1998,1.0,2,50.0
15,114,1999,0.0,1,0.0
15,114,2004,0.0,1,0.0
15,114,2005,0.0,1,0.0
15,114,2008,0.0,1,0.0
15,131,1998,0.0,1,0.0
15,131,2000,0.0,4,0.0
15,131,2001,0.0,3,0.0
15,131,2003,0.0,3,0.0
15,131,2004,0.0,1,0.0
15,131,2005,0.0,1,0.0
15,131,2007,0.0,1,0.0
15,131,2009,2.0,4,50.0
15,131,2010,0.0,1,0.0
15,131,2011,0.0,1,0.0
15,131,2012,0.0,2,0.0
15,131,2013,0.0,1,0.0
15,131,2022,0.0,1,0.0
15,131,2024,0.0,1,0.0
15,135,1998,0.0,2,0.0
15,135,1999,0.0,3,0.0
15,135,2000,0.0,4,0.0
15,135,2001,1.0,35,2.857142857142857
15,135,2002,0.0,26,0.0
15,135,2003,1.0,26,3.8461538461538463
15,135,2004,0.0,22,0.0
15,135,2005,2.0,30,6.666666666666667
15,135,2006,0.0,26,0.0
15,135,2007,1.0,14,7.142857142857142
15,135,2008,0.0,6,0.0
15,135,2009,3.0,4,75.0
15,135,2010,1.0,3,33.33333333333333
15,135,2012,0.0,1,0.0
15,135,2013,0.0,1,0.0
15,135,2014,0.0,6,0.0
15,135,2016,0.0,1,0.0
15,135,2017,1.0,2,50.0
15,135,2018,0.0,1,0.0
15,162,1998,0.0,1,0.0
15,162,1999,0.0,3,0.0
15,162,2000,0.0,6,0.0
15,162,2001,1.0,4,25.0
15,162,2004,0.0,1,0.0
15,162,2005,0.0,2,0.0
15,162,2008,0.0,1,0.0
15,172,1998,1.0,8,12.5
15,172,1999,0.0,20,0.0
15,172,2000,0.0,4,0.0
15,172,2001,0.0,9,0.0
15,172,2002,2.0,12,16.666666666666664
15,172,2003,0.0,9,0.0
15,172,2004,0.0,1,0.0
15,172,2005,0.0,4,0.0
15,172,2006,1.0,3,33.33333333333333
15,172,2007,1.0,2,50.0
15,172,2008,0.0,1,0.0
15,172,2010,0.0,2,0.0
15,172,2011,0.0,1,0.0
15,172,2018,0.0,1,0.0
15,172,2019,1.0,2,50.0
15,172,2020,0.0,1,0.0
15,172,2022,0.0,1,0.0
15,172,2024,0.0,2,0.0
15,176,1998,128.0,1591,8.045254556882464
15,176,1999,123.0,1695,7.256637168141593
15,176,2000,139.0,1879,7.397551889302821
15,176,2001,127.0,1734,7.324106113033449
15,176,2002,135.0,1722,7.8397212543554
15,176,2003,112.0,1569,7.138304652644997
15,176,2004,56.0,974,5.749486652977413
15,176,2005,95.0,1503,6.320691949434465
15,176,2006,91.0,1600,5.6875
15,176,2007,81.0,1726,4.692931633835458
15,176,2008,97.0,1689,5.743043220840734
15,176,2009,111.0,1717,6.46476412347117
15,176,2010,104.0,1681,6.186793575252826
15,176,2011,75.0,1657,4.526252263126131
15,176,2012,107.0,1637,6.536346976175931
15,176,2013,75.0,1521,4.930966469428008
15,176,2014,81.0,1499,5.403602401601067
15,176,2015,81.0,1411,5.740609496810772
15,176,2016,89.0,1533,5.805609915198956
15,176,2017,81.0,1424,5.688202247191011
15,176,2018,74.0,1238,5.977382875605816
15,176,2019,60.0,1240,4.838709677419355
15,176,2020,80.0,1328,6.024096385542169
15,176,2021,66.0,1141,5.784399649430324
15,176,2022,80.0,1142,7.005253940455342
15,176,2023,61.0,948,6.434599156118144
15,176,2024,32.0,814,3.9312039312039313
15,180,1998,4.0,42,9.523809523809524
15,180,1999,0.0,53,0.0
15,180,2000,2.0,47,4.25531914893617
15,180,2001,3.0,41,7.317073170731707
15,180,2002,5.0,32,15.625
15,180,2003,1.0,29,3.4482758620689653
15,180,2004,3.0,41,7.317073170731707
15,180,2005,4.0,41,9.75609756097561
15,180,2006,0.0,29,0.0
15,180,2007,4.0,24,16.666666666666664
15,180,2008,0.0,16,0.0
15,180,2009,0.0,9,0.0
15,180,2010,1.0,7,14.285714285714285
15,180,2011,1.0,8,12.5
15,180,2012,2.0,9,22.22222222222222
15,180,2013,0.0,5,0.0
15,180,2014,1.0,7,14.285714285714285
15,180,2016,1.0,2,50.0
15,180,2018,2.0,3,66.66666666666666
15,180,2020,0.0,2,0.0
15,180,2021,1.0,1,100.0
15,180,2022,0.0,3,0.0
15,180,2024,0.0,1,0.0
15,183,1998,8.0,103,7.766990291262135
15,183,1999,13.0,169,7.6923076923076925
15,183,2000,19.0,158,12.025316455696203
15,183,2001,4.0,82,4.878048780487805
15,183,2002,5.0,76,6.578947368421052
15,183,2003,5.0,106,4.716981132075472
15,183,2004,4.0,68,5.88235294117647
15,183,2005,9.0,81,11.11111111111111
15,183,2006,9.0,85,10.588235294117647
15,183,2007,4.0,85,4.705882352941177
15,183,2008,6.0,72,8.333333333333332
15,183,2009,3.0,61,4.918032786885246
15,183,2010,3.0,64,4.6875
15,183,2011,3.0,72,4.166666666666666
15,183,2012,4.0,72,5.555555555555555
15,183,2013,4.0,49,8.16326530612245
15,183,2014,4.0,26,15.384615384615385
15,183,2015,1.0,24,4.166666666666666
15,183,2016,7.0,35,20.0
15,183,2017,1.0,26,3.8461538461538463
15,183,2018,1.0,20,5.0
15,183,2019,4.0,21,19.047619047619047
15,183,2020,0.0,13,0.0
15,183,2021,0.0,10,0.0
15,183,2022,5.0,18,27.77777777777778
15,183,2023,2.0,8,25.0
15,183,2024,0.0,5,0.0
15,185,1998,0.0,17,0.0
15,185,1999,0.0,9,0.0
15,185,2000,1.0,9,11.11111111111111
15,185,2001,0.0,10,0.0
15,185,2002,0.0,10,0.0
15,185,2003,1.0,13,7.6923076923076925
15,185,2004,0.0,6,0.0
15,185,2005,1.0,13,7.6923076923076925
15,185,2006,0.0,5,0.0
15,185,2007,0.0,3,0.0
15,185,2008,1.0,7,14.285714285714285
15,185,2009,0.0,7,0.0
15,185,2010,1.0,4,25.0
15,185,2011,1.0,6,16.666666666666664
15,185,2012,1.0,8,12.5
15,185,2013,1.0,5,20.0
15,185,2014,0.0,2,0.0
15,185,2015,0.0,3,0.0
15,185,2016,0.0,3,0.0
15,185,2017,0.0,3,0.0
15,185,2018,1.0,1,100.0
15,185,2019,1.0,2,50.0
15,185,2020,0.0,6,0.0
15,185,2021,0.0,5,0.0
15,185,2022,1.0,2,50.0
15,185,2023,0.0,3,0.0
15,185,2024,1.0,3,33.33333333333333
15,187,1998,0.0,6,0.0
15,187,1999,0.0,4,0.0
15,187,2000,0.0,7,0.0
15,187,2001,0.0,3,0.0
15,187,2002,1.0,3,33.33333333333333
15,187,2003,0.0,3,0.0
15,187,2004,0.0,1,0.0
15,187,2006,0.0,1,0.0
15,187,2007,0.0,2,0.0
15,187,2010,1.0,2,50.0
15,189,1998,0.0,13,0.0
15,189,1999,0.0,4,0.0
15,189,2001,1.0,2,50.0
15,189,2002,0.0,1,0.0
15,189,2005,0.0,2,0.0
15,189,2006,0.0,1,0.0
15,189,2015,0.0,1,0.0
15,189,2016,1.0,1,100.0
15,204,1998,0.0,5,0.0
15,204,2000,1.0,3,33.33333333333333
15,204,2001,0.0,9,0.0
15,204,2002,5.0,21,23.809523809523807
15,204,2003,2.0,25,8.0
15,204,2004,0.0,13,0.0
15,204,2005,1.0,12,8.333333333333332
15,204,2006,1.0,7,14.285714285714285
15,204,2007,0.0,3,0.0
15,204,2008,2.0,3,66.66666666666666
15,204,2009,0.0,1,0.0
15,204,2010,0.0,3,0.0
15,204,2011,1.0,1,100.0
15,204,2013,1.0,1,100.0
15,204,2019,1.0,1,100.0
15,212,1998,1.0,47,2.127659574468085
15,212,1999,4.0,62,6.451612903225806
15,212,2000,1.0,44,2.272727272727273
15,212,2001,0.0,36,0.0
15,212,2002,1.0,38,2.631578947368421
15,212,2003,0.0,35,0.0
15,212,2004,0.0,37,0.0
15,212,2005,1.0,35,2.857142857142857
15,212,2006,0.0,12,0.0
15,212,2007,0.0,15,0.0
15,212,2008,0.0,18,0.0
15,212,2009,0.0,8,0.0
15,212,2010,0.0,11,0.0
15,212,2011,0.0,3,0.0
15,212,2012,0.0,7,0.0
15,212,2013,0.0,5,0.0
15,212,2014,1.0,2,50.0
15,212,2015,1.0,2,50.0
15,212,2016,1.0,3,33.33333333333333
15,212,2017,0.0,1,0.0
15,212,2018,1.0,2,50.0
15,212,2019,0.0,1,0.0
15,212,2024,0.0,1,0.0
15,215,1998,1.0,2,50.0
15,215,1999,0.0,2,0.0
15,215,2000,0.0,3,0.0
15,215,2004,1.0,1,100.0
15,215,2005,0.0,1,0.0
15,215,2010,0.0,1,0.0
15,215,2023,0.0,1,0.0
15,218,1998,1.0,2,50.0
15,218,1999,0.0,2,0.0
15,218,2000,1.0,10,10.0
15,218,2001,1.0,14,7.142857142857142
15,218,2002,0.0,16,0.0
15,218,2003,1.0,10,10.0
15,218,2004,0.0,9,0.0
15,218,2005,0.0,5,0.0
15,218,2006,0.0,2,0.0
15,218,2007,0.0,1,0.0
15,218,2008,1.0,4,25.0
15,218,2009,0.0,1,0.0
15,218,2011,0.0,3,0.0
15,218,2015,0.0,2,0.0
15,218,2016,0.0,1,0.0
15,218,2017,0.0,2,0.0
15,218,2018,0.0,1,0.0
15,218,2019,0.0,1,0.0
15,218,2020,0.0,1,0.0
15,218,2021,0.0,1,0.0
15,218,2024,0.0,1,0.0
15,22,1998,1.0,4,25.0
15,22,1999,2.0,7,28.57142857142857
15,22,2000,0.0,6,0.0
15,22,2001,0.0,2,0.0
15,22,2003,0.0,1,0.0
15,22,2004,0.0,1,0.0
15,22,2012,0.0,1,0.0
15,223,1998,7.0,139,5.0359712230215825
15,223,1999,10.0,123,8.130081300813007
15,223,2000,2.0,107,1.8691588785046727
15,223,2001,6.0,97,6.185567010309279
15,223,2002,7.0,76,9.210526315789473
15,223,2003,4.0,94,4.25531914893617
15,223,2004,2.0,94,2.127659574468085
15,223,2005,1.0,73,1.36986301369863
15,223,2006,5.0,78,6.41025641025641
15,223,2007,10.0,103,9.70873786407767
15,223,2008,1.0,68,1.4705882352941175
15,223,2009,2.0,68,2.941176470588235
15,223,2010,3.0,87,3.4482758620689653
15,223,2011,2.0,77,2.5974025974025974
15,223,2012,4.0,66,6.0606060606060606
15,223,2013,2.0,71,2.8169014084507045
15,223,2014,2.0,75,2.666666666666667
15,223,2015,2.0,77,2.5974025974025974
15,223,2016,4.0,62,6.451612903225806
15,223,2017,5.0,67,7.462686567164178
15,223,2018,4.0,86,4.651162790697675
15,223,2019,7.0,84,8.333333333333332
15,223,2020,5.0,82,6.097560975609756
15,223,2021,8.0,100,8.0
15,223,2022,7.0,79,8.860759493670885
15,223,2023,2.0,68,2.941176470588235
15,223,2024,3.0,59,5.084745762711865
15,224,1998,0.0,2,0.0
15,224,1999,0.0,6,0.0
15,224,2000,0.0,4,0.0
15,224,2001,0.0,1,0.0
15,224,2002,0.0,3,0.0
15,224,2003,0.0,1,0.0
15,224,2004,0.0,1,0.0
15,224,2005,0.0,2,0.0
15,224,2006,0.0,1,0.0
15,224,2008,0.0,3,0.0
15,224,2010,1.0,1,100.0
15,224,2011,0.0,1,0.0
15,224,2012,0.0,3,0.0
15,224,2017,1.0,2,50.0
15,224,2021,0.0,1,0.0
15,224,2023,1.0,1,100.0
15,226,1999,0.0,1,0.0
15,226,2001,1.0,5,20.0
15,226,2003,0.0,1,0.0
15,226,2006,0.0,3,0.0
15,226,2007,0.0,2,0.0
15,226,2008,0.0,1,0.0
15,226,2009,0.0,1,0.0
15,232,1998,0.0,10,0.0
15,232,1999,1.0,4,25.0
15,232,2005,1.0,2,50.0
15,232,2006,0.0,6,0.0
15,232,2009,1.0,3,33.33333333333333
15,232,2012,0.0,2,0.0
15,232,2013,0.0,1,0.0
15,232,2015,0.0,2,0.0
15,232,2022,0.0,1,0.0
15,232,2023,1.0,1,100.0
15,236,1998,1.0,9,11.11111111111111
15,236,1999,0.0,6,0.0
15,236,2000,0.0,1,0.0
15,236,2002,0.0,1,0.0
15,236,2003,0.0,1,0.0
15,236,2004,0.0,2,0.0
15,236,2005,0.0,2,0.0
15,236,2006,0.0,2,0.0
15,236,2007,0.0,1,0.0
15,236,2008,0.0,1,0.0
15,236,2009,0.0,1,0.0
15,236,2010,0.0,1,0.0
15,236,2016,0.0,1,0.0
15,236,2018,0.0,1,0.0
15,236,2019,0.0,1,0.0
15,236,2021,1.0,1,100.0
15,236,2024,0.0,1,0.0
15,238,1998,139.0,2170,6.405529953917051
15,238,1999,167.0,2609,6.400919892679187
15,238,2000,248.0,2820,8.794326241134751
15,238,2001,234.0,2786,8.399138549892319
15,238,2002,216.0,2723,7.932427469702534
15,238,2003,199.0,2793,7.124955245255997
15,238,2004,187.0,2669,7.006369426751593
15,238,2005,167.0,2584,6.462848297213622
15,238,2006,177.0,2645,6.691871455576559
15,238,2007,165.0,2668,6.184407796101949
15,238,2008,204.0,2894,7.049067035245335
15,238,2009,158.0,2791,5.661053385883196
15,238,2010,163.0,2687,6.066244882768887
15,238,2011,129.0,2511,5.137395459976105
15,238,2012,118.0,2570,4.591439688715954
15,238,2013,106.0,2504,4.233226837060703
15,238,2014,120.0,2508,4.784688995215311
15,238,2015,108.0,2357,4.582095884599067
15,238,2016,128.0,2281,5.6115738711091625
15,238,2017,102.0,2153,4.737575476079889
15,238,2018,97.0,2053,4.72479298587433
15,238,2019,115.0,2107,5.457997152349312
15,238,2020,105.0,2018,5.2031714568880085
15,238,2021,91.0,1963,4.635761589403973
15,238,2022,109.0,1848,5.8982683982683985
15,238,2023,118.0,1920,6.145833333333333
15,238,2024,81.0,1625,4.984615384615385
15,244,1998,9.0,105,8.571428571428571
15,244,1999,9.0,111,8.108108108108109
15,244,2000,6.0,107,5.607476635514018
15,244,2001,11.0,135,8.148148148148149
15,244,2002,15.0,140,10.714285714285714
15,244,2003,15.0,142,10.56338028169014
15,244,2004,10.0,134,7.462686567164178
15,244,2005,4.0,82,4.878048780487805
15,244,2006,6.0,103,5.825242718446602
15,244,2007,8.0,94,8.51063829787234
15,244,2008,5.0,100,5.0
15,244,2009,9.0,65,13.846153846153847
15,244,2010,19.0,115,16.52173913043478
15,244,2011,10.0,89,11.235955056179774
15,244,2012,8.0,65,12.307692307692308
15,244,2013,4.0,51,7.8431372549019605
15,244,2014,2.0,39,5.128205128205128
15,244,2015,3.0,30,10.0
15,244,2016,2.0,25,8.0
15,244,2017,2.0,35,5.714285714285714
15,244,2018,3.0,29,10.344827586206897
15,244,2019,2.0,26,7.6923076923076925
15,244,2020,1.0,23,4.3478260869565215
15,244,2021,1.0,20,5.0
15,244,2022,2.0,14,14.285714285714285
15,244,2023,1.0,16,6.25
15,244,2024,0.0,4,0.0
15,248,1998,0.0,4,0.0
15,248,1999,0.0,2,0.0
15,248,2000,0.0,1,0.0
15,248,2001,0.0,15,0.0
15,248,2002,2.0,6,33.33333333333333
15,248,2003,0.0,4,0.0
15,248,2004,0.0,13,0.0
15,248,2005,4.0,26,15.384615384615385
15,248,2006,2.0,17,11.76470588235294
15,248,2007,1.0,10,10.0
15,248,2008,0.0,6,0.0
15,248,2010,0.0,2,0.0
15,248,2011,0.0,2,0.0
15,248,2012,1.0,5,20.0
15,248,2013,0.0,3,0.0
15,248,2014,0.0,1,0.0
15,248,2016,0.0,1,0.0
15,248,2017,0.0,1,0.0
15,248,2018,1.0,4,25.0
15,248,2019,0.0,1,0.0
15,272,1998,0.0,3,0.0
15,272,2002,0.0,1,0.0
15,272,2004,0.0,1,0.0
15,272,2005,0.0,1,0.0
15,272,2010,0.0,1,0.0
15,276,1998,1.0,4,25.0
15,276,1999,0.0,5,0.0
15,276,2001,0.0,2,0.0
15,276,2003,0.0,1,0.0
15,276,2004,0.0,1,0.0
15,276,2006,0.0,1,0.0
15,276,2007,0.0,2,0.0
15,276,2012,1.0,1,100.0
15,276,2014,0.0,1,0.0
15,276,2015,1.0,1,100.0
15,276,2018,0.0,1,0.0
15,293,1998,0.0,6,0.0
15,293,1999,0.0,9,0.0
15,293,2000,0.0,12,0.0
15,293,2001,2.0,2,100.0
15,293,2002,1.0,6,16.666666666666664
15,293,2003,1.0,12,8.333333333333332
15,293,2004,0.0,11,0.0
15,293,2005,0.0,12,0.0
15,293,2006,1.0,4,25.0
15,293,2007,0.0,7,0.0
15,293,2008,1.0,5,20.0
15,293,2009,0.0,1,0.0
15,293,2010,0.0,3,0.0
15,293,2011,0.0,4,0.0
15,293,2012,0.0,2,0.0
15,293,2015,0.0,1,0.0
15,293,2016,0.0,2,0.0
15,293,2017,0.0,1,0.0
15,293,2018,0.0,1,0.0
15,296,1998,0.0,3,0.0
15,296,1999,1.0,7,14.285714285714285
15,296,2000,0.0,1,0.0
15,296,2001,2.0,3,66.66666666666666
15,296,2002,2.0,3,66.66666666666666
15,296,2003,0.0,3,0.0
15,296,2004,0.0,6,0.0
15,296,2005,1.0,5,20.0
15,296,2006,1.0,5,20.0
15,296,2007,1.0,2,50.0
15,296,2009,1.0,3,33.33333333333333
15,296,2010,0.0,1,0.0
15,296,2011,0.0,3,0.0
15,296,2012,0.0,7,0.0
15,296,2013,1.0,4,25.0
15,296,2014,1.0,1,100.0
15,296,2020,0.0,1,0.0
15,299,1998,21.0,596,3.523489932885906
15,299,1999,24.0,583,4.1166380789022305
15,299,2000,19.0,519,3.6608863198458574
15,299,2001,12.0,525,2.2857142857142856
15,299,2002,24.0,532,4.511278195488721
15,299,2003,19.0,499,3.807615230460922
15,299,2004,25.0,525,4.761904761904762
15,299,2005,17.0,446,3.811659192825112
15,299,2006,10.0,413,2.4213075060532687
15,299,2007,23.0,479,4.801670146137787
15,299,2008,18.0,429,4.195804195804196
15,299,2009,7.0,310,2.258064516129032
15,299,2010,29.0,438,6.621004566210045
15,299,2011,12.0,403,2.977667493796526
15,299,2012,14.0,384,3.6458333333333335
15,299,2013,10.0,362,2.7624309392265194
15,299,2014,15.0,326,4.601226993865031
15,299,2015,4.0,300,1.3333333333333335
15,299,2016,10.0,302,3.3112582781456954
15,299,2017,7.0,292,2.3972602739726026
15,299,2018,10.0,281,3.558718861209965
15,299,2019,5.0,256,1.953125
15,299,2020,8.0,274,2.9197080291970803
15,299,2021,9.0,188,4.787234042553192
15,299,2022,3.0,176,1.7045454545454544
15,299,2023,3.0,151,1.9867549668874174
15,299,2024,3.0,141,2.127659574468085
15,317,2000,0.0,2,0.0
15,317,2001,2.0,4,50.0
15,317,2002,0.0,1,0.0
15,317,2003,1.0,2,50.0
15,317,2004,0.0,1,0.0
15,317,2005,1.0,4,25.0
15,317,2008,0.0,1,0.0
15,317,2023,0.0,1,0.0
15,322,1998,32.0,517,6.189555125725339
15,322,1999,33.0,496,6.653225806451612
15,322,2000,30.0,498,6.024096385542169
15,322,2001,34.0,508,6.692913385826772
15,322,2002,17.0,452,3.761061946902655
15,322,2003,27.0,397,6.801007556675064
15,322,2004,15.0,350,4.285714285714286
15,322,2005,17.0,348,4.885057471264368
15,322,2006,12.0,335,3.582089552238806
15,322,2007,9.0,255,3.5294117647058822
15,322,2008,16.0,362,4.41988950276243
15,322,2009,15.0,350,4.285714285714286
15,322,2010,16.0,291,5.498281786941581
15,322,2011,15.0,287,5.2264808362369335
15,322,2012,18.0,290,6.206896551724138
15,322,2013,11.0,295,3.728813559322034
15,322,2014,5.0,236,2.11864406779661
15,322,2015,6.0,265,2.2641509433962264
15,322,2016,10.0,269,3.717472118959108
15,322,2017,12.0,285,4.2105263157894735
15,322,2018,5.0,249,2.0080321285140563
15,322,2019,9.0,252,3.571428571428571
15,322,2020,6.0,263,2.2813688212927756
15,322,2021,6.0,239,2.510460251046025
15,322,2022,2.0,200,1.0
15,322,2023,6.0,174,3.4482758620689653
15,322,2024,4.0,136,2.941176470588235
15,325,1998,1.0,32,3.125
15,325,1999,1.0,36,2.7777777777777777
15,325,2000,3.0,37,8.108108108108109
15,325,2001,2.0,30,6.666666666666667
15,325,2002,2.0,28,7.142857142857142
15,325,2003,0.0,25,0.0
15,325,2004,1.0,29,3.4482758620689653
15,325,2005,0.0,5,0.0
15,325,2006,0.0,6,0.0
15,325,2007,0.0,1,0.0
15,325,2008,0.0,6,0.0
15,325,2009,1.0,7,14.285714285714285
15,325,2010,1.0,4,25.0
15,325,2011,0.0,1,0.0
15,325,2012,1.0,1,100.0
15,325,2014,0.0,1,0.0
15,325,2020,0.0,1,0.0
15,325,2023,0.0,1,0.0
15,332,1998,8.0,120,6.666666666666667
15,332,1999,11.0,123,8.94308943089431
15,332,2000,15.0,107,14.018691588785046
15,332,2001,10.0,104,9.615384615384617
15,332,2002,4.0,89,4.49438202247191
15,332,2003,9.0,118,7.627118644067797
15,332,2004,14.0,101,13.861386138613863
15,332,2005,8.0,103,7.766990291262135
15,332,2006,6.0,98,6.122448979591836
15,332,2007,6.0,80,7.5
15,332,2008,5.0,86,5.813953488372093
15,332,2009,1.0,70,1.4285714285714286
15,332,2010,6.0,60,10.0
15,332,2011,2.0,25,8.0
15,332,2012,7.0,36,19.444444444444446
15,332,2013,1.0,30,3.3333333333333335
15,332,2014,3.0,32,9.375
15,332,2015,2.0,45,4.444444444444445
15,332,2016,1.0,49,2.0408163265306123
15,332,2017,3.0,37,8.108108108108109
15,332,2018,6.0,41,14.634146341463413
15,332,2019,2.0,41,4.878048780487805
15,332,2020,6.0,47,12.76595744680851
15,332,2021,3.0,51,5.88235294117647
15,332,2022,0.0,50,0.0
15,332,2023,1.0,26,3.8461538461538463
15,332,2024,1.0,10,10.0
15,367,1998,2.0,65,3.076923076923077
15,367,1999,3.0,98,3.061224489795918
15,367,2000,4.0,53,7.547169811320755
15,367,2001,1.0,45,2.2222222222222223
15,367,2002,2.0,22,9.090909090909092
15,367,2003,1.0,17,5.88235294117647
15,367,2004,0.0,33,0.0
15,367,2005,2.0,31,6.451612903225806
15,367,2006,1.0,30,3.3333333333333335
15,367,2007,1.0,13,7.6923076923076925
15,367,2008,0.0,1,0.0
15,367,2009,1.0,3,33.33333333333333
15,367,2010,0.0,2,0.0
15,367,2011,0.0,2,0.0
15,367,2012,1.0,4,25.0
15,367,2013,1.0,4,25.0
15,367,2014,0.0,2,0.0
15,367,2015,1.0,3,33.33333333333333
15,367,2016,2.0,3,66.66666666666666
15,367,2017,0.0,3,0.0
15,367,2020,0.0,1,0.0
15,367,2022,0.0,1,0.0
15,368,1998,3.0,32,9.375
15,368,1999,7.0,30,23.333333333333332
15,368,2000,5.0,44,11.363636363636363
15,368,2001,2.0,39,5.128205128205128
15,368,2002,5.0,47,10.638297872340425
15,368,2003,3.0,44,6.8181818181818175
15,368,2004,4.0,41,9.75609756097561
15,368,2005,6.0,62,9.67741935483871
15,368,2006,4.0,44,9.090909090909092
15,368,2007,1.0,38,2.631578947368421
15,368,2008,0.0,25,0.0
15,368,2009,2.0,16,12.5
15,368,2010,0.0,11,0.0
15,368,2011,0.0,23,0.0
15,368,2012,0.0,8,0.0
15,368,2013,0.0,4,0.0
15,368,2014,0.0,3,0.0
15,368,2015,0.0,1,0.0
15,368,2016,0.0,5,0.0
15,368,2017,1.0,3,33.33333333333333
15,368,2018,0.0,2,0.0
15,368,2020,0.0,2,0.0
15,368,2021,0.0,1,0.0
15,368,2023,0.0,1,0.0
15,368,2024,0.0,1,0.0
15,377,1998,2.0,25,8.0
15,377,1999,2.0,31,6.451612903225806
15,377,2000,1.0,23,4.3478260869565215
15,377,2001,3.0,16,18.75
15,377,2002,0.0,17,0.0
15,377,2003,3.0,24,12.5
15,377,2004,0.0,18,0.0
15,377,2005,0.0,29,0.0
15,377,2006,0.0,13,0.0
15,377,2007,1.0,20,5.0
15,377,2008,1.0,20,5.0
15,377,2009,0.0,16,0.0
15,377,2010,1.0,25,4.0
15,377,2011,0.0,18,0.0
15,377,2012,0.0,12,0.0
15,377,2013,0.0,7,0.0
15,377,2014,2.0,9,22.22222222222222
15,377,2015,2.0,5,40.0
15,377,2016,0.0,13,0.0
15,377,2017,0.0,11,0.0
15,377,2018,0.0,3,0.0
15,377,2019,0.0,4,0.0
15,377,2020,0.0,9,0.0
15,377,2021,0.0,5,0.0
15,377,2022,0.0,5,0.0
15,377,2023,1.0,2,50.0
15,377,2024,1.0,1,100.0
15,380,1998,0.0,1,0.0
15,380,1999,1.0,2,50.0
15,380,2000,0.0,1,0.0
15,380,2001,0.0,1,0.0
15,380,2002,0.0,1,0.0
15,380,2004,0.0,1,0.0
15,380,2006,0.0,1,0.0
15,380,2013,0.0,1,0.0
15,401,1998,0.0,8,0.0
15,401,1999,1.0,16,6.25
15,401,2000,1.0,12,8.333333333333332
15,401,2001,0.0,11,0.0
15,401,2002,0.0,13,0.0
15,401,2003,0.0,5,0.0
15,401,2004,0.0,11,0.0
15,401,2005,1.0,10,10.0
15,401,2006,0.0,13,0.0
15,401,2007,0.0,8,0.0
15,401,2008,2.0,4,50.0
15,401,2009,0.0,6,0.0
15,401,2011,0.0,2,0.0
15,401,2012,0.0,1,0.0
15,401,2013,0.0,2,0.0
15,401,2022,1.0,1,100.0
15,403,1998,3.0,56,5.357142857142857
15,403,1999,2.0,34,5.88235294117647
15,403,2000,4.0,33,12.121212121212121
15,403,2001,1.0,21,4.761904761904762
15,403,2002,6.0,27,22.22222222222222
15,403,2003,3.0,44,6.8181818181818175
15,403,2004,2.0,29,6.896551724137931
15,403,2005,3.0,36,8.333333333333332
15,403,2006,0.0,33,0.0
15,403,2007,2.0,24,8.333333333333332
15,403,2008,0.0,21,0.0
15,403,2009,2.0,5,40.0
15,403,2010,2.0,4,50.0
15,403,2011,0.0,3,0.0
15,403,2012,1.0,6,16.666666666666664
15,403,2013,0.0,2,0.0
15,403,2014,1.0,2,50.0
15,403,2015,1.0,2,50.0
15,403,2016,0.0,1,0.0
15,403,2017,0.0,1,0.0
15,403,2018,0.0,2,0.0
15,403,2019,1.0,1,100.0
15,403,2021,1.0,2,50.0
15,403,2022,0.0,2,0.0
15,407,1998,30.0,292,10.273972602739725
15,407,1999,31.0,288,10.76388888888889
15,407,2000,40.0,341,11.730205278592376
15,407,2001,42.0,300,14.000000000000002
15,407,2002,21.0,236,8.898305084745763
15,407,2003,29.0,286,10.13986013986014
15,407,2004,35.0,329,10.638297872340425
15,407,2005,23.0,256,8.984375
15,407,2006,25.0,226,11.061946902654867
15,407,2007,13.0,149,8.724832214765101
15,407,2008,7.0,116,6.0344827586206895
15,407,2009,9.0,128,7.03125
15,407,2010,13.0,95,13.684210526315791
15,407,2011,7.0,76,9.210526315789473
15,407,2012,10.0,103,9.70873786407767
15,407,2013,7.0,58,12.068965517241379
15,407,2014,2.0,78,2.564102564102564
15,407,2015,3.0,44,6.8181818181818175
15,407,2016,8.0,55,14.545454545454545
15,407,2017,2.0,38,5.263157894736842
15,407,2018,5.0,53,9.433962264150944
15,407,2019,2.0,46,4.3478260869565215
15,407,2020,2.0,76,2.631578947368421
15,407,2021,2.0,41,4.878048780487805
15,407,2022,2.0,18,11.11111111111111
15,407,2023,1.0,21,4.761904761904762
15,407,2024,0.0,18,0.0
15,425,1998,0.0,21,0.0
15,425,1999,0.0,25,0.0
15,425,2000,1.0,31,3.225806451612903
15,425,2001,0.0,23,0.0
15,425,2002,2.0,29,6.896551724137931
15,425,2003,1.0,22,4.545454545454546
15,425,2004,0.0,29,0.0
15,425,2005,0.0,23,0.0
15,425,2006,0.0,15,0.0
15,425,2007,0.0,18,0.0
15,425,2008,0.0,14,0.0
15,425,2009,2.0,20,10.0
15,425,2010,0.0,10,0.0
15,425,2011,0.0,5,0.0
15,425,2012,0.0,9,0.0
15,425,2013,0.0,4,0.0
15,425,2014,1.0,3,33.33333333333333
15,425,2016,1.0,4,25.0
15,425,2018,0.0,3,0.0
15,425,2020,0.0,1,0.0
15,425,2021,0.0,1,0.0
15,442,1998,1.0,45,2.2222222222222223
15,442,1999,0.0,32,0.0
15,442,2000,2.0,37,5.405405405405405
15,442,2001,1.0,35,2.857142857142857
15,442,2002,3.0,51,5.88235294117647
15,442,2003,3.0,53,5.660377358490567
15,442,2004,5.0,82,6.097560975609756
15,442,2005,3.0,74,4.054054054054054
15,442,2006,1.0,49,2.0408163265306123
15,442,2007,2.0,53,3.7735849056603774
15,442,2008,4.0,46,8.695652173913043
15,442,2009,1.0,58,1.7241379310344827
15,442,2010,2.0,41,4.878048780487805
15,442,2011,0.0,26,0.0
15,442,2012,3.0,25,12.0
15,442,2013,0.0,21,0.0
15,442,2014,1.0,15,6.666666666666667
15,442,2015,0.0,9,0.0
15,442,2016,0.0,3,0.0
15,442,2017,0.0,5,0.0
15,442,2018,0.0,13,0.0
15,442,2019,0.0,5,0.0
15,442,2020,1.0,11,9.090909090909092
15,442,2021,0.0,3,0.0
15,442,2022,0.0,2,0.0
15,442,2023,0.0,3,0.0
15,442,2024,0.0,2,0.0
15,455,1998,9.0,362,2.4861878453038675
15,455,1999,17.0,369,4.607046070460704
15,455,2000,16.0,393,4.071246819338422
15,455,2001,10.0,366,2.73224043715847
15,455,2002,18.0,355,5.070422535211268
15,455,2003,13.0,293,4.436860068259386
15,455,2004,19.0,304,6.25
15,455,2005,13.0,271,4.797047970479705
15,455,2006,8.0,330,2.4242424242424243
15,455,2007,14.0,285,4.912280701754386
15,455,2008,12.0,268,4.477611940298507
15,455,2009,14.0,280,5.0
15,455,2010,9.0,228,3.9473684210526314
15,455,2011,8.0,238,3.361344537815126
15,455,2012,12.0,277,4.332129963898916
15,455,2013,4.0,195,2.051282051282051
15,455,2014,4.0,188,2.127659574468085
15,455,2015,2.0,165,1.2121212121212122
15,455,2016,13.0,161,8.074534161490684
15,455,2017,5.0,152,3.289473684210526
15,455,2018,6.0,171,3.508771929824561
15,455,2019,5.0,117,4.273504273504273
15,455,2020,2.0,164,1.2195121951219512
15,455,2021,4.0,152,2.631578947368421
15,455,2022,4.0,161,2.484472049689441
15,455,2023,2.0,117,1.7094017094017095
15,455,2024,3.0,120,2.5
15,464,1998,0.0,12,0.0
15,464,1999,0.0,5,0.0
15,464,2000,0.0,6,0.0
15,464,2001,0.0,2,0.0
15,464,2002,1.0,12,8.333333333333332
15,464,2003,0.0,3,0.0
15,464,2004,0.0,1,0.0
15,464,2005,0.0,3,0.0
15,464,2006,0.0,4,0.0
15,464,2007,2.0,10,20.0
15,464,2008,1.0,5,20.0
15,464,2009,1.0,3,33.33333333333333
15,464,2010,1.0,7,14.285714285714285
15,464,2011,0.0,1,0.0
15,464,2012,0.0,2,0.0
15,464,2013,0.0,1,0.0
15,464,2014,1.0,1,100.0
15,464,2015,1.0,2,50.0
15,464,2017,0.0,1,0.0
15,464,2018,0.0,1,0.0
15,464,2019,0.0,1,0.0
15,466,1998,3.0,22,13.636363636363635
15,466,1999,0.0,29,0.0
15,466,2000,1.0,25,4.0
15,466,2001,3.0,41,7.317073170731707
15,466,2002,2.0,50,4.0
15,466,2003,3.0,66,4.545454545454546
15,466,2004,2.0,70,2.857142857142857
15,466,2005,1.0,44,2.272727272727273
15,466,2006,2.0,35,5.714285714285714
15,466,2007,0.0,32,0.0
15,466,2008,1.0,34,2.941176470588235
15,466,2009,2.0,29,6.896551724137931
15,466,2010,2.0,30,6.666666666666667
15,466,2011,1.0,14,7.142857142857142
15,466,2012,0.0,13,0.0
15,466,2013,1.0,18,5.555555555555555
15,466,2014,0.0,6,0.0
15,466,2015,1.0,11,9.090909090909092
15,466,2016,0.0,7,0.0
15,466,2017,0.0,4,0.0
15,466,2018,1.0,7,14.285714285714285
15,466,2019,0.0,2,0.0
15,466,2020,1.0,8,12.5
15,466,2021,0.0,5,0.0
15,466,2022,1.0,4,25.0
15,466,2023,0.0,4,0.0
15,469,1998,35.0,868,4.032258064516129
15,469,1999,51.0,970,5.257731958762887
15,469,2000,52.0,975,5.333333333333334
15,469,2001,51.0,875,5.828571428571429
15,469,2002,53.0,859,6.169965075669383
15,469,2003,34.0,863,3.9397450753186556
15,469,2004,32.0,808,3.9603960396039604
15,469,2005,40.0,739,5.412719891745602
15,469,2006,23.0,646,3.560371517027864
15,469,2007,24.0,610,3.934426229508197
15,469,2008,23.0,702,3.276353276353276
15,469,2009,22.0,678,3.2448377581120944
15,469,2010,20.0,568,3.5211267605633805
15,469,2011,21.0,575,3.6521739130434785
15,469,2012,17.0,589,2.886247877758913
15,469,2013,24.0,626,3.8338658146964857
15,469,2014,21.0,668,3.143712574850299
15,469,2015,30.0,659,4.552352048558421
15,469,2016,24.0,718,3.3426183844011144
15,469,2017,18.0,575,3.130434782608696
15,469,2018,22.0,590,3.728813559322034
15,469,2019,23.0,657,3.50076103500761
15,469,2020,43.0,794,5.415617128463476
15,469,2021,44.0,876,5.0228310502283104
15,469,2022,44.0,830,5.301204819277109
15,469,2023,29.0,793,3.6569987389659517
15,469,2024,31.0,677,4.579025110782865
15,47,1998,14.0,198,7.07070707070707
15,47,1999,8.0,200,4.0
15,47,2000,5.0,193,2.5906735751295336
15,47,2001,11.0,177,6.214689265536723
15,47,2002,10.0,169,5.9171597633136095
15,47,2003,10.0,179,5.58659217877095
15,47,2004,16.0,189,8.465608465608465
15,47,2005,10.0,110,9.090909090909092
15,47,2006,8.0,145,5.517241379310345
15,47,2007,16.0,107,14.953271028037381
15,47,2012,3.0,58,5.172413793103448
15,47,2013,4.0,63,6.349206349206349
15,476,1999,0.0,1,0.0
15,476,2003,0.0,2,0.0
15,476,2008,1.0,1,100.0
15,476,2021,0.0,1,0.0
15,476,2023,0.0,1,0.0
15,480,1998,9.0,269,3.3457249070631967
15,480,1999,12.0,331,3.625377643504532
15,480,2000,12.0,290,4.137931034482759
15,480,2001,12.0,270,4.444444444444445
15,480,2002,6.0,211,2.843601895734597
15,480,2003,3.0,242,1.2396694214876034
15,480,2004,3.0,171,1.7543859649122806
15,480,2005,1.0,152,0.6578947368421052
15,480,2006,8.0,108,7.4074074074074066
15,480,2007,5.0,103,4.854368932038835
15,480,2008,0.0,71,0.0
15,480,2009,1.0,93,1.0752688172043012
15,480,2010,7.0,103,6.796116504854369
15,480,2011,2.0,53,3.7735849056603774
15,480,2012,3.0,53,5.660377358490567
15,480,2013,1.0,42,2.380952380952381
15,480,2014,0.0,31,0.0
15,480,2015,3.0,30,10.0
15,480,2016,1.0,30,3.3333333333333335
15,480,2017,1.0,26,3.8461538461538463
15,480,2018,1.0,16,6.25
15,480,2019,1.0,27,3.7037037037037033
15,480,2020,2.0,37,5.405405405405405
15,480,2021,0.0,31,0.0
15,480,2022,0.0,11,0.0
15,480,2023,0.0,5,0.0
15,480,2024,0.0,4,0.0
15,491,1998,0.0,2,0.0
15,491,1999,0.0,3,0.0
15,491,2001,0.0,1,0.0
15,491,2002,0.0,2,0.0
15,491,2010,0.0,1,0.0
15,491,2020,0.0,1,0.0
15,491,2024,0.0,1,0.0
15,494,1998,0.0,3,0.0
15,494,1999,0.0,2,0.0
15,494,2000,0.0,1,0.0
15,494,2002,1.0,4,25.0
15,494,2003,0.0,3,0.0
15,494,2004,0.0,4,0.0
15,494,2005,0.0,3,0.0
15,494,2006,0.0,4,0.0
15,494,2007,0.0,5,0.0
15,494,2008,0.0,3,0.0
15,494,2009,0.0,2,0.0
15,494,2010,0.0,3,0.0
15,494,2012,0.0,2,0.0
15,494,2013,2.0,3,66.66666666666666
15,494,2016,0.0,2,0.0
15,494,2020,0.0,1,0.0
15,494,2023,0.0,1,0.0
15,500,1998,0.0,2,0.0
15,500,1999,0.0,2,0.0
15,500,2001,0.0,1,0.0
15,500,2002,0.0,2,0.0
15,500,2003,0.0,1,0.0
15,500,2006,0.0,3,0.0
15,500,2007,0.0,1,0.0
15,500,2009,0.0,3,0.0
15,500,2022,0.0,1,0.0
15,507,1998,10.0,142,7.042253521126761
15,507,1999,3.0,142,2.112676056338028
15,507,2000,7.0,147,4.761904761904762
15,507,2001,4.0,144,2.7777777777777777
15,507,2002,1.0,130,0.7692307692307693
15,507,2003,5.0,133,3.7593984962406015
15,507,2004,7.0,178,3.932584269662921
15,507,2005,3.0,131,2.2900763358778624
15,507,2006,3.0,96,3.125
15,507,2007,1.0,99,1.0101010101010102
15,507,2008,0.0,80,0.0
15,507,2009,0.0,100,0.0
15,507,2010,1.0,85,1.1764705882352942
15,507,2011,1.0,60,1.6666666666666667
15,507,2012,2.0,57,3.508771929824561
15,507,2013,2.0,44,4.545454545454546
15,507,2014,1.0,37,2.7027027027027026
15,507,2015,0.0,31,0.0
15,507,2016,1.0,16,6.25
15,507,2017,0.0,30,0.0
15,507,2018,1.0,10,10.0
15,507,2019,2.0,14,14.285714285714285
15,507,2020,0.0,10,0.0
15,507,2021,0.0,17,0.0
15,507,2022,1.0,13,7.6923076923076925
15,507,2023,0.0,4,0.0
15,507,2024,0.0,6,0.0
15,51,1998,2.0,48,4.166666666666666
15,51,1999,5.0,54,9.25925925925926
15,51,2000,2.0,51,3.9215686274509802
15,51,2001,6.0,61,9.836065573770492
15,51,2002,1.0,34,2.941176470588235
15,51,2003,0.0,31,0.0
15,51,2004,0.0,16,0.0
15,51,2005,0.0,19,0.0
15,51,2006,0.0,5,0.0
15,51,2007,1.0,5,20.0
15,51,2012,1.0,4,25.0
15,51,2013,0.0,2,0.0
15,511,1998,0.0,4,0.0
15,511,1999,0.0,6,0.0
15,511,2000,0.0,3,0.0
15,511,2001,0.0,1,0.0
15,511,2002,0.0,4,0.0
15,511,2003,0.0,6,0.0
15,511,2004,0.0,1,0.0
15,511,2005,0.0,1,0.0
15,511,2006,1.0,1,100.0
15,511,2007,0.0,2,0.0
15,511,2008,0.0,1,0.0
15,511,2009,0.0,2,0.0
15,511,2010,0.0,3,0.0
15,511,2016,1.0,2,50.0
15,514,1998,0.0,21,0.0
15,514,1999,0.0,29,0.0
15,514,2000,1.0,22,4.545454545454546
15,514,2001,0.0,13,0.0
15,514,2002,0.0,10,0.0
15,514,2003,0.0,19,0.0
15,514,2004,0.0,21,0.0
15,514,2005,2.0,20,10.0
15,514,2006,0.0,8,0.0
15,514,2007,0.0,8,0.0
15,514,2008,0.0,5,0.0
15,514,2009,0.0,1,0.0
15,514,2010,0.0,4,0.0
15,514,2012,0.0,1,0.0
15,514,2013,0.0,2,0.0
15,514,2016,1.0,1,100.0
15,514,2018,0.0,1,0.0
15,514,2019,0.0,2,0.0
15,514,2021,0.0,1,0.0
15,516,1998,20.0,302,6.622516556291391
15,516,1999,24.0,328,7.317073170731707
15,516,2000,20.0,310,6.451612903225806
15,516,2001,15.0,328,4.573170731707317
15,516,2002,13.0,319,4.075235109717868
15,516,2003,10.0,292,3.4246575342465753
15,516,2004,11.0,282,3.900709219858156
15,516,2005,13.0,263,4.942965779467681
15,516,2006,8.0,214,3.7383177570093453
15,516,2007,7.0,157,4.45859872611465
15,516,2008,7.0,121,5.785123966942149
15,516,2009,4.0,110,3.6363636363636362
15,516,2010,6.0,68,8.823529411764707
15,516,2011,3.0,37,8.108108108108109
15,516,2012,2.0,38,5.263157894736842
15,516,2013,3.0,16,18.75
15,516,2014,2.0,11,18.181818181818183
15,516,2015,0.0,14,0.0
15,516,2016,1.0,5,20.0
15,516,2017,1.0,23,4.3478260869565215
15,516,2018,1.0,44,2.272727272727273
15,516,2019,4.0,25,16.0
15,516,2020,3.0,75,4.0
15,516,2021,2.0,26,7.6923076923076925
15,516,2022,0.0,4,0.0
15,516,2023,0.0,4,0.0
15,516,2024,0.0,4,0.0
15,518,1999,0.0,16,0.0
15,518,2000,0.0,9,0.0
15,518,2001,0.0,3,0.0
15,518,2002,0.0,2,0.0
15,518,2003,0.0,3,0.0
15,518,2004,0.0,1,0.0
15,518,2005,0.0,1,0.0
15,518,2006,0.0,1,0.0
15,518,2007,0.0,2,0.0
15,518,2009,0.0,1,0.0
15,518,2010,0.0,1,0.0
15,518,2012,0.0,1,0.0
15,518,2013,0.0,1,0.0
15,518,2014,0.0,1,0.0
15,518,2018,0.0,1,0.0
15,522,1998,0.0,5,0.0
15,522,1999,0.0,2,0.0
15,522,2005,0.0,1,0.0
15,522,2007,1.0,2,50.0
15,522,2008,1.0,1,100.0
15,522,2009,0.0,1,0.0
15,522,2015,0.0,1,0.0
15,522,2016,0.0,2,0.0
15,522,2022,0.0,2,0.0
15,531,1998,2.0,88,2.272727272727273
15,531,1999,3.0,93,3.225806451612903
15,531,2000,5.0,87,5.747126436781609
15,531,2001,0.0,88,0.0
15,531,2002,4.0,103,3.8834951456310676
15,531,2003,4.0,127,3.149606299212598
15,531,2004,3.0,139,2.158273381294964
15,531,2005,2.0,86,2.3255813953488373
15,531,2006,3.0,72,4.166666666666666
15,531,2007,1.0,78,1.282051282051282
15,531,2008,1.0,64,1.5625
15,531,2009,1.0,57,1.7543859649122806
15,531,2010,1.0,48,2.083333333333333
15,531,2011,1.0,43,2.3255813953488373
15,531,2012,0.0,37,0.0
15,531,2013,0.0,20,0.0
15,531,2014,0.0,16,0.0
15,531,2015,1.0,12,8.333333333333332
15,531,2016,0.0,9,0.0
15,531,2017,1.0,11,9.090909090909092
15,531,2018,0.0,3,0.0
15,531,2019,0.0,10,0.0
15,531,2020,0.0,15,0.0
15,531,2021,0.0,9,0.0
15,531,2022,0.0,15,0.0
15,531,2023,0.0,3,0.0
15,531,2024,1.0,4,25.0
15,533,1999,0.0,3,0.0
15,533,2000,0.0,4,0.0
15,533,2001,0.0,1,0.0
15,533,2002,0.0,9,0.0
15,533,2003,0.0,8,0.0
15,533,2004,0.0,6,0.0
15,533,2005,0.0,7,0.0
15,533,2006,0.0,3,0.0
15,533,2007,2.0,4,50.0
15,533,2008,0.0,6,0.0
15,533,2009,0.0,6,0.0
15,533,2010,0.0,10,0.0
15,533,2011,1.0,16,6.25
15,533,2012,0.0,3,0.0
15,533,2013,0.0,4,0.0
15,533,2014,0.0,2,0.0
15,533,2015,0.0,2,0.0
15,533,2017,0.0,3,0.0
15,533,2018,0.0,3,0.0
15,533,2019,0.0,1,0.0
15,533,2020,1.0,5,20.0
15,533,2021,1.0,10,10.0
15,533,2022,0.0,2,0.0
15,533,2023,0.0,2,0.0
15,537,1998,1.0,32,3.125
15,537,1999,0.0,12,0.0
15,537,2000,1.0,7,14.285714285714285
15,537,2001,1.0,8,12.5
15,537,2002,0.0,9,0.0
15,537,2003,0.0,11,0.0
15,537,2004,0.0,5,0.0
15,537,2006,0.0,3,0.0
15,537,2007,0.0,3,0.0
15,537,2008,0.0,5,0.0
15,537,2009,1.0,7,14.285714285714285
15,537,2010,2.0,7,28.57142857142857
15,537,2011,0.0,2,0.0
15,537,2012,0.0,3,0.0
15,537,2014,0.0,1,0.0
15,537,2015,0.0,1,0.0
15,537,2020,0.0,1,0.0
15,537,2023,1.0,1,100.0
15,537,2024,0.0,1,0.0
15,542,1998,0.0,8,0.0
15,542,1999,1.0,11,9.090909090909092
15,542,2000,0.0,8,0.0
15,542,2001,1.0,4,25.0
15,542,2002,0.0,2,0.0
15,542,2003,0.0,9,0.0
15,542,2004,1.0,14,7.142857142857142
15,542,2005,3.0,11,27.27272727272727
15,542,2006,0.0,3,0.0
15,542,2007,0.0,8,0.0
15,542,2008,1.0,9,11.11111111111111
15,542,2009,0.0,4,0.0
15,542,2010,0.0,7,0.0
15,542,2011,0.0,4,0.0
15,542,2012,0.0,2,0.0
15,542,2013,0.0,2,0.0
15,542,2014,0.0,3,0.0
15,542,2015,2.0,5,40.0
15,542,2016,0.0,1,0.0
15,542,2017,0.0,1,0.0
15,542,2019,0.0,1,0.0
15,542,2020,0.0,1,0.0
15,542,2021,1.0,2,50.0
15,550,1998,0.0,10,0.0
15,550,1999,1.0,9,11.11111111111111
15,550,2000,0.0,9,0.0
15,550,2001,0.0,4,0.0
15,550,2002,0.0,1,0.0
15,550,2003,0.0,3,0.0
15,550,2004,0.0,7,0.0
15,550,2005,0.0,12,0.0
15,550,2006,0.0,4,0.0
15,550,2007,0.0,13,0.0
15,550,2008,1.0,13,7.6923076923076925
15,550,2009,0.0,9,0.0
15,550,2010,0.0,3,0.0
15,550,2011,0.0,10,0.0
15,550,2012,0.0,8,0.0
15,550,2013,0.0,10,0.0
15,550,2014,0.0,10,0.0
15,550,2015,0.0,4,0.0
15,550,2016,0.0,3,0.0
15,550,2017,1.0,10,10.0
15,550,2018,1.0,9,11.11111111111111
15,550,2019,0.0,7,0.0
15,550,2020,0.0,3,0.0
15,550,2021,0.0,5,0.0
15,550,2023,1.0,3,33.33333333333333
15,550,2024,0.0,2,0.0
15,572,1998,60.0,812,7.389162561576355
15,572,1999,59.0,880,6.704545454545455
15,572,2000,65.0,865,7.514450867052023
15,572,2001,45.0,851,5.287896592244419
15,572,2002,52.0,917,5.670665212649945
15,572,2003,36.0,914,3.938730853391685
15,572,2004,33.0,909,3.6303630363036308
15,572,2005,40.0,910,4.395604395604396
15,572,2006,35.0,895,3.910614525139665
15,572,2007,37.0,847,4.368358913813459
15,572,2008,46.0,956,4.811715481171548
15,572,2009,24.0,877,2.7366020524515395
15,572,2010,25.0,801,3.1210986267166043
15,572,2011,30.0,949,3.1612223393045316
15,572,2012,32.0,973,3.28879753340185
15,572,2013,33.0,873,3.7800687285223367
15,572,2014,36.0,868,4.147465437788019
15,572,2015,29.0,821,3.5322777101096223
15,572,2016,19.0,762,2.493438320209974
15,572,2017,33.0,783,4.21455938697318
15,572,2018,31.0,678,4.572271386430678
15,572,2019,36.0,662,5.438066465256798
15,572,2020,29.0,734,3.9509536784741144
15,572,2021,54.0,746,7.238605898123325
15,572,2022,35.0,674,5.192878338278932
15,572,2023,27.0,608,4.440789473684211
15,572,2024,22.0,496,4.435483870967742
15,580,1998,2.0,48,4.166666666666666
15,580,1999,1.0,31,3.225806451612903
15,580,2000,5.0,48,10.416666666666668
15,580,2001,1.0,64,1.5625
15,580,2002,0.0,67,0.0
15,580,2003,2.0,72,2.7777777777777777
15,580,2004,6.0,60,10.0
15,580,2005,1.0,71,1.4084507042253522
15,580,2006,1.0,34,2.941176470588235
15,580,2007,0.0,32,0.0
15,580,2008,0.0,4,0.0
15,580,2009,2.0,11,18.181818181818183
15,580,2010,0.0,32,0.0
15,580,2011,0.0,15,0.0
15,580,2012,2.0,18,11.11111111111111
15,580,2013,1.0,10,10.0
15,580,2014,0.0,9,0.0
15,580,2015,0.0,4,0.0
15,580,2016,1.0,14,7.142857142857142
15,580,2017,0.0,11,0.0
15,580,2018,1.0,5,20.0
15,580,2019,0.0,4,0.0
15,580,2020,0.0,8,0.0
15,580,2021,0.0,5,0.0
15,580,2022,0.0,5,0.0
15,599,1998,8.0,238,3.361344537815126
15,599,1999,8.0,249,3.2128514056224895
15,599,2000,7.0,273,2.564102564102564
15,599,2001,9.0,258,3.488372093023256
15,599,2002,8.0,260,3.076923076923077
15,599,2003,6.0,276,2.1739130434782608
15,599,2004,5.0,256,1.953125
15,599,2005,9.0,215,4.186046511627907
15,599,2006,10.0,150,6.666666666666667
15,599,2007,10.0,176,5.681818181818182
15,599,2008,8.0,143,5.594405594405594
15,599,2009,7.0,131,5.343511450381679
15,599,2010,5.0,116,4.310344827586207
15,599,2011,3.0,100,3.0
15,599,2012,12.0,108,11.11111111111111
15,599,2013,5.0,77,6.493506493506493
15,599,2014,3.0,72,4.166666666666666
15,599,2015,4.0,55,7.2727272727272725
15,599,2016,2.0,85,2.3529411764705883
15,599,2017,1.0,52,1.9230769230769231
15,599,2018,3.0,86,3.488372093023256
15,599,2019,2.0,64,3.125
15,599,2020,0.0,55,0.0
15,599,2021,2.0,51,3.9215686274509802
15,599,2022,2.0,48,4.166666666666666
15,599,2023,1.0,25,4.0
15,599,2024,0.0,15,0.0
15,600,1998,4.0,38,10.526315789473683
15,600,1999,1.0,55,1.8181818181818181
15,600,2000,1.0,36,2.7777777777777777
15,600,2001,0.0,44,0.0
15,600,2002,1.0,41,2.4390243902439024
15,600,2003,4.0,74,5.405405405405405
15,600,2004,2.0,47,4.25531914893617
15,600,2005,3.0,44,6.8181818181818175
15,600,2006,1.0,38,2.631578947368421
15,600,2007,0.0,3,0.0
15,600,2008,0.0,9,0.0
15,600,2009,1.0,9,11.11111111111111
15,600,2010,1.0,8,12.5
15,600,2011,0.0,8,0.0
15,600,2012,0.0,4,0.0
15,600,2013,0.0,2,0.0
15,600,2014,0.0,3,0.0
15,600,2015,0.0,3,0.0
15,600,2016,0.0,3,0.0
15,600,2017,0.0,1,0.0
15,600,2019,0.0,2,0.0
15,600,2020,0.0,5,0.0
15,600,2021,0.0,3,0.0
15,600,2022,1.0,4,25.0
15,600,2023,0.0,3,0.0
15,600,2024,0.0,2,0.0
15,621,1998,1.0,7,14.285714285714285
15,621,1999,0.0,11,0.0
15,621,2000,0.0,13,0.0
15,621,2001,0.0,1,0.0
15,621,2002,0.0,2,0.0
15,621,2004,0.0,1,0.0
15,621,2005,0.0,1,0.0
15,621,2006,0.0,4,0.0
15,621,2007,0.0,2,0.0
15,621,2009,0.0,1,0.0
15,621,2010,0.0,1,0.0
15,621,2013,0.0,1,0.0
15,621,2014,0.0,1,0.0
15,621,2016,0.0,2,0.0
15,621,2020,0.0,3,0.0
15,621,2024,0.0,1,0.0
15,632,1998,2.0,49,4.081632653061225
15,632,1999,3.0,28,10.714285714285714
15,632,2000,2.0,29,6.896551724137931
15,632,2001,1.0,18,5.555555555555555
15,632,2002,0.0,1,0.0
15,632,2003,2.0,45,4.444444444444445
15,632,2004,5.0,76,6.578947368421052
15,632,2005,2.0,49,4.081632653061225
15,632,2006,6.0,52,11.538461538461538
15,632,2007,2.0,10,20.0
15,632,2008,1.0,2,50.0
15,632,2009,1.0,5,20.0
15,632,2011,0.0,3,0.0
15,632,2012,2.0,2,100.0
15,632,2013,0.0,1,0.0
15,632,2014,0.0,5,0.0
15,632,2015,0.0,2,0.0
15,632,2016,0.0,3,0.0
15,632,2017,0.0,1,0.0
15,632,2018,0.0,1,0.0
15,632,2019,0.0,2,0.0
15,632,2020,1.0,2,50.0
15,632,2021,0.0,3,0.0
15,632,2023,0.0,1,0.0
15,632,2024,0.0,2,0.0
15,638,1999,0.0,1,0.0
15,638,2000,0.0,1,0.0
15,638,2001,0.0,1,0.0
15,638,2003,1.0,2,50.0
15,638,2004,1.0,7,14.285714285714285
15,638,2005,0.0,1,0.0
15,638,2007,1.0,9,11.11111111111111
15,638,2008,0.0,3,0.0
15,638,2009,0.0,1,0.0
15,638,2011,0.0,1,0.0
15,638,2012,0.0,2,0.0
15,638,2013,0.0,3,0.0
15,638,2014,0.0,1,0.0
15,638,2020,0.0,1,0.0
15,638,2021,0.0,2,0.0
15,638,2022,1.0,2,50.0
15,646,1998,22.0,371,5.929919137466308
15,646,1999,37.0,425,8.705882352941176
15,646,2000,25.0,344,7.267441860465117
15,646,2001,24.0,326,7.361963190184049
15,646,2002,18.0,277,6.4981949458483745
15,646,2003,13.0,318,4.088050314465408
15,646,2004,14.0,280,5.0
15,646,2005,16.0,283,5.6537102473498235
15,646,2006,11.0,255,4.313725490196078
15,646,2007,9.0,190,4.736842105263158
15,646,2008,7.0,178,3.932584269662921
15,646,2009,6.0,126,4.761904761904762
15,646,2010,3.0,119,2.5210084033613445
15,646,2011,7.0,102,6.862745098039216
15,646,2012,2.0,84,2.380952380952381
15,646,2013,5.0,103,4.854368932038835
15,646,2014,3.0,68,4.411764705882353
15,646,2015,3.0,31,9.67741935483871
15,646,2016,2.0,30,6.666666666666667
15,646,2017,2.0,31,6.451612903225806
15,646,2018,2.0,35,5.714285714285714
15,646,2019,1.0,33,3.0303030303030303
15,646,2020,4.0,52,7.6923076923076925
15,646,2021,0.0,23,0.0
15,646,2022,1.0,9,11.11111111111111
15,646,2023,2.0,21,9.523809523809524
15,646,2024,3.0,6,50.0
15,660,1998,0.0,11,0.0
15,660,1999,0.0,27,0.0
15,660,2000,2.0,16,12.5
15,660,2001,0.0,10,0.0
15,660,2002,0.0,3,0.0
15,660,2003,0.0,7,0.0
15,660,2004,0.0,8,0.0
15,660,2005,0.0,6,0.0
15,660,2006,0.0,5,0.0
15,660,2007,0.0,3,0.0
15,660,2014,0.0,1,0.0
15,664,1998,1.0,7,14.285714285714285
15,664,2000,0.0,1,0.0
15,664,2001,0.0,1,0.0
15,664,2002,1.0,2,50.0
15,664,2003,0.0,18,0.0
15,664,2004,1.0,6,16.666666666666664
15,664,2005,1.0,7,14.285714285714285
15,664,2006,0.0,3,0.0
15,664,2007,0.0,6,0.0
15,664,2008,0.0,4,0.0
15,664,2009,1.0,4,25.0
15,664,2010,0.0,5,0.0
15,664,2011,0.0,1,0.0
15,664,2012,0.0,3,0.0
15,664,2013,1.0,3,33.33333333333333
15,664,2014,0.0,1,0.0
15,664,2015,0.0,3,0.0
15,664,2017,1.0,1,100.0
15,664,2020,0.0,1,0.0
15,664,2021,1.0,2,50.0
15,664,2022,0.0,1,0.0
15,667,1998,3.0,117,2.564102564102564
15,667,1999,5.0,146,3.4246575342465753
15,667,2000,8.0,162,4.938271604938271
15,667,2001,2.0,162,1.2345679012345678
15,667,2002,5.0,98,5.1020408163265305
15,667,2003,2.0,94,2.127659574468085
15,667,2004,1.0,80,1.25
15,667,2005,4.0,69,5.797101449275362
15,667,2006,0.0,51,0.0
15,667,2007,0.0,58,0.0
15,667,2008,2.0,45,4.444444444444445
15,667,2009,1.0,42,2.380952380952381
15,667,2010,0.0,30,0.0
15,667,2011,1.0,37,2.7027027027027026
15,667,2012,2.0,28,7.142857142857142
15,667,2013,1.0,22,4.545454545454546
15,667,2014,0.0,35,0.0
15,667,2015,1.0,13,7.6923076923076925
15,667,2016,0.0,11,0.0
15,667,2017,0.0,7,0.0
15,667,2018,0.0,3,0.0
15,667,2019,0.0,13,0.0
15,667,2020,0.0,14,0.0
15,667,2021,0.0,4,0.0
15,667,2022,0.0,3,0.0
15,667,2023,0.0,5,0.0
15,667,2024,0.0,7,0.0
15,673,1998,0.0,15,0.0
15,673,1999,2.0,26,7.6923076923076925
15,673,2000,2.0,27,7.4074074074074066
15,673,2001,1.0,17,5.88235294117647
15,673,2002,2.0,29,6.896551724137931
15,673,2003,0.0,13,0.0
15,673,2004,1.0,18,5.555555555555555
15,673,2005,1.0,13,7.6923076923076925
15,673,2006,0.0,11,0.0
15,673,2007,0.0,11,0.0
15,673,2008,0.0,9,0.0
15,673,2009,1.0,5,20.0
15,673,2010,0.0,12,0.0
15,673,2011,1.0,3,33.33333333333333
15,673,2012,0.0,3,0.0
15,673,2013,0.0,3,0.0
15,673,2014,0.0,1,0.0
15,673,2016,0.0,2,0.0
15,673,2017,1.0,2,50.0
15,673,2018,0.0,2,0.0
15,673,2019,0.0,2,0.0
15,673,2020,0.0,2,0.0
15,673,2021,0.0,1,0.0
15,673,2022,0.0,2,0.0
15,673,2023,0.0,1,0.0
15,676,1998,1.0,8,12.5
15,676,1999,1.0,6,16.666666666666664
15,676,2000,0.0,2,0.0
15,676,2001,0.0,16,0.0
15,676,2002,0.0,16,0.0
15,676,2003,0.0,14,0.0
15,676,2004,1.0,17,5.88235294117647
15,676,2005,2.0,22,9.090909090909092
15,676,2006,2.0,13,15.384615384615385
15,676,2007,1.0,7,14.285714285714285
15,676,2008,0.0,4,0.0
15,676,2009,0.0,1,0.0
15,676,2011,0.0,1,0.0
15,676,2012,0.0,1,0.0
15,676,2013,0.0,1,0.0
15,676,2015,1.0,4,25.0
15,676,2016,0.0,1,0.0
15,676,2017,0.0,2,0.0
15,676,2018,0.0,1,0.0
15,676,2019,0.0,1,0.0
15,681,1998,0.0,15,0.0
15,681,1999,2.0,12,16.666666666666664
15,681,2000,1.0,23,4.3478260869565215
15,681,2001,2.0,20,10.0
15,681,2002,1.0,20,5.0
15,681,2003,2.0,15,13.333333333333334
15,681,2004,1.0,51,1.9607843137254901
15,681,2005,6.0,88,6.8181818181818175
15,681,2006,4.0,95,4.2105263157894735
15,681,2007,2.0,67,2.9850746268656714
15,681,2008,3.0,40,7.5
15,681,2009,1.0,24,4.166666666666666
15,681,2010,1.0,12,8.333333333333332
15,681,2011,0.0,13,0.0
15,681,2012,0.0,8,0.0
15,681,2013,1.0,10,10.0
15,681,2014,1.0,9,11.11111111111111
15,681,2015,0.0,4,0.0
15,681,2016,0.0,1,0.0
15,681,2017,1.0,3,33.33333333333333
15,681,2018,0.0,3,0.0
15,681,2019,1.0,1,100.0
15,681,2020,0.0,3,0.0
15,681,2021,0.0,2,0.0
15,686,1998,0.0,24,0.0
15,686,1999,1.0,22,4.545454545454546
15,686,2000,0.0,18,0.0
15,686,2001,1.0,17,5.88235294117647
15,686,2002,1.0,15,6.666666666666667
15,686,2003,0.0,6,0.0
15,686,2004,0.0,11,0.0
15,686,2005,0.0,10,0.0
15,686,2006,0.0,20,0.0
15,686,2007,0.0,11,0.0
15,686,2008,0.0,3,0.0
15,686,2009,0.0,7,0.0
15,686,2010,1.0,12,8.333333333333332
15,686,2011,0.0,2,0.0
15,686,2012,0.0,3,0.0
15,686,2013,0.0,2,0.0
15,686,2014,1.0,2,50.0
15,686,2015,0.0,1,0.0
15,686,2016,0.0,1,0.0
15,686,2017,0.0,4,0.0
15,686,2019,0.0,2,0.0
15,686,2020,1.0,3,33.33333333333333
15,686,2021,1.0,2,50.0
15,686,2023,0.0,1,0.0
15,686,2024,0.0,4,0.0
15,690,1998,0.0,32,0.0
15,690,1999,1.0,71,1.4084507042253522
15,690,2000,1.0,56,1.7857142857142856
15,690,2001,1.0,33,3.0303030303030303
15,690,2002,2.0,38,5.263157894736842
15,690,2003,1.0,21,4.761904761904762
15,690,2004,0.0,17,0.0
15,690,2005,0.0,23,0.0
15,690,2006,0.0,13,0.0
15,690,2007,0.0,8,0.0
15,690,2008,0.0,5,0.0
15,690,2009,0.0,5,0.0
15,690,2010,0.0,3,0.0
15,690,2011,0.0,2,0.0
15,690,2012,0.0,2,0.0
15,690,2013,0.0,1,0.0
15,690,2014,0.0,2,0.0
15,690,2015,0.0,1,0.0
15,690,2024,0.0,1,0.0
15,693,1998,14.0,326,4.294478527607362
15,693,1999,20.0,365,5.47945205479452
15,693,2000,15.0,306,4.901960784313726
15,693,2001,12.0,240,5.0
15,693,2002,6.0,164,3.6585365853658534
15,693,2003,8.0,129,6.2015503875969
15,693,2004,5.0,162,3.0864197530864197
15,693,2005,1.0,47,2.127659574468085
15,693,2006,0.0,15,0.0
15,693,2007,1.0,5,20.0
15,693,2008,0.0,4,0.0
15,693,2009,0.0,3,0.0
15,693,2010,0.0,3,0.0
15,693,2011,0.0,2,0.0
15,693,2012,1.0,2,50.0
15,693,2013,0.0,1,0.0
15,693,2014,0.0,1,0.0
15,693,2015,0.0,3,0.0
15,693,2016,0.0,3,0.0
15,693,2018,0.0,1,0.0
15,693,2019,0.0,2,0.0
15,693,2020,0.0,3,0.0
15,696,1998,0.0,4,0.0
15,696,1999,1.0,12,8.333333333333332
15,696,2000,0.0,7,0.0
15,696,2001,1.0,15,6.666666666666667
15,696,2002,1.0,18,5.555555555555555
15,696,2003,1.0,17,5.88235294117647
15,696,2004,0.0,16,0.0
15,696,2005,2.0,13,15.384615384615385
15,696,2007,1.0,2,50.0
15,696,2008,1.0,3,33.33333333333333
15,696,2010,0.0,1,0.0
15,696,2011,0.0,2,0.0
15,696,2013,2.0,2,100.0
15,696,2014,0.0,2,0.0
15,696,2017,0.0,2,0.0
15,696,2019,0.0,1,0.0
15,696,2021,0.0,1,0.0
15,720,1998,2.0,34,5.88235294117647
15,720,1999,4.0,43,9.30232558139535
15,720,2000,5.0,47,10.638297872340425
15,720,2001,3.0,35,8.571428571428571
15,720,2002,4.0,27,14.814814814814813
15,720,2003,2.0,24,8.333333333333332
15,720,2004,2.0,25,8.0
15,720,2005,0.0,10,0.0
15,720,2006,0.0,9,0.0
15,720,2007,0.0,2,0.0
15,720,2008,0.0,2,0.0
15,720,2009,0.0,1,0.0
15,720,2010,0.0,1,0.0
15,720,2011,0.0,2,0.0
15,720,2012,1.0,1,100.0
15,720,2013,0.0,1,0.0
15,720,2018,0.0,1,0.0
15,720,2019,0.0,1,0.0
15,720,2020,0.0,1,0.0
15,720,2023,0.0,1,0.0
15,723,1998,0.0,2,0.0
15,723,1999,0.0,4,0.0
15,723,2000,0.0,7,0.0
15,723,2001,0.0,2,0.0
15,723,2002,4.0,16,25.0
15,723,2003,0.0,14,0.0
15,723,2004,1.0,13,7.6923076923076925
15,723,2005,0.0,9,0.0
15,723,2006,0.0,8,0.0
15,723,2007,0.0,5,0.0
15,723,2008,0.0,1,0.0
15,723,2009,0.0,4,0.0
15,723,2010,0.0,3,0.0
15,723,2014,0.0,1,0.0
15,723,2020,0.0,1,0.0
15,723,2021,0.0,1,0.0
15,740,1998,3.0,35,8.571428571428571
15,740,1999,1.0,53,1.8867924528301887
15,740,2000,0.0,63,0.0
15,740,2001,0.0,34,0.0
15,740,2002,2.0,21,9.523809523809524
15,740,2003,1.0,9,11.11111111111111
15,740,2004,0.0,11,0.0
15,740,2005,0.0,3,0.0
15,740,2006,0.0,1,0.0
15,740,2007,1.0,8,12.5
15,740,2008,6.0,9,66.66666666666666
15,740,2009,4.0,7,57.14285714285714
15,740,2010,3.0,8,37.5
15,740,2011,0.0,1,0.0
15,740,2012,2.0,5,40.0
15,740,2013,0.0,4,0.0
15,740,2014,0.0,3,0.0
15,740,2015,1.0,3,33.33333333333333
15,740,2016,0.0,2,0.0
15,740,2017,0.0,1,0.0
15,740,2018,1.0,2,50.0
15,740,2019,0.0,3,0.0
15,740,2020,0.0,2,0.0
15,740,2021,1.0,2,50.0
15,740,2022,0.0,2,0.0
15,740,2024,0.0,3,0.0
15,753,1998,28.0,391,7.161125319693094
15,753,1999,30.0,372,8.064516129032258
15,753,2000,37.0,447,8.277404921700224
15,753,2001,37.0,464,7.974137931034483
15,753,2002,46.0,453,10.154525386313466
15,753,2003,38.0,474,8.016877637130802
15,753,2004,51.0,457,11.159737417943107
15,753,2005,36.0,428,8.411214953271028
15,753,2006,58.0,503,11.530815109343937
15,753,2007,45.0,457,9.846827133479213
15,753,2008,49.0,424,11.556603773584905
15,753,2009,51.0,538,9.479553903345725
15,753,2010,61.0,496,12.298387096774194
15,753,2011,29.0,468,6.196581196581197
15,753,2012,22.0,507,4.339250493096647
15,753,2013,54.0,519,10.404624277456648
15,753,2014,33.0,494,6.680161943319838
15,753,2015,47.0,483,9.730848861283643
15,753,2016,32.0,418,7.655502392344498
15,753,2017,34.0,470,7.234042553191489
15,753,2018,33.0,410,8.048780487804878
15,753,2019,21.0,367,5.722070844686648
15,753,2020,33.0,428,7.710280373831775
15,753,2021,19.0,362,5.248618784530387
15,753,2022,16.0,328,4.878048780487805
15,753,2023,12.0,309,3.8834951456310676
15,753,2024,20.0,266,7.518796992481203
15,755,1998,3.0,36,8.333333333333332
15,755,1999,3.0,60,5.0
15,755,2000,6.0,52,11.538461538461538
15,755,2001,5.0,65,7.6923076923076925
15,755,2002,9.0,82,10.975609756097562
15,755,2003,13.0,75,17.333333333333336
15,755,2004,6.0,67,8.955223880597014
15,755,2005,9.0,106,8.49056603773585
15,755,2006,6.0,77,7.792207792207792
15,755,2007,9.0,72,12.5
15,755,2008,7.0,64,10.9375
15,755,2009,9.0,87,10.344827586206897
15,755,2010,9.0,68,13.23529411764706
15,755,2011,7.0,68,10.294117647058822
15,755,2012,7.0,59,11.864406779661017
15,755,2013,5.0,42,11.904761904761903
15,755,2014,2.0,31,6.451612903225806
15,755,2015,1.0,23,4.3478260869565215
15,755,2016,4.0,36,11.11111111111111
15,755,2017,4.0,22,18.181818181818183
15,755,2018,5.0,29,17.24137931034483
15,755,2019,3.0,20,15.0
15,755,2020,2.0,29,6.896551724137931
15,755,2021,2.0,24,8.333333333333332
15,755,2022,1.0,23,4.3478260869565215
15,755,2023,1.0,16,6.25
15,755,2024,2.0,12,16.666666666666664
15,757,1998,14.0,122,11.475409836065573
15,757,1999,6.0,104,5.769230769230769
15,757,2000,4.0,99,4.040404040404041
15,757,2001,8.0,114,7.017543859649122
15,757,2002,7.0,97,7.216494845360824
15,757,2003,7.0,86,8.13953488372093
15,757,2004,9.0,120,7.5
15,757,2005,5.0,101,4.9504950495049505
15,757,2006,5.0,100,5.0
15,757,2007,7.0,80,8.75
15,757,2008,1.0,60,1.6666666666666667
15,757,2009,2.0,66,3.0303030303030303
15,757,2010,2.0,60,3.3333333333333335
15,757,2011,2.0,52,3.8461538461538463
15,757,2012,3.0,53,5.660377358490567
15,757,2013,4.0,58,6.896551724137931
15,757,2014,2.0,40,5.0
15,757,2015,0.0,33,0.0
15,757,2016,0.0,22,0.0
15,757,2017,2.0,21,9.523809523809524
15,757,2018,1.0,25,4.0
15,757,2019,3.0,22,13.636363636363635
15,757,2020,7.0,33,21.21212121212121
15,757,2021,2.0,12,16.666666666666664
15,757,2022,3.0,31,9.67741935483871
15,757,2023,2.0,11,18.181818181818183
15,757,2024,1.0,21,4.761904761904762
15,759,1998,315.0,3926,8.02343352012226
15,759,1999,291.0,4022,7.235206364992541
15,759,2000,310.0,3713,8.349043899811473
15,759,2001,288.0,3778,7.623080995235575
15,759,2002,288.0,3534,8.149405772495756
15,759,2003,321.0,3442,9.325973271353865
15,759,2004,369.0,3750,9.84
15,759,2005,310.0,3379,9.174311926605505
15,759,2006,345.0,3578,9.642258244829515
15,759,2007,327.0,3479,9.399252658810003
15,759,2008,327.0,3438,9.511343804537521
15,759,2009,338.0,3422,9.877264757451783
15,759,2010,236.0,3106,7.598197037990985
15,759,2011,241.0,3021,7.977490897053956
15,759,2012,269.0,2996,8.97863818424566
15,759,2013,208.0,2933,7.091714967609955
15,759,2014,184.0,2888,6.3711911357340725
15,759,2015,188.0,2678,7.0201643017177
15,759,2016,148.0,2620,5.648854961832061
15,759,2017,108.0,2503,4.314822213343987
15,759,2018,131.0,2384,5.49496644295302
15,759,2019,98.0,2203,4.448479346345892
15,759,2020,107.0,2155,4.965197215777263
15,759,2021,217.0,2108,10.294117647058822
15,759,2022,232.0,2077,11.169956668271546
15,759,2023,191.0,1906,10.020986358866736
15,759,2024,170.0,1828,9.299781181619256
15,761,1998,0.0,6,0.0
15,761,1999,1.0,6,16.666666666666664
15,761,2000,0.0,3,0.0
15,761,2001,1.0,4,25.0
15,761,2002,1.0,3,33.33333333333333
15,761,2003,0.0,16,0.0
15,761,2004,0.0,16,0.0
15,761,2005,1.0,11,9.090909090909092
15,761,2006,0.0,3,0.0
15,761,2007,0.0,1,0.0
15,761,2020,0.0,1,0.0
15,762,1998,0.0,1,0.0
15,762,1999,0.0,3,0.0
15,762,2000,0.0,7,0.0
15,762,2001,2.0,11,18.181818181818183
15,762,2002,0.0,4,0.0
15,762,2003,1.0,6,16.666666666666664
15,762,2005,1.0,1,100.0
15,762,2008,1.0,2,50.0
15,762,2009,0.0,1,0.0
15,762,2018,0.0,1,0.0
15,762,2020,0.0,1,0.0
15,763,1998,0.0,7,0.0
15,763,1999,1.0,11,9.090909090909092
15,763,2000,1.0,23,4.3478260869565215
15,763,2001,1.0,5,20.0
15,763,2002,0.0,1,0.0
15,763,2003,3.0,5,60.0
15,763,2004,0.0,5,0.0
15,763,2005,2.0,7,28.57142857142857
15,763,2006,1.0,4,25.0
15,763,2007,0.0,4,0.0
15,763,2008,0.0,4,0.0
15,763,2009,0.0,5,0.0
15,763,2010,1.0,1,100.0
15,763,2011,0.0,1,0.0
15,763,2012,0.0,2,0.0
15,763,2013,0.0,2,0.0
15,763,2014,0.0,4,0.0
15,763,2015,0.0,3,0.0
15,763,2016,0.0,2,0.0
15,763,2017,0.0,5,0.0
15,763,2018,2.0,5,40.0
15,763,2019,0.0,1,0.0
15,763,2020,2.0,3,66.66666666666666
15,763,2021,0.0,9,0.0
15,763,2022,1.0,1,100.0
15,763,2023,0.0,1,0.0
15,763,2024,1.0,1,100.0
15,764,1998,2.0,11,18.181818181818183
15,764,1999,0.0,21,0.0
15,764,2000,1.0,21,4.761904761904762
15,764,2001,0.0,5,0.0
15,764,2002,1.0,2,50.0
15,764,2003,1.0,2,50.0
15,764,2004,0.0,6,0.0
15,764,2005,0.0,5,0.0
15,764,2006,0.0,1,0.0
15,764,2007,0.0,1,0.0
15,764,2008,0.0,2,0.0
15,764,2011,0.0,2,0.0
15,764,2012,0.0,1,0.0
15,764,2013,1.0,1,100.0
15,764,2015,0.0,2,0.0
15,764,2018,0.0,1,0.0
15,764,2023,0.0,1,0.0
15,764,2024,0.0,1,0.0
15,774,1998,0.0,4,0.0
15,774,1999,0.0,3,0.0
15,774,2001,0.0,3,0.0
15,774,2002,0.0,4,0.0
15,774,2003,1.0,3,33.33333333333333
15,774,2004,0.0,3,0.0
15,774,2005,2.0,5,40.0
15,774,2006,0.0,2,0.0
15,774,2007,0.0,4,0.0
15,774,2008,0.0,1,0.0
15,774,2009,0.0,1,0.0
15,774,2010,1.0,1,100.0
15,774,2011,1.0,3,33.33333333333333
15,774,2012,1.0,1,100.0
15,774,2013,0.0,1,0.0
15,774,2017,0.0,1,0.0
15,774,2020,0.0,1,0.0
15,774,2023,0.0,1,0.0
15,776,1998,1.0,3,33.33333333333333
15,776,1999,0.0,2,0.0
15,776,2000,0.0,8,0.0
15,776,2001,4.0,43,9.30232558139535
15,776,2002,2.0,24,8.333333333333332
15,776,2003,0.0,6,0.0
15,776,2004,0.0,9,0.0
15,776,2005,5.0,25,20.0
15,776,2006,0.0,7,0.0
15,776,2007,0.0,4,0.0
15,776,2008,2.0,6,33.33333333333333
15,776,2009,1.0,4,25.0
15,776,2010,0.0,1,0.0
15,776,2012,1.0,5,20.0
15,776,2013,1.0,2,50.0
15,776,2017,0.0,2,0.0
15,776,2018,0.0,1,0.0
15,776,2020,0.0,1,0.0
15,776,2021,0.0,1,0.0
15,776,2023,0.0,1,0.0
15,778,1998,0.0,4,0.0
15,778,1999,0.0,1,0.0
15,778,2000,0.0,5,0.0
15,778,2001,0.0,2,0.0
15,778,2002,0.0,2,0.0
15,778,2003,0.0,1,0.0
15,778,2007,0.0,2,0.0
15,778,2008,0.0,1,0.0
15,778,2014,0.0,1,0.0
15,778,2017,0.0,1,0.0
15,790,1998,2.0,25,8.0
15,790,1999,1.0,32,3.125
15,790,2000,0.0,16,0.0
15,790,2001,0.0,1,0.0
15,790,2002,0.0,5,0.0
15,790,2003,0.0,4,0.0
15,790,2004,1.0,6,16.666666666666664
15,790,2005,0.0,13,0.0
15,790,2006,1.0,7,14.285714285714285
15,790,2007,1.0,7,14.285714285714285
15,790,2008,1.0,4,25.0
15,790,2009,0.0,9,0.0
15,790,2010,0.0,12,0.0
15,790,2011,0.0,6,0.0
15,790,2012,1.0,4,25.0
15,790,2013,1.0,2,50.0
15,790,2014,0.0,2,0.0
15,790,2018,0.0,2,0.0
15,790,2019,0.0,1,0.0
15,790,2023,0.0,1,0.0
15,798,1998,7.0,63,11.11111111111111
15,798,1999,3.0,81,3.7037037037037033
15,798,2000,3.0,57,5.263157894736842
15,798,2001,6.0,67,8.955223880597014
15,798,2002,2.0,37,5.405405405405405
15,798,2003,2.0,55,3.6363636363636362
15,798,2004,1.0,44,2.272727272727273
15,798,2005,1.0,3,33.33333333333333
15,798,2006,0.0,2,0.0
15,798,2007,0.0,2,0.0
15,798,2008,0.0,1,0.0
15,798,2010,0.0,1,0.0
15,798,2013,0.0,1,0.0
15,798,2021,0.0,1,0.0
15,804,1998,2.0,71,2.8169014084507045
15,804,1999,3.0,87,3.4482758620689653
15,804,2000,6.0,81,7.4074074074074066
15,804,2001,6.0,82,7.317073170731707
15,804,2002,1.0,67,1.4925373134328357
15,804,2003,3.0,88,3.4090909090909087
15,804,2004,12.0,99,12.121212121212121
15,804,2005,3.0,90,3.3333333333333335
15,804,2006,1.0,52,1.9230769230769231
15,804,2007,4.0,64,6.25
15,804,2008,4.0,37,10.81081081081081
15,804,2009,2.0,19,10.526315789473683
15,804,2010,0.0,23,0.0
15,804,2011,1.0,4,25.0
15,804,2012,1.0,8,12.5
15,804,2013,0.0,16,0.0
15,804,2014,2.0,6,33.33333333333333
15,804,2015,0.0,3,0.0
15,804,2016,0.0,7,0.0
15,804,2017,1.0,3,33.33333333333333
15,804,2018,1.0,2,50.0
15,804,2019,0.0,3,0.0
15,804,2020,1.0,2,50.0
15,804,2021,4.0,4,100.0
15,804,2022,0.0,2,0.0
15,806,1998,0.0,2,0.0
15,806,1999,0.0,2,0.0
15,806,2001,1.0,2,50.0
15,806,2002,0.0,1,0.0
15,806,2005,0.0,1,0.0
15,806,2006,0.0,3,0.0
15,806,2007,0.0,1,0.0
15,806,2009,0.0,1,0.0
15,806,2014,2.0,2,100.0
15,806,2023,0.0,1,0.0
15,808,2002,0.0,1,0.0
15,808,2003,0.0,1,0.0
15,808,2006,0.0,1,0.0
15,808,2022,0.0,1,0.0
15,810,1998,0.0,2,0.0
15,810,1999,0.0,3,0.0
15,810,2000,0.0,6,0.0
15,810,2001,1.0,8,12.5
15,810,2003,0.0,8,0.0
15,810,2004,0.0,5,0.0
15,810,2005,2.0,2,100.0
15,810,2006,0.0,2,0.0
15,810,2007,0.0,2,0.0
15,810,2009,1.0,3,33.33333333333333
15,810,2010,1.0,5,20.0
15,810,2013,0.0,2,0.0
15,810,2014,0.0,1,0.0
15,810,2019,0.0,1,0.0
15,810,2021,1.0,3,33.33333333333333
15,814,1998,3.0,48,6.25
15,814,1999,5.0,106,4.716981132075472
15,814,2000,10.0,136,7.352941176470589
15,814,2001,5.0,139,3.597122302158273
15,814,2002,3.0,119,2.5210084033613445
15,814,2003,12.0,145,8.275862068965518
15,814,2004,9.0,141,6.382978723404255
15,814,2005,9.0,110,8.181818181818182
15,814,2006,11.0,90,12.222222222222221
15,814,2007,7.0,84,8.333333333333332
15,814,2008,5.0,87,5.747126436781609
15,814,2009,0.0,67,0.0
15,814,2010,2.0,56,3.571428571428571
15,814,2011,3.0,46,6.521739130434782
15,814,2012,1.0,41,2.4390243902439024
15,814,2013,1.0,40,2.5
15,814,2014,2.0,32,6.25
15,814,2015,2.0,29,6.896551724137931
15,814,2016,2.0,29,6.896551724137931
15,814,2017,2.0,25,8.0
15,814,2018,0.0,17,0.0
15,814,2019,0.0,9,0.0
15,814,2020,1.0,14,7.142857142857142
15,814,2021,1.0,7,14.285714285714285
15,814,2022,0.0,12,0.0
15,814,2023,0.0,16,0.0
15,814,2024,0.0,10,0.0
15,816,1998,1.0,4,25.0
15,816,1999,0.0,6,0.0
15,816,2000,0.0,11,0.0
15,816,2001,0.0,6,0.0
15,816,2002,0.0,4,0.0
15,816,2003,0.0,10,0.0
15,816,2004,0.0,11,0.0
15,816,2005,0.0,3,0.0
15,816,2006,0.0,11,0.0
15,816,2007,0.0,9,0.0
15,816,2008,0.0,3,0.0
15,816,2009,0.0,2,0.0
15,816,2010,0.0,1,0.0
15,816,2011,1.0,3,33.33333333333333
15,816,2014,0.0,2,0.0
15,816,2015,2.0,2,100.0
15,816,2016,0.0,4,0.0
15,816,2017,0.0,2,0.0
15,816,2018,0.0,1,0.0
15,816,2020,0.0,1,0.0
15,816,2021,0.0,2,0.0
15,816,2022,0.0,1,0.0
15,816,2023,0.0,1,0.0
15,816,2024,1.0,1,100.0
15,820,1998,0.0,1,0.0
15,820,2000,1.0,2,50.0
15,820,2002,1.0,2,50.0
15,820,2005,0.0,1,0.0
15,820,2006,0.0,2,0.0
15,820,2008,0.0,1,0.0
15,820,2009,0.0,3,0.0
15,820,2010,1.0,4,25.0
15,820,2011,0.0,2,0.0
15,820,2012,1.0,1,100.0
15,820,2013,0.0,2,0.0
15,820,2023,0.0,1,0.0
15,822,1998,1.0,11,9.090909090909092
15,822,1999,0.0,6,0.0
15,822,2000,0.0,9,0.0
15,822,2001,0.0,9,0.0
15,822,2002,1.0,7,14.285714285714285
15,822,2003,2.0,10,20.0
15,822,2004,0.0,3,0.0
15,822,2005,2.0,11,18.181818181818183
15,822,2006,0.0,6,0.0
15,822,2007,2.0,8,25.0
15,822,2008,1.0,5,20.0
15,822,2009,1.0,3,33.33333333333333
15,822,2010,0.0,2,0.0
15,822,2012,0.0,1,0.0
15,822,2014,0.0,1,0.0
15,822,2016,0.0,1,0.0
15,822,2017,0.0,1,0.0
15,822,2018,1.0,3,33.33333333333333
15,822,2019,0.0,2,0.0
15,822,2021,0.0,1,0.0
15,822,2023,0.0,1,0.0
15,832,1998,0.0,6,0.0
15,832,1999,0.0,1,0.0
15,832,2000,0.0,1,0.0
15,832,2001,0.0,2,0.0
15,832,2002,0.0,7,0.0
15,832,2003,0.0,6,0.0
15,832,2004,0.0,6,0.0
15,832,2005,0.0,2,0.0
15,832,2006,0.0,6,0.0
15,832,2007,0.0,3,0.0
15,832,2008,0.0,6,0.0
15,832,2009,0.0,1,0.0
15,832,2010,0.0,3,0.0
15,832,2011,0.0,2,0.0
15,832,2013,0.0,1,0.0
15,832,2016,0.0,1,0.0
15,832,2017,1.0,2,50.0
15,832,2019,0.0,1,0.0
15,835,1998,12.0,238,5.042016806722689
15,835,1999,20.0,258,7.751937984496124
15,835,2000,18.0,344,5.232558139534884
15,835,2001,9.0,303,2.9702970297029703
15,835,2002,15.0,231,6.493506493506493
15,835,2003,5.0,197,2.5380710659898478
15,835,2004,2.0,144,1.3888888888888888
15,835,2005,1.0,101,0.9900990099009901
15,835,2006,1.0,94,1.0638297872340425
15,835,2007,9.0,89,10.112359550561797
15,835,2008,6.0,110,5.454545454545454
15,835,2009,1.0,65,1.5384615384615385
15,835,2010,1.0,57,1.7543859649122806
15,835,2011,1.0,38,2.631578947368421
15,835,2012,2.0,44,4.545454545454546
15,835,2013,1.0,46,2.1739130434782608
15,835,2014,0.0,32,0.0
15,835,2015,2.0,19,10.526315789473683
15,835,2016,0.0,25,0.0
15,835,2017,0.0,19,0.0
15,835,2018,0.0,13,0.0
15,835,2019,0.0,7,0.0
15,835,2020,0.0,9,0.0
15,835,2021,0.0,6,0.0
15,835,2022,1.0,3,33.33333333333333
15,835,2023,0.0,2,0.0
15,835,2024,0.0,1,0.0
15,837,1998,0.0,8,0.0
15,837,1999,0.0,2,0.0
15,837,2000,0.0,11,0.0
15,837,2001,1.0,4,25.0
15,837,2002,0.0,5,0.0
15,837,2003,1.0,5,20.0
15,837,2004,1.0,5,20.0
15,837,2005,1.0,7,14.285714285714285
15,837,2006,0.0,2,0.0
15,837,2007,1.0,9,11.11111111111111
15,837,2008,0.0,4,0.0
15,837,2009,1.0,4,25.0
15,837,2013,0.0,1,0.0
15,837,2014,0.0,1,0.0
15,837,2015,0.0,1,0.0
15,837,2016,0.0,1,0.0
15,837,2018,0.0,1,0.0
15,839,1998,0.0,2,0.0
15,839,2001,0.0,1,0.0
15,839,2005,0.0,1,0.0
15,839,2006,1.0,1,100.0
15,839,2007,0.0,1,0.0
15,839,2008,0.0,2,0.0
15,839,2010,0.0,1,0.0
15,839,2018,0.0,1,0.0
15,839,2020,0.0,1,0.0
15,842,1998,2.0,48,4.166666666666666
15,842,1999,5.0,84,5.952380952380952
15,842,2000,8.0,93,8.60215053763441
15,842,2001,3.0,90,3.3333333333333335
15,842,2002,8.0,115,6.956521739130435
15,842,2003,5.0,96,5.208333333333334
15,842,2004,4.0,89,4.49438202247191
15,842,2005,6.0,59,10.16949152542373
15,842,2006,4.0,45,8.88888888888889
15,842,2007,4.0,28,14.285714285714285
15,842,2008,0.0,13,0.0
15,842,2009,0.0,9,0.0
15,842,2010,0.0,13,0.0
15,842,2011,2.0,22,9.090909090909092
15,842,2012,1.0,12,8.333333333333332
15,842,2013,0.0,11,0.0
15,842,2014,0.0,8,0.0
15,842,2015,0.0,7,0.0
15,842,2016,0.0,9,0.0
15,842,2017,0.0,11,0.0
15,842,2018,0.0,6,0.0
15,842,2019,0.0,8,0.0
15,842,2020,1.0,4,25.0
15,842,2021,2.0,3,66.66666666666666
15,842,2022,1.0,2,50.0
15,842,2023,0.0,1,0.0
15,842,2024,0.0,1,0.0
15,861,1998,4.0,75,5.333333333333334
15,861,1999,1.0,73,1.36986301369863
15,861,2000,5.0,86,5.813953488372093
15,861,2001,2.0,48,4.166666666666666
15,861,2002,1.0,94,1.0638297872340425
15,861,2003,2.0,78,2.564102564102564
15,861,2004,2.0,85,2.3529411764705883
15,861,2005,2.0,86,2.3255813953488373
15,861,2006,0.0,46,0.0
15,861,2007,2.0,25,8.0
15,861,2008,0.0,7,0.0
15,861,2009,0.0,7,0.0
15,861,2010,2.0,8,25.0
15,861,2011,3.0,18,16.666666666666664
15,861,2012,1.0,11,9.090909090909092
15,861,2013,0.0,6,0.0
15,861,2014,0.0,6,0.0
15,861,2015,0.0,7,0.0
15,861,2016,0.0,3,0.0
15,861,2019,0.0,1,0.0
15,861,2020,0.0,1,0.0
15,861,2021,1.0,3,33.33333333333333
15,861,2022,0.0,1,0.0
15,861,2023,1.0,3,33.33333333333333
15,861,2024,0.0,1,0.0
15,87,1998,1.0,4,25.0
15,87,1999,1.0,3,33.33333333333333
15,87,2000,0.0,1,0.0
15,87,2002,1.0,2,50.0
15,87,2004,0.0,3,0.0
15,87,2005,3.0,10,30.0
15,87,2006,0.0,7,0.0
15,87,2007,2.0,4,50.0
15,87,2012,1.0,2,50.0
15,87,2013,1.0,3,33.33333333333333
15,879,1998,0.0,1,0.0
15,879,1999,0.0,2,0.0
15,879,2002,0.0,5,0.0
15,879,2003,0.0,1,0.0
15,879,2005,1.0,13,7.6923076923076925
15,879,2006,0.0,6,0.0
15,879,2007,1.0,4,25.0
15,879,2008,0.0,2,0.0
15,879,2009,0.0,2,0.0
15,879,2010,0.0,2,0.0
15,879,2012,0.0,1,0.0
15,879,2013,0.0,1,0.0
15,879,2014,0.0,1,0.0
15,879,2022,0.0,1,0.0
15,897,1998,1.0,19,5.263157894736842
15,897,1999,0.0,31,0.0
15,897,2000,1.0,26,3.8461538461538463
15,897,2001,0.0,10,0.0
15,897,2002,0.0,5,0.0
15,897,2003,1.0,18,5.555555555555555
15,897,2004,1.0,5,20.0
15,897,2005,0.0,2,0.0
15,897,2006,0.0,2,0.0
15,897,2007,0.0,2,0.0
15,897,2008,0.0,3,0.0
15,897,2009,0.0,4,0.0
15,897,2010,1.0,2,50.0
15,897,2011,0.0,3,0.0
15,897,2012,0.0,1,0.0
15,897,2013,0.0,2,0.0
15,897,2014,0.0,1,0.0
15,897,2016,0.0,2,0.0
15,897,2020,0.0,1,0.0
15,897,2023,0.0,1,0.0
15,90,1998,0.0,3,0.0
15,90,1999,0.0,4,0.0
15,90,2000,0.0,2,0.0
15,90,2001,0.0,2,0.0
15,90,2003,0.0,7,0.0
15,90,2004,1.0,17,5.88235294117647
15,90,2005,0.0,20,0.0
15,90,2006,0.0,4,0.0
15,90,2007,0.0,16,0.0
15,92,1998,0.0,3,0.0
15,92,1999,0.0,1,0.0
15,92,2001,0.0,1,0.0
15,92,2002,0.0,3,0.0
15,92,2003,0.0,1,0.0
15,92,2006,0.0,1,0.0
15,97,1998,3.0,34,8.823529411764707
15,97,1999,4.0,52,7.6923076923076925
15,97,2000,2.0,21,9.523809523809524
15,97,2001,1.0,27,3.7037037037037033
15,97,2002,1.0,18,5.555555555555555
15,97,2003,1.0,12,8.333333333333332
15,97,2004,1.0,12,8.333333333333332
15,97,2005,0.0,13,0.0
15,97,2006,1.0,9,11.11111111111111
15,97,2007,1.0,7,14.285714285714285
15,97,2012,0.0,4,0.0
15,97,2013,0.0,3,0.0
15,362,1999,0.0,1,0.0
15,362,2000,0.0,1,0.0
15,362,2002,0.0,1,0.0
15,362,2004,0.0,1,0.0
15,362,2006,0.0,1,0.0
15,001,2008,765.0,5748,13.308977035490605
15,001,2009,853.0,5839,14.608665867443055
15,001,2010,833.0,5640,14.76950354609929
15,001,2011,890.0,5748,15.483646485734168
15,001,2014,830.0,5444,15.246142542248348
15,001,2015,854.0,5769,14.803258797018549
15,001,2016,892.0,5686,15.687653886739362
15,001,2017,902.0,5670,15.908289241622576
15,001,2018,821.0,5060,16.225296442687746
15,001,2019,800.0,4876,16.406890894175554
15,001,2020,805.0,4672,17.23030821917808
15,001,2021,702.0,4265,16.459554513481827
15,001,2022,770.0,4479,17.19133735208752
15,001,2023,803.0,4334,18.527918781725887
15,001,2024,708.0,4026,17.58569299552906
15,022,2010,0.0,1,0.0
15,022,2016,0.0,1,0.0
15,047,2008,3.0,84,3.571428571428571
15,047,2009,3.0,65,4.615384615384616
15,047,2010,7.0,103,6.796116504854369
15,047,2011,5.0,48,10.416666666666668
15,047,2014,1.0,49,2.0408163265306123
15,047,2015,4.0,36,11.11111111111111
15,047,2016,2.0,50,4.0
15,047,2017,3.0,27,11.11111111111111
15,047,2018,2.0,39,5.128205128205128
15,047,2019,4.0,21,19.047619047619047
15,047,2020,1.0,27,3.7037037037037033
15,047,2021,0.0,25,0.0
15,047,2022,2.0,11,18.181818181818183
15,047,2023,0.0,10,0.0
15,047,2024,1.0,10,10.0
15,051,2008,4.0,9,44.44444444444444
15,051,2009,3.0,5,60.0
15,051,2010,1.0,6,16.666666666666664
15,051,2011,1.0,2,50.0
15,051,2014,0.0,2,0.0
15,051,2015,0.0,3,0.0
15,051,2016,0.0,2,0.0
15,051,2017,0.0,1,0.0
15,051,2018,0.0,2,0.0
15,051,2019,0.0,1,0.0
15,051,2022,0.0,1,0.0
15,051,2023,0.0,1,0.0
15,051,2024,0.0,2,0.0
15,087,2008,0.0,3,0.0
15,087,2009,1.0,1,100.0
15,087,2010,0.0,5,0.0
15,087,2011,0.0,7,0.0
15,087,2014,1.0,4,25.0
15,087,2015,0.0,2,0.0
15,087,2016,0.0,3,0.0
15,087,2017,0.0,2,0.0
15,087,2018,0.0,3,0.0
15,087,2019,0.0,2,0.0
15,087,2020,1.0,1,100.0
15,087,2022,1.0,2,50.0
15,087,2023,0.0,1,0.0
15,087,2024,0.0,2,0.0
15,090,2010,0.0,1,0.0
15,092,2008,0.0,2,0.0
15,092,2009,0.0,1,0.0
15,097,2008,0.0,4,0.0
15,097,2009,0.0,7,0.0
15,097,2010,1.0,2,50.0
15,097,2011,1.0,3,33.33333333333333
15,097,2014,0.0,2,0.0
15,097,2015,0.0,2,0.0
15,097,2016,0.0,1,0.0
15,097,2017,0.0,1,0.0
15,097,2018,0.0,2,0.0
15,097,2019,0.0,2,0.0
15,097,2020,1.0,3,33.33333333333333
15,097,2021,0.0,1,0.0
15,097,2022,0.0,3,0.0
15,097,2023,0.0,2,0.0
15,097,2024,0.0,2,0.0
17,1,1998,686.0,8282,8.28302342429365
17,1,1999,668.0,8011,8.338534515041818
17,1,2000,618.0,7360,8.396739130434783
17,1,2001,538.0,7361,7.308789566634968
17,1,2002,631.0,7622,8.278667016531093
17,1,2003,658.0,7586,8.673872923807014
17,1,2004,674.0,7067,9.537285977076552
17,1,2005,623.0,6675,9.333333333333334
17,1,2006,729.0,6449,11.304078151651419
17,1,2007,720.0,6500,11.076923076923077
17,1,2012,487.0,5308,9.174830444611906
17,1,2013,484.0,5240,9.236641221374047
17,13,1998,19.0,436,4.3577981651376145
17,13,1999,27.0,389,6.940874035989718
17,13,2000,30.0,385,7.792207792207792
17,13,2001,19.0,350,5.428571428571429
17,13,2002,11.0,327,3.3639143730886847
17,13,2003,17.0,273,6.227106227106227
17,13,2004,10.0,284,3.5211267605633805
17,13,2005,6.0,259,2.3166023166023164
17,13,2006,9.0,308,2.922077922077922
17,13,2007,6.0,254,2.3622047244094486
17,13,2012,5.0,147,3.4013605442176873
17,13,2013,3.0,118,2.5423728813559325
17,174,1998,10.0,904,1.1061946902654867
17,174,1999,12.0,763,1.5727391874180863
17,174,2000,13.0,743,1.7496635262449527
17,174,2001,11.0,663,1.6591251885369533
17,174,2002,13.0,599,2.1702838063439067
17,174,2003,8.0,671,1.1922503725782414
17,174,2004,8.0,805,0.9937888198757764
17,174,2005,12.0,951,1.2618296529968454
17,174,2006,12.0,773,1.5523932729624839
17,174,2007,8.0,830,0.9638554216867471
17,174,2008,12.0,792,1.5151515151515151
17,174,2009,13.0,794,1.63727959697733
17,174,2010,10.0,713,1.402524544179523
17,174,2011,11.0,654,1.6819571865443423
17,174,2012,14.0,491,2.8513238289205702
17,174,2013,14.0,614,2.2801302931596092
17,174,2014,16.0,697,2.295552367288379
17,174,2015,12.0,666,1.8018018018018018
17,174,2016,8.0,621,1.288244766505636
17,174,2017,14.0,683,2.049780380673499
17,174,2018,10.0,612,1.6339869281045754
17,174,2019,13.0,537,2.4208566108007448
17,174,2020,20.0,450,4.444444444444445
17,174,2021,12.0,392,3.061224489795918
17,174,2022,8.0,257,3.11284046692607
17,174,2023,7.0,200,3.5000000000000004
17,174,2024,6.0,90,6.666666666666667
17,272,1998,7.0,144,4.861111111111112
17,272,1999,7.0,163,4.294478527607362
17,272,2000,8.0,126,6.349206349206349
17,272,2001,7.0,171,4.093567251461988
17,272,2002,11.0,133,8.270676691729323
17,272,2003,5.0,163,3.067484662576687
17,272,2004,1.0,132,0.7575757575757576
17,272,2005,4.0,89,4.49438202247191
17,272,2006,0.0,88,0.0
17,272,2007,1.0,89,1.1235955056179776
17,272,2008,2.0,69,2.898550724637681
17,272,2009,0.0,47,0.0
17,272,2010,3.0,46,6.521739130434782
17,272,2011,3.0,44,6.8181818181818175
17,272,2012,0.0,44,0.0
17,272,2013,3.0,31,9.67741935483871
17,272,2014,0.0,19,0.0
17,272,2015,0.0,25,0.0
17,272,2016,1.0,24,4.166666666666666
17,272,2017,0.0,27,0.0
17,272,2018,2.0,38,5.263157894736842
17,272,2019,1.0,28,3.571428571428571
17,272,2020,1.0,24,4.166666666666666
17,272,2021,0.0,11,0.0
17,272,2022,0.0,18,0.0
17,272,2023,1.0,11,9.090909090909092
17,272,2024,0.0,4,0.0
17,380,1998,82.0,1669,4.913121629718394
17,380,1999,82.0,1721,4.764671702498547
17,380,2000,67.0,1654,4.050785973397823
17,380,2001,89.0,1652,5.387409200968523
17,380,2002,61.0,1586,3.8461538461538463
17,380,2003,66.0,1630,4.049079754601228
17,380,2004,67.0,1813,3.6955322669608384
17,380,2005,65.0,1907,3.408495018353435
17,380,2006,70.0,1870,3.7433155080213902
17,380,2007,42.0,1767,2.3769100169779285
17,380,2008,57.0,1826,3.12157721796276
17,380,2009,57.0,1765,3.229461756373938
17,380,2010,51.0,1583,3.2217308907138342
17,380,2011,45.0,1730,2.601156069364162
17,380,2012,69.0,1768,3.9027149321266967
17,380,2013,100.0,1822,5.488474204171241
17,380,2014,142.0,1947,7.293271700051361
17,380,2015,140.0,1856,7.543103448275862
17,380,2016,93.0,1528,6.0863874345549736
17,380,2017,47.0,1404,3.347578347578348
17,380,2018,49.0,1278,3.8341158059467917
17,380,2019,45.0,1205,3.7344398340248963
17,380,2020,45.0,1053,4.273504273504273
17,380,2021,38.0,1056,3.5984848484848486
17,380,2022,37.0,1083,3.4164358264081254
17,380,2023,76.0,1033,7.357212003872217
17,380,2024,172.0,1110,15.495495495495495
17,388,1998,5.0,71,7.042253521126761
17,388,1999,4.0,96,4.166666666666666
17,388,2000,1.0,72,1.3888888888888888
17,388,2001,1.0,73,1.36986301369863
17,388,2002,5.0,92,5.434782608695652
17,388,2003,1.0,77,1.2987012987012987
17,388,2004,0.0,54,0.0
17,388,2005,2.0,70,2.857142857142857
17,388,2006,4.0,57,7.017543859649122
17,388,2007,5.0,52,9.615384615384617
17,388,2008,2.0,40,5.0
17,388,2009,0.0,29,0.0
17,388,2010,0.0,30,0.0
17,388,2011,1.0,30,3.3333333333333335
17,388,2012,1.0,31,3.225806451612903
17,388,2013,0.0,32,0.0
17,388,2014,0.0,23,0.0
17,388,2015,0.0,22,0.0
17,388,2016,2.0,21,9.523809523809524
17,388,2017,2.0,16,12.5
17,388,2018,0.0,20,0.0
17,388,2019,2.0,13,15.384615384615385
17,388,2020,1.0,11,9.090909090909092
17,388,2021,0.0,8,0.0
17,388,2022,1.0,7,14.285714285714285
17,388,2023,1.0,8,12.5
17,388,2024,1.0,3,33.33333333333333
17,42,1998,34.0,445,7.640449438202247
17,42,1999,21.0,449,4.67706013363029
17,42,2000,22.0,411,5.35279805352798
17,42,2001,23.0,414,5.555555555555555
17,42,2002,26.0,399,6.516290726817042
17,42,2003,25.0,359,6.963788300835655
17,42,2004,19.0,380,5.0
17,42,2005,14.0,375,3.733333333333334
17,42,2006,16.0,331,4.833836858006042
17,42,2007,3.0,335,0.8955223880597015
17,42,2012,10.0,237,4.219409282700422
17,42,2013,8.0,209,3.827751196172249
17,433,1998,11.0,296,3.7162162162162162
17,433,1999,7.0,274,2.5547445255474455
17,433,2000,12.0,310,3.870967741935484
17,433,2001,12.0,283,4.240282685512367
17,433,2002,6.0,286,2.097902097902098
17,433,2003,12.0,294,4.081632653061225
17,433,2004,11.0,259,4.247104247104247
17,433,2005,6.0,186,3.225806451612903
17,433,2006,6.0,207,2.898550724637681
17,433,2007,7.0,261,2.681992337164751
17,433,2008,12.0,222,5.405405405405405
17,433,2009,8.0,142,5.633802816901409
17,433,2010,8.0,168,4.761904761904762
17,433,2011,6.0,162,3.7037037037037033
17,433,2012,5.0,148,3.3783783783783785
17,433,2013,6.0,132,4.545454545454546
17,433,2014,1.0,99,1.0101010101010102
17,433,2015,3.0,79,3.79746835443038
17,433,2016,6.0,105,5.714285714285714
17,433,2017,4.0,98,4.081632653061225
17,433,2018,5.0,84,5.952380952380952
17,433,2019,1.0,47,2.127659574468085
17,433,2020,4.0,72,5.555555555555555
17,433,2021,4.0,40,10.0
17,433,2022,2.0,55,3.6363636363636362
17,433,2023,3.0,43,6.976744186046512
17,433,2024,2.0,45,4.444444444444445
17,442,1998,8.0,109,7.339449541284404
17,442,1999,2.0,78,2.564102564102564
17,442,2000,7.0,107,6.5420560747663545
17,442,2001,5.0,92,5.434782608695652
17,442,2002,4.0,97,4.123711340206185
17,442,2003,6.0,99,6.0606060606060606
17,442,2004,2.0,98,2.0408163265306123
17,442,2005,3.0,67,4.477611940298507
17,442,2006,2.0,49,4.081632653061225
17,442,2007,2.0,48,4.166666666666666
17,442,2008,1.0,37,2.7027027027027026
17,442,2009,3.0,57,5.263157894736842
17,442,2010,3.0,49,6.122448979591836
17,442,2011,1.0,64,1.5625
17,442,2012,1.0,49,2.0408163265306123
17,442,2013,0.0,39,0.0
17,442,2014,1.0,46,2.1739130434782608
17,442,2015,3.0,44,6.8181818181818175
17,442,2016,2.0,53,3.7735849056603774
17,442,2017,0.0,49,0.0
17,442,2018,5.0,38,13.157894736842104
17,442,2019,2.0,31,6.451612903225806
17,442,2020,2.0,36,5.555555555555555
17,442,2021,0.0,37,0.0
17,442,2022,3.0,28,10.714285714285714
17,442,2023,0.0,19,0.0
17,442,2024,2.0,24,8.333333333333332
17,444,1998,8.0,252,3.1746031746031744
17,444,1999,10.0,218,4.587155963302752
17,444,2000,12.0,273,4.395604395604396
17,444,2001,16.0,245,6.530612244897959
17,444,2002,7.0,219,3.1963470319634704
17,444,2003,2.0,189,1.0582010582010581
17,444,2004,9.0,183,4.918032786885246
17,444,2005,7.0,178,3.932584269662921
17,444,2006,4.0,152,2.631578947368421
17,444,2007,2.0,165,1.2121212121212122
17,444,2008,4.0,157,2.547770700636943
17,444,2009,2.0,133,1.5037593984962405
17,444,2010,6.0,131,4.580152671755725
17,444,2011,5.0,121,4.132231404958678
17,444,2012,4.0,90,4.444444444444445
17,444,2013,4.0,75,5.333333333333334
17,444,2014,3.0,84,3.571428571428571
17,444,2015,2.0,79,2.5316455696202533
17,444,2016,1.0,52,1.9230769230769231
17,444,2017,1.0,101,0.9900990099009901
17,444,2018,1.0,55,1.8181818181818181
17,444,2019,0.0,52,0.0
17,444,2020,1.0,88,1.1363636363636365
17,444,2021,7.0,75,9.333333333333334
17,444,2022,3.0,46,6.521739130434782
17,444,2023,2.0,34,5.88235294117647
17,444,2024,3.0,19,15.789473684210526
17,446,1998,3.0,43,6.976744186046512
17,446,1999,4.0,50,8.0
17,446,2000,3.0,46,6.521739130434782
17,446,2001,4.0,39,10.256410256410255
17,446,2002,4.0,43,9.30232558139535
17,446,2003,2.0,35,5.714285714285714
17,446,2004,5.0,47,10.638297872340425
17,446,2005,1.0,25,4.0
17,446,2006,4.0,18,22.22222222222222
17,446,2007,2.0,27,7.4074074074074066
17,446,2008,1.0,28,3.571428571428571
17,446,2009,1.0,26,3.8461538461538463
17,446,2010,1.0,20,5.0
17,446,2011,0.0,18,0.0
17,446,2012,0.0,12,0.0
17,446,2013,0.0,22,0.0
17,446,2014,1.0,9,11.11111111111111
17,446,2015,0.0,5,0.0
17,446,2016,0.0,5,0.0
17,446,2017,0.0,9,0.0
17,446,2018,0.0,8,0.0
17,446,2019,0.0,7,0.0
17,446,2020,1.0,5,20.0
17,446,2021,0.0,4,0.0
17,446,2022,0.0,1,0.0
17,446,2023,0.0,3,0.0
17,446,2024,0.0,3,0.0
17,486,1998,8.0,236,3.389830508474576
17,486,1999,8.0,220,3.6363636363636362
17,486,2000,6.0,193,3.1088082901554404
17,486,2001,4.0,205,1.951219512195122
17,486,2002,8.0,193,4.145077720207254
17,486,2003,7.0,175,4.0
17,486,2004,3.0,207,1.4492753623188406
17,486,2005,8.0,141,5.673758865248227
17,486,2006,5.0,158,3.1645569620253164
17,486,2007,4.0,200,2.0
17,486,2008,4.0,147,2.7210884353741496
17,486,2009,6.0,144,4.166666666666666
17,486,2010,9.0,135,6.666666666666667
17,486,2011,3.0,83,3.614457831325301
17,486,2012,2.0,92,2.1739130434782608
17,486,2013,1.0,59,1.694915254237288
17,486,2014,3.0,66,4.545454545454546
17,486,2015,1.0,68,1.4705882352941175
17,486,2016,2.0,61,3.278688524590164
17,486,2017,2.0,75,2.666666666666667
17,486,2018,5.0,58,8.620689655172415
17,486,2019,2.0,51,3.9215686274509802
17,486,2020,1.0,42,2.380952380952381
17,486,2021,2.0,30,6.666666666666667
17,486,2022,1.0,19,5.263157894736842
17,486,2023,1.0,22,4.545454545454546
17,486,2024,1.0,6,16.666666666666664
17,495,1999,1.0,42,2.380952380952381
17,495,2000,4.0,91,4.395604395604396
17,495,2001,5.0,100,5.0
17,495,2002,1.0,107,0.9345794392523363
17,495,2003,1.0,119,0.8403361344537815
17,495,2004,4.0,114,3.508771929824561
17,495,2005,4.0,98,4.081632653061225
17,495,2006,2.0,89,2.247191011235955
17,495,2007,0.0,59,0.0
17,495,2008,2.0,64,3.125
17,495,2009,2.0,59,3.389830508474576
17,495,2010,1.0,56,1.7857142857142856
17,495,2011,0.0,55,0.0
17,495,2012,0.0,50,0.0
17,495,2013,1.0,47,2.127659574468085
17,495,2014,3.0,35,8.571428571428571
17,495,2015,2.0,31,6.451612903225806
17,495,2016,1.0,25,4.0
17,495,2017,0.0,45,0.0
17,495,2018,0.0,34,0.0
17,495,2019,1.0,35,2.857142857142857
17,495,2020,0.0,52,0.0
17,495,2021,2.0,33,6.0606060606060606
17,495,2022,1.0,16,6.25
17,495,2023,0.0,11,0.0
17,495,2024,0.0,10,0.0
17,50,1998,8.0,215,3.7209302325581395
17,50,1999,11.0,195,5.641025641025641
17,50,2000,6.0,240,2.5
17,50,2001,6.0,190,3.1578947368421053
17,50,2002,1.0,151,0.6622516556291391
17,50,2003,4.0,154,2.5974025974025974
17,50,2004,4.0,114,3.508771929824561
17,50,2005,1.0,97,1.0309278350515463
17,50,2006,5.0,101,4.9504950495049505
17,50,2007,1.0,121,0.8264462809917356
17,50,2012,0.0,42,0.0
17,50,2013,2.0,50,4.0
17,513,1998,17.0,229,7.423580786026202
17,513,1999,13.0,197,6.598984771573605
17,513,2000,21.0,294,7.142857142857142
17,513,2001,14.0,236,5.932203389830509
17,513,2002,12.0,189,6.349206349206349
17,513,2003,12.0,164,7.317073170731707
17,513,2004,9.0,154,5.844155844155844
17,513,2005,7.0,165,4.242424242424243
17,513,2006,4.0,148,2.7027027027027026
17,513,2007,5.0,140,3.571428571428571
17,513,2008,8.0,147,5.442176870748299
17,513,2009,8.0,101,7.920792079207921
17,513,2010,4.0,86,4.651162790697675
17,513,2011,5.0,89,5.617977528089887
17,513,2012,3.0,87,3.4482758620689653
17,513,2013,2.0,55,3.6363636363636362
17,513,2014,4.0,55,7.2727272727272725
17,513,2015,3.0,54,5.555555555555555
17,513,2016,4.0,52,7.6923076923076925
17,513,2017,1.0,69,1.4492753623188406
17,513,2018,1.0,55,1.8181818181818181
17,513,2019,4.0,59,6.779661016949152
17,513,2020,1.0,55,1.8181818181818181
17,513,2021,3.0,49,6.122448979591836
17,513,2022,2.0,41,4.878048780487805
17,513,2023,0.0,22,0.0
17,513,2024,1.0,23,4.3478260869565215
17,524,1998,8.0,215,3.7209302325581395
17,524,1999,2.0,224,0.8928571428571428
17,524,2000,6.0,210,2.857142857142857
17,524,2001,7.0,189,3.7037037037037033
17,524,2002,7.0,178,3.932584269662921
17,524,2003,7.0,197,3.5532994923857872
17,524,2004,6.0,169,3.5502958579881656
17,524,2005,2.0,123,1.6260162601626018
17,524,2006,2.0,138,1.4492753623188406
17,524,2007,11.0,152,7.236842105263158
17,524,2008,7.0,97,7.216494845360824
17,524,2009,14.0,95,14.736842105263156
17,524,2010,7.0,79,8.860759493670885
17,524,2011,4.0,67,5.970149253731343
17,524,2012,5.0,61,8.19672131147541
17,524,2013,3.0,45,6.666666666666667
17,524,2014,4.0,19,21.052631578947366
17,524,2015,1.0,10,10.0
17,524,2016,0.0,9,0.0
17,524,2017,2.0,8,25.0
17,524,2018,0.0,2,0.0
17,524,2020,0.0,9,0.0
17,524,2021,0.0,17,0.0
17,524,2022,3.0,17,17.647058823529413
17,524,2023,1.0,9,11.11111111111111
17,524,2024,0.0,8,0.0
17,541,1998,6.0,468,1.282051282051282
17,541,1999,8.0,422,1.8957345971563981
17,541,2000,8.0,399,2.0050125313283207
17,541,2001,6.0,337,1.7804154302670623
17,541,2002,6.0,335,1.791044776119403
17,541,2003,5.0,289,1.7301038062283738
17,541,2004,3.0,245,1.2244897959183674
17,541,2005,6.0,224,2.6785714285714284
17,541,2006,2.0,210,0.9523809523809524
17,541,2007,3.0,176,1.7045454545454544
17,541,2008,3.0,203,1.477832512315271
17,541,2009,3.0,168,1.7857142857142856
17,541,2010,1.0,106,0.9433962264150944
17,541,2011,4.0,107,3.7383177570093453
17,541,2012,2.0,105,1.9047619047619049
17,541,2013,4.0,98,4.081632653061225
17,541,2014,2.0,74,2.7027027027027026
17,541,2015,1.0,61,1.639344262295082
17,541,2016,5.0,64,7.8125
17,541,2017,2.0,55,3.6363636363636362
17,541,2018,3.0,50,6.0
17,541,2019,2.0,44,4.545454545454546
17,541,2020,5.0,70,7.142857142857142
17,541,2021,3.0,56,5.357142857142857
17,541,2022,10.0,58,17.24137931034483
17,541,2023,3.0,31,9.67741935483871
17,541,2024,2.0,26,7.6923076923076925
17,614,1998,22.0,586,3.754266211604096
17,614,1999,27.0,597,4.522613065326634
17,614,2000,26.0,574,4.529616724738676
17,614,2001,26.0,561,4.634581105169341
17,614,2002,21.0,531,3.954802259887006
17,614,2003,22.0,642,3.4267912772585665
17,614,2004,30.0,734,4.087193460490464
17,614,2005,22.0,766,2.8720626631853787
17,614,2006,25.0,782,3.1969309462915603
17,614,2007,26.0,788,3.2994923857868024
17,614,2008,31.0,818,3.7897310513447433
17,614,2009,24.0,759,3.1620553359683794
17,614,2010,26.0,713,3.6465638148667603
17,614,2011,14.0,705,1.9858156028368796
17,614,2012,38.0,707,5.374823196605375
17,614,2013,26.0,687,3.7845705967976713
17,614,2014,29.0,614,4.723127035830619
17,614,2015,18.0,534,3.3707865168539324
17,614,2016,24.0,606,3.9603960396039604
17,614,2017,30.0,695,4.316546762589928
17,614,2018,16.0,707,2.263083451202263
17,614,2019,25.0,633,3.949447077409163
17,614,2020,13.0,610,2.1311475409836063
17,614,2021,36.0,690,5.217391304347826
17,614,2022,24.0,627,3.827751196172249
17,614,2023,18.0,549,3.278688524590164
17,614,2024,13.0,501,2.5948103792415167
17,616,1998,7.0,183,3.825136612021858
17,616,1999,15.0,164,9.146341463414634
17,616,2000,9.0,195,4.615384615384616
17,616,2001,12.0,180,6.666666666666667
17,616,2002,15.0,170,8.823529411764707
17,616,2003,23.0,152,15.131578947368421
17,616,2004,11.0,173,6.358381502890173
17,616,2005,10.0,155,6.451612903225806
17,616,2006,9.0,173,5.202312138728324
17,616,2007,3.0,124,2.4193548387096775
17,616,2008,3.0,100,3.0
17,616,2009,5.0,90,5.555555555555555
17,616,2010,1.0,67,1.4925373134328357
17,616,2011,5.0,57,8.771929824561402
17,616,2012,1.0,65,1.5384615384615385
17,616,2013,2.0,50,4.0
17,616,2014,1.0,50,2.0
17,616,2015,1.0,41,2.4390243902439024
17,616,2016,2.0,65,3.076923076923077
17,616,2017,3.0,39,7.6923076923076925
17,616,2018,1.0,48,2.083333333333333
17,616,2019,4.0,35,11.428571428571429
17,616,2020,3.0,40,7.5
17,616,2021,0.0,39,0.0
17,616,2022,6.0,35,17.142857142857142
17,616,2023,1.0,27,3.7037037037037033
17,616,2024,2.0,13,15.384615384615385
17,653,1998,20.0,455,4.395604395604396
17,653,1999,22.0,484,4.545454545454546
17,653,2000,13.0,371,3.5040431266846364
17,653,2001,15.0,360,4.166666666666666
17,653,2002,6.0,241,2.4896265560165975
17,653,2003,10.0,249,4.016064257028113
17,653,2004,20.0,297,6.7340067340067336
17,653,2005,16.0,381,4.199475065616798
17,653,2006,19.0,343,5.539358600583091
17,653,2007,12.0,314,3.821656050955414
17,653,2008,11.0,257,4.280155642023346
17,653,2009,17.0,312,5.448717948717949
17,653,2010,11.0,300,3.6666666666666665
17,653,2011,19.0,314,6.050955414012739
17,653,2012,12.0,285,4.2105263157894735
17,653,2013,14.0,300,4.666666666666667
17,653,2014,6.0,263,2.2813688212927756
17,653,2015,4.0,219,1.82648401826484
17,653,2016,6.0,211,2.843601895734597
17,653,2017,10.0,236,4.23728813559322
17,653,2018,1.0,182,0.5494505494505495
17,653,2019,8.0,201,3.9800995024875623
17,653,2020,9.0,184,4.891304347826087
17,653,2021,6.0,192,3.125
17,653,2022,5.0,89,5.617977528089887
17,653,2023,7.0,142,4.929577464788732
17,653,2024,6.0,118,5.084745762711865
17,662,1998,9.0,292,3.0821917808219177
17,662,1999,6.0,307,1.9543973941368076
17,662,2000,15.0,290,5.172413793103448
17,662,2001,10.0,290,3.4482758620689653
17,662,2002,10.0,189,5.291005291005291
17,662,2003,10.0,273,3.6630036630036633
17,662,2004,9.0,310,2.903225806451613
17,662,2005,6.0,248,2.4193548387096775
17,662,2006,7.0,219,3.1963470319634704
17,662,2007,6.0,220,2.727272727272727
17,662,2008,7.0,199,3.5175879396984926
17,662,2009,5.0,152,3.289473684210526
17,662,2010,5.0,155,3.225806451612903
17,662,2011,11.0,173,6.358381502890173
17,662,2012,6.0,141,4.25531914893617
17,662,2013,4.0,98,4.081632653061225
17,662,2014,4.0,103,3.8834951456310676
17,662,2015,2.0,87,2.2988505747126435
17,662,2016,3.0,94,3.1914893617021276
17,662,2017,4.0,85,4.705882352941177
17,662,2018,2.0,64,3.125
17,662,2019,0.0,62,0.0
17,662,2020,3.0,47,6.382978723404255
17,662,2021,1.0,53,1.8867924528301887
17,662,2022,1.0,31,3.225806451612903
17,662,2023,1.0,39,2.564102564102564
17,662,2024,1.0,25,4.0
17,665,1998,0.0,35,0.0
17,665,1999,1.0,48,2.083333333333333
17,665,2000,1.0,61,1.639344262295082
17,665,2001,2.0,66,3.0303030303030303
17,665,2002,5.0,67,7.462686567164178
17,665,2003,4.0,59,6.779661016949152
17,665,2004,3.0,61,4.918032786885246
17,665,2005,1.0,51,1.9607843137254901
17,665,2006,1.0,50,2.0
17,665,2007,2.0,34,5.88235294117647
17,665,2008,0.0,41,0.0
17,665,2009,0.0,55,0.0
17,665,2010,1.0,50,2.0
17,665,2011,4.0,46,8.695652173913043
17,665,2012,0.0,41,0.0
17,665,2013,0.0,40,0.0
17,665,2014,1.0,38,2.631578947368421
17,665,2015,0.0,29,0.0
17,665,2016,0.0,33,0.0
17,665,2017,2.0,37,5.405405405405405
17,665,2018,1.0,31,3.225806451612903
17,665,2019,3.0,25,12.0
17,665,2020,1.0,22,4.545454545454546
17,665,2021,0.0,17,0.0
17,665,2022,1.0,19,5.263157894736842
17,665,2023,1.0,15,6.666666666666667
17,665,2024,0.0,7,0.0
17,777,1998,15.0,404,3.7128712871287126
17,777,1999,18.0,323,5.572755417956656
17,777,2000,17.0,315,5.396825396825397
17,777,2001,9.0,289,3.1141868512110724
17,777,2002,12.0,302,3.9735099337748347
17,777,2003,8.0,296,2.7027027027027026
17,777,2004,2.0,211,0.9478672985781991
17,777,2005,3.0,182,1.6483516483516485
17,777,2006,3.0,152,1.9736842105263157
17,777,2007,3.0,134,2.2388059701492535
17,777,2008,2.0,187,1.06951871657754
17,777,2009,4.0,158,2.5316455696202533
17,777,2010,1.0,139,0.7194244604316548
17,777,2011,4.0,113,3.5398230088495577
17,777,2012,5.0,120,4.166666666666666
17,777,2013,6.0,181,3.314917127071823
17,777,2014,3.0,198,1.5151515151515151
17,777,2015,0.0,191,0.0
17,777,2016,4.0,178,2.247191011235955
17,777,2017,5.0,154,3.2467532467532463
17,777,2018,4.0,90,4.444444444444445
17,777,2019,1.0,65,1.5384615384615385
17,777,2020,3.0,78,3.8461538461538463
17,777,2021,3.0,65,4.615384615384616
17,777,2022,4.0,47,8.51063829787234
17,777,2023,5.0,23,21.73913043478261
17,777,2024,3.0,30,10.0
17,867,1998,3.0,83,3.614457831325301
17,867,1999,5.0,99,5.05050505050505
17,867,2000,0.0,104,0.0
17,867,2001,3.0,95,3.1578947368421053
17,867,2002,0.0,77,0.0
17,867,2003,1.0,87,1.1494252873563218
17,867,2004,2.0,65,3.076923076923077
17,867,2005,3.0,67,4.477611940298507
17,867,2006,3.0,66,4.545454545454546
17,867,2007,2.0,82,2.4390243902439024
17,867,2008,2.0,52,3.8461538461538463
17,867,2009,2.0,47,4.25531914893617
17,867,2010,3.0,45,6.666666666666667
17,867,2011,1.0,60,1.6666666666666667
17,867,2012,1.0,35,2.857142857142857
17,867,2013,1.0,25,4.0
17,867,2014,0.0,29,0.0
17,867,2015,1.0,22,4.545454545454546
17,867,2016,0.0,20,0.0
17,867,2017,0.0,13,0.0
17,867,2018,1.0,20,5.0
17,867,2019,1.0,15,6.666666666666667
17,867,2020,1.0,11,9.090909090909092
17,867,2021,0.0,8,0.0
17,867,2022,1.0,8,12.5
17,867,2023,0.0,3,0.0
17,867,2024,0.0,7,0.0
17,873,1998,9.0,193,4.66321243523316
17,873,1999,8.0,182,4.395604395604396
17,873,2000,8.0,197,4.060913705583756
17,873,2001,7.0,178,3.932584269662921
17,873,2002,3.0,170,1.7647058823529411
17,873,2003,3.0,171,1.7543859649122806
17,873,2004,4.0,212,1.8867924528301887
17,873,2005,8.0,191,4.18848167539267
17,873,2006,2.0,150,1.3333333333333335
17,873,2007,3.0,140,2.142857142857143
17,873,2008,0.0,107,0.0
17,873,2009,2.0,121,1.6528925619834711
17,873,2010,6.0,125,4.8
17,873,2011,2.0,117,1.7094017094017095
17,873,2012,3.0,88,3.4090909090909087
17,873,2013,0.0,49,0.0
17,873,2014,3.0,61,4.918032786885246
17,873,2015,0.0,27,0.0
17,873,2016,0.0,42,0.0
17,873,2017,2.0,52,3.8461538461538463
17,873,2018,1.0,34,2.941176470588235
17,873,2019,2.0,30,6.666666666666667
17,873,2020,0.0,21,0.0
17,873,2021,0.0,11,0.0
17,873,2022,0.0,9,0.0
17,873,2023,0.0,4,0.0
17,877,1998,3.0,162,1.8518518518518516
17,877,1999,8.0,147,5.442176870748299
17,877,2000,2.0,140,1.4285714285714286
17,877,2001,3.0,98,3.061224489795918
17,877,2002,5.0,115,4.3478260869565215
17,877,2003,5.0,119,4.201680672268908
17,877,2004,7.0,132,5.303030303030303
17,877,2005,2.0,109,1.834862385321101
17,877,2006,3.0,125,2.4
17,877,2007,2.0,100,2.0
17,877,2008,2.0,80,2.5
17,877,2009,3.0,76,3.9473684210526314
17,877,2010,1.0,51,1.9607843137254901
17,877,2011,1.0,54,1.8518518518518516
17,877,2012,0.0,41,0.0
17,877,2013,2.0,44,4.545454545454546
17,877,2014,1.0,30,3.3333333333333335
17,877,2015,0.0,44,0.0
17,877,2016,1.0,43,2.3255813953488373
17,877,2017,1.0,40,2.5
17,877,2018,0.0,46,0.0
17,877,2019,1.0,41,2.4390243902439024
17,877,2020,0.0,43,0.0
17,877,2021,0.0,33,0.0
17,877,2022,2.0,27,7.4074074074074066
17,877,2023,1.0,15,6.666666666666667
17,877,2024,2.0,22,9.090909090909092
17,88,1998,10.0,153,6.535947712418301
17,88,1999,10.0,156,6.41025641025641
17,88,2000,8.0,166,4.819277108433735
17,88,2001,7.0,157,4.45859872611465
17,88,2002,14.0,136,10.294117647058822
17,88,2003,3.0,154,1.948051948051948
17,88,2004,5.0,140,3.571428571428571
17,88,2005,5.0,116,4.310344827586207
17,88,2006,3.0,96,3.125
17,88,2007,6.0,91,6.593406593406594
17,88,2012,3.0,78,3.8461538461538463
17,88,2013,6.0,84,7.142857142857142
17,001,2008,637.0,6300,10.11111111111111
17,001,2009,503.0,5534,9.089266353451391
17,001,2010,484.0,5532,8.749096167751265
17,001,2011,447.0,5091,8.780200353565116
17,001,2014,509.0,5306,9.592913682623445
17,001,2015,539.0,5320,10.131578947368421
17,001,2016,596.0,5327,11.188286089731555
17,001,2017,554.0,4890,11.32924335378323
17,001,2018,499.0,4825,10.3419689119171
17,001,2019,568.0,4669,12.165345898479332
17,001,2020,528.0,4421,11.942999321420492
17,001,2021,552.0,4466,12.360053739364083
17,001,2022,591.0,4670,12.65524625267666
17,001,2023,594.0,4164,14.265129682997118
17,001,2024,497.0,3790,13.113456464379947
17,013,2008,9.0,225,4.0
17,013,2009,2.0,195,1.0256410256410255
17,013,2010,7.0,157,4.45859872611465
17,013,2011,7.0,161,4.3478260869565215
17,013,2014,0.0,97,0.0
17,013,2015,1.0,129,0.7751937984496124
17,013,2016,6.0,128,4.6875
17,013,2017,3.0,128,2.34375
17,013,2018,1.0,107,0.9345794392523363
17,013,2019,2.0,109,1.834862385321101
17,013,2020,5.0,93,5.376344086021505
17,013,2021,5.0,83,6.024096385542169
17,013,2022,7.0,112,6.25
17,013,2023,5.0,74,6.756756756756757
17,013,2024,1.0,37,2.7027027027027026
17,042,2008,14.0,329,4.25531914893617
17,042,2009,10.0,267,3.7453183520599254
17,042,2010,10.0,247,4.048582995951417
17,042,2011,10.0,240,4.166666666666666
17,042,2014,5.0,205,2.4390243902439024
17,042,2015,4.0,145,2.7586206896551726
17,042,2016,3.0,202,1.4851485148514851
17,042,2017,4.0,153,2.6143790849673203
17,042,2018,3.0,140,2.142857142857143
17,042,2019,8.0,168,4.761904761904762
17,042,2020,4.0,144,2.7777777777777777
17,042,2021,4.0,127,3.149606299212598
17,042,2022,3.0,115,2.608695652173913
17,042,2023,7.0,91,7.6923076923076925
17,042,2024,9.0,73,12.32876712328767
17,050,2008,2.0,88,2.272727272727273
17,050,2009,1.0,87,1.1494252873563218
17,050,2010,5.0,78,6.41025641025641
17,050,2011,3.0,78,3.8461538461538463
17,050,2014,2.0,62,3.225806451612903
17,050,2015,2.0,64,3.125
17,050,2016,4.0,53,7.547169811320755
17,050,2017,0.0,51,0.0
17,050,2018,1.0,52,1.9230769230769231
17,050,2019,1.0,34,2.941176470588235
17,050,2020,0.0,34,0.0
17,050,2021,4.0,29,13.793103448275861
17,050,2022,0.0,34,0.0
17,050,2023,0.0,30,0.0
17,050,2024,0.0,10,0.0
17,088,2008,3.0,89,3.3707865168539324
17,088,2009,3.0,100,3.0
17,088,2010,3.0,69,4.3478260869565215
17,088,2011,3.0,80,3.75
17,088,2014,7.0,79,8.860759493670885
17,088,2015,7.0,80,8.75
17,088,2016,6.0,54,11.11111111111111
17,088,2017,4.0,73,5.47945205479452
17,088,2018,9.0,64,14.0625
17,088,2019,6.0,64,9.375
17,088,2020,3.0,55,5.454545454545454
17,088,2021,6.0,55,10.909090909090908
17,088,2022,3.0,56,5.357142857142857
17,088,2023,0.0,33,0.0
17,088,2024,2.0,25,8.0
18,1,1998,149.0,2674,5.572176514584892
18,1,1999,177.0,3511,5.041298775277698
18,1,2000,234.0,3857,6.066891366346902
18,1,2001,246.0,3937,6.248412496824994
18,1,2002,248.0,3852,6.438213914849429
18,1,2003,230.0,4030,5.707196029776675
18,1,2004,311.0,4223,7.364432867629647
18,1,2005,285.0,4551,6.262359920896507
18,1,2006,310.0,4705,6.588735387885228
18,1,2007,282.0,5052,5.581947743467933
18,1,2012,387.0,5707,6.781145961100403
18,1,2013,401.0,5710,7.022767075306479
18,150,1998,7.0,134,5.223880597014925
18,150,1999,2.0,156,1.282051282051282
18,150,2000,6.0,181,3.314917127071823
18,150,2001,6.0,189,3.1746031746031744
18,150,2002,6.0,146,4.10958904109589
18,150,2003,4.0,158,2.5316455696202533
18,150,2004,6.0,204,2.941176470588235
18,150,2005,7.0,218,3.211009174311927
18,150,2006,6.0,250,2.4
18,150,2007,4.0,239,1.6736401673640167
18,150,2008,4.0,196,2.0408163265306123
18,150,2009,1.0,153,0.6535947712418301
18,150,2010,5.0,167,2.9940119760479043
18,150,2011,7.0,177,3.954802259887006
18,150,2012,4.0,151,2.6490066225165565
18,150,2013,4.0,177,2.2598870056497176
18,150,2014,4.0,181,2.209944751381215
18,150,2015,7.0,189,3.7037037037037033
18,150,2016,2.0,126,1.5873015873015872
18,150,2017,5.0,153,3.2679738562091507
18,150,2018,2.0,162,1.2345679012345678
18,150,2019,6.0,142,4.225352112676056
18,150,2020,6.0,121,4.958677685950414
18,150,2021,2.0,166,1.2048192771084338
18,150,2022,9.0,135,6.666666666666667
18,150,2023,3.0,55,5.454545454545454
18,150,2024,6.0,47,12.76595744680851
18,205,1998,5.0,172,2.9069767441860463
18,205,1999,8.0,203,3.9408866995073892
18,205,2000,8.0,207,3.864734299516908
18,205,2001,2.0,171,1.1695906432748537
18,205,2002,3.0,110,2.727272727272727
18,205,2003,4.0,115,3.4782608695652173
18,205,2004,1.0,120,0.8333333333333334
18,205,2005,6.0,138,4.3478260869565215
18,205,2006,5.0,140,3.571428571428571
18,205,2007,4.0,114,3.508771929824561
18,205,2008,1.0,128,0.78125
18,205,2009,3.0,146,2.054794520547945
18,205,2010,3.0,153,1.9607843137254901
18,205,2011,1.0,116,0.8620689655172413
18,205,2012,0.0,126,0.0
18,205,2013,4.0,99,4.040404040404041
18,205,2014,1.0,79,1.2658227848101267
18,205,2015,2.0,75,2.666666666666667
18,205,2016,1.0,64,1.5625
18,205,2017,2.0,38,5.263157894736842
18,205,2018,0.0,34,0.0
18,205,2019,3.0,61,4.918032786885246
18,205,2020,1.0,51,1.9607843137254901
18,205,2021,0.0,61,0.0
18,205,2022,1.0,49,2.0408163265306123
18,205,2023,1.0,29,3.4482758620689653
18,205,2024,5.0,37,13.513513513513514
18,247,1998,32.0,464,6.896551724137931
18,247,1999,16.0,474,3.375527426160337
18,247,2000,24.0,479,5.010438413361169
18,247,2001,12.0,379,3.16622691292876
18,247,2002,10.0,281,3.558718861209965
18,247,2003,10.0,291,3.436426116838488
18,247,2004,11.0,295,3.728813559322034
18,247,2005,8.0,276,2.898550724637681
18,247,2006,6.0,199,3.015075376884422
18,247,2007,7.0,234,2.9914529914529915
18,247,2008,10.0,192,5.208333333333334
18,247,2009,8.0,214,3.7383177570093453
18,247,2010,6.0,200,3.0
18,247,2011,5.0,143,3.4965034965034967
18,247,2012,5.0,96,5.208333333333334
18,247,2013,5.0,107,4.672897196261682
18,247,2014,3.0,106,2.8301886792452833
18,247,2015,1.0,55,1.8181818181818181
18,247,2016,0.0,72,0.0
18,247,2017,0.0,92,0.0
18,247,2018,0.0,69,0.0
18,247,2019,4.0,46,8.695652173913043
18,247,2020,1.0,56,1.7857142857142856
18,247,2021,4.0,55,7.2727272727272725
18,247,2022,2.0,38,5.263157894736842
18,247,2023,2.0,48,4.166666666666666
18,247,2024,0.0,24,0.0
18,256,1998,4.0,132,3.0303030303030303
18,256,1999,6.0,145,4.137931034482759
18,256,2000,6.0,157,3.821656050955414
18,256,2001,4.0,166,2.4096385542168677
18,256,2002,6.0,112,5.357142857142857
18,256,2003,4.0,168,2.380952380952381
18,256,2004,11.0,185,5.9459459459459465
18,256,2005,8.0,183,4.371584699453552
18,256,2006,8.0,197,4.060913705583756
18,256,2007,6.0,183,3.278688524590164
18,256,2008,3.0,171,1.7543859649122806
18,256,2009,2.0,125,1.6
18,256,2010,6.0,115,5.217391304347826
18,256,2011,3.0,90,3.3333333333333335
18,256,2012,0.0,108,0.0
18,256,2013,4.0,127,3.149606299212598
18,256,2014,2.0,85,2.3529411764705883
18,256,2015,4.0,92,4.3478260869565215
18,256,2016,3.0,47,6.382978723404255
18,256,2017,1.0,55,1.8181818181818181
18,256,2018,6.0,91,6.593406593406594
18,256,2019,5.0,68,7.352941176470589
18,256,2020,3.0,50,6.0
18,256,2021,0.0,42,0.0
18,256,2022,0.0,42,0.0
18,256,2023,2.0,22,9.090909090909092
18,256,2024,1.0,22,4.545454545454546
18,29,1998,0.0,56,0.0
18,29,1999,1.0,63,1.5873015873015872
18,29,2000,0.0,56,0.0
18,29,2001,2.0,51,3.9215686274509802
18,29,2002,2.0,39,5.128205128205128
18,29,2003,0.0,58,0.0
18,29,2004,2.0,59,3.389830508474576
18,29,2005,2.0,62,3.225806451612903
18,29,2006,0.0,54,0.0
18,29,2007,1.0,42,2.380952380952381
18,29,2012,1.0,28,3.571428571428571
18,29,2013,1.0,28,3.571428571428571
18,410,1998,1.0,87,1.1494252873563218
18,410,1999,7.0,95,7.368421052631578
18,410,2000,2.0,72,2.7777777777777777
18,410,2001,6.0,63,9.523809523809524
18,410,2002,1.0,54,1.8518518518518516
18,410,2003,1.0,97,1.0309278350515463
18,410,2004,3.0,84,3.571428571428571
18,410,2005,0.0,25,0.0
18,410,2006,1.0,85,1.1764705882352942
18,410,2007,1.0,93,1.0752688172043012
18,410,2008,2.0,89,2.247191011235955
18,410,2009,0.0,70,0.0
18,410,2010,2.0,51,3.9215686274509802
18,410,2011,2.0,31,6.451612903225806
18,410,2012,2.0,46,4.3478260869565215
18,410,2013,1.0,36,2.7777777777777777
18,410,2014,1.0,40,2.5
18,410,2015,1.0,25,4.0
18,410,2016,1.0,33,3.0303030303030303
18,410,2017,2.0,33,6.0606060606060606
18,410,2018,1.0,35,2.857142857142857
18,410,2019,0.0,19,0.0
18,410,2020,0.0,31,0.0
18,410,2021,1.0,35,2.857142857142857
18,410,2022,1.0,19,5.263157894736842
18,410,2023,0.0,18,0.0
18,410,2024,1.0,8,12.5
18,460,1998,4.0,69,5.797101449275362
18,460,1999,1.0,98,1.0204081632653061
18,460,2000,1.0,135,0.7407407407407408
18,460,2001,5.0,107,4.672897196261682
18,460,2002,2.0,100,2.0
18,460,2003,1.0,89,1.1235955056179776
18,460,2004,2.0,110,1.8181818181818181
18,460,2005,1.0,110,0.9090909090909091
18,460,2006,5.0,89,5.617977528089887
18,460,2007,1.0,82,1.2195121951219512
18,460,2008,1.0,84,1.1904761904761905
18,460,2009,1.0,71,1.4084507042253522
18,460,2010,2.0,78,2.564102564102564
18,460,2011,2.0,49,4.081632653061225
18,460,2012,1.0,43,2.3255813953488373
18,460,2013,1.0,44,2.272727272727273
18,460,2014,1.0,43,2.3255813953488373
18,460,2015,1.0,40,2.5
18,460,2016,3.0,24,12.5
18,460,2017,2.0,25,8.0
18,460,2018,3.0,46,6.521739130434782
18,460,2019,2.0,29,6.896551724137931
18,460,2020,2.0,29,6.896551724137931
18,460,2021,1.0,39,2.564102564102564
18,460,2022,3.0,34,8.823529411764707
18,460,2023,1.0,30,3.3333333333333335
18,460,2024,0.0,23,0.0
18,479,1998,0.0,29,0.0
18,479,1999,1.0,40,2.5
18,479,2000,3.0,43,6.976744186046512
18,479,2001,1.0,36,2.7777777777777777
18,479,2002,1.0,38,2.631578947368421
18,479,2003,0.0,35,0.0
18,479,2004,0.0,21,0.0
18,479,2005,0.0,43,0.0
18,479,2006,0.0,29,0.0
18,479,2007,1.0,32,3.125
18,479,2008,1.0,17,5.88235294117647
18,479,2009,1.0,19,5.263157894736842
18,479,2010,0.0,3,0.0
18,479,2011,1.0,3,33.33333333333333
18,479,2012,0.0,9,0.0
18,479,2013,0.0,3,0.0
18,479,2014,0.0,3,0.0
18,479,2015,0.0,2,0.0
18,479,2016,0.0,4,0.0
18,479,2017,0.0,3,0.0
18,479,2018,0.0,4,0.0
18,479,2019,0.0,5,0.0
18,479,2020,0.0,2,0.0
18,479,2021,0.0,2,0.0
18,479,2022,0.0,6,0.0
18,479,2023,0.0,2,0.0
18,479,2024,0.0,1,0.0
18,592,1998,4.0,297,1.3468013468013467
18,592,1999,12.0,405,2.9629629629629632
18,592,2000,31.0,459,6.753812636165578
18,592,2001,12.0,330,3.6363636363636362
18,592,2002,11.0,296,3.7162162162162162
18,592,2003,6.0,279,2.1505376344086025
18,592,2004,10.0,331,3.0211480362537766
18,592,2005,8.0,363,2.203856749311295
18,592,2006,14.0,303,4.62046204620462
18,592,2007,10.0,211,4.739336492890995
18,592,2008,10.0,211,4.739336492890995
18,592,2009,14.0,234,5.982905982905983
18,592,2010,5.0,242,2.066115702479339
18,592,2011,1.0,217,0.4608294930875576
18,592,2012,3.0,214,1.4018691588785046
18,592,2013,2.0,191,1.0471204188481675
18,592,2014,4.0,155,2.5806451612903225
18,592,2015,2.0,120,1.6666666666666667
18,592,2016,2.0,106,1.8867924528301887
18,592,2017,5.0,101,4.9504950495049505
18,592,2018,2.0,138,1.4492753623188406
18,592,2019,1.0,112,0.8928571428571428
18,592,2020,0.0,118,0.0
18,592,2021,3.0,120,2.5
18,592,2022,3.0,94,3.1914893617021276
18,592,2023,2.0,35,5.714285714285714
18,592,2024,1.0,43,2.3255813953488373
18,610,1998,5.0,168,2.976190476190476
18,610,1999,2.0,197,1.015228426395939
18,610,2000,2.0,162,1.2345679012345678
18,610,2001,0.0,163,0.0
18,610,2002,3.0,169,1.7751479289940828
18,610,2003,4.0,163,2.4539877300613497
18,610,2004,2.0,142,1.4084507042253522
18,610,2005,2.0,152,1.3157894736842104
18,610,2006,5.0,146,3.4246575342465753
18,610,2007,3.0,104,2.8846153846153846
18,610,2008,2.0,104,1.9230769230769231
18,610,2009,5.0,58,8.620689655172415
18,610,2010,5.0,82,6.097560975609756
18,610,2011,1.0,52,1.9230769230769231
18,610,2012,0.0,54,0.0
18,610,2013,1.0,35,2.857142857142857
18,610,2014,2.0,55,3.6363636363636362
18,610,2015,0.0,67,0.0
18,610,2016,2.0,70,2.857142857142857
18,610,2017,7.0,63,11.11111111111111
18,610,2018,3.0,55,5.454545454545454
18,610,2019,1.0,44,2.272727272727273
18,610,2020,5.0,87,5.747126436781609
18,610,2021,0.0,64,0.0
18,610,2022,2.0,52,3.8461538461538463
18,610,2023,3.0,40,7.5
18,610,2024,1.0,34,2.941176470588235
18,753,1998,12.0,484,2.479338842975207
18,753,1999,5.0,525,0.9523809523809524
18,753,2000,11.0,585,1.8803418803418803
18,753,2001,15.0,582,2.5773195876288657
18,753,2002,16.0,526,3.041825095057034
18,753,2003,13.0,619,2.10016155088853
18,753,2004,21.0,780,2.6923076923076925
18,753,2005,12.0,643,1.8662519440124419
18,753,2006,14.0,555,2.5225225225225225
18,753,2007,9.0,510,1.7647058823529411
18,753,2008,12.0,469,2.55863539445629
18,753,2009,6.0,434,1.3824884792626728
18,753,2010,12.0,340,3.5294117647058822
18,753,2011,12.0,391,3.0690537084398977
18,753,2012,11.0,395,2.7848101265822782
18,753,2013,11.0,436,2.522935779816514
18,753,2014,15.0,321,4.672897196261682
18,753,2015,6.0,360,1.6666666666666667
18,753,2016,6.0,331,1.812688821752266
18,753,2017,11.0,361,3.0470914127423825
18,753,2018,22.0,366,6.0109289617486334
18,753,2019,13.0,372,3.494623655913978
18,753,2020,10.0,345,2.898550724637681
18,753,2021,7.0,503,1.3916500994035785
18,753,2022,9.0,374,2.406417112299465
18,753,2023,8.0,339,2.359882005899705
18,753,2024,6.0,279,2.1505376344086025
18,756,1998,2.0,58,3.4482758620689653
18,756,1999,4.0,88,4.545454545454546
18,756,2000,3.0,75,4.0
18,756,2001,1.0,55,1.8181818181818181
18,756,2002,5.0,72,6.944444444444445
18,756,2003,2.0,94,2.127659574468085
18,756,2004,4.0,109,3.669724770642202
18,756,2005,3.0,96,3.125
18,756,2006,1.0,68,1.4705882352941175
18,756,2007,2.0,85,2.3529411764705883
18,756,2008,2.0,68,2.941176470588235
18,756,2009,5.0,79,6.329113924050633
18,756,2010,0.0,58,0.0
18,756,2011,3.0,46,6.521739130434782
18,756,2012,2.0,52,3.8461538461538463
18,756,2013,0.0,27,0.0
18,756,2014,3.0,43,6.976744186046512
18,756,2015,4.0,31,12.903225806451612
18,756,2016,2.0,31,6.451612903225806
18,756,2017,3.0,46,6.521739130434782
18,756,2018,4.0,42,9.523809523809524
18,756,2019,3.0,35,8.571428571428571
18,756,2020,2.0,57,3.508771929824561
18,756,2021,3.0,52,5.769230769230769
18,756,2022,2.0,45,4.444444444444445
18,756,2023,2.0,42,4.761904761904762
18,756,2024,0.0,39,0.0
18,785,1998,2.0,84,2.380952380952381
18,785,1999,11.0,118,9.322033898305085
18,785,2000,3.0,117,2.564102564102564
18,785,2001,1.0,104,0.9615384615384616
18,785,2002,2.0,100,2.0
18,785,2003,0.0,81,0.0
18,785,2004,2.0,117,1.7094017094017095
18,785,2005,1.0,121,0.8264462809917356
18,785,2006,1.0,105,0.9523809523809524
18,785,2007,0.0,81,0.0
18,785,2008,6.0,121,4.958677685950414
18,785,2009,3.0,84,3.571428571428571
18,785,2010,5.0,78,6.41025641025641
18,785,2011,4.0,85,4.705882352941177
18,785,2012,0.0,61,0.0
18,785,2013,0.0,10,0.0
18,785,2014,0.0,25,0.0
18,785,2015,2.0,33,6.0606060606060606
18,785,2016,1.0,32,3.125
18,785,2017,1.0,48,2.083333333333333
18,785,2018,1.0,32,3.125
18,785,2019,2.0,31,6.451612903225806
18,785,2020,5.0,64,7.8125
18,785,2021,5.0,48,10.416666666666668
18,785,2022,2.0,49,4.081632653061225
18,785,2023,4.0,23,17.391304347826086
18,785,2024,1.0,29,3.4482758620689653
18,860,1998,1.0,134,0.7462686567164178
18,860,1999,1.0,136,0.7352941176470588
18,860,2000,0.0,131,0.0
18,860,2001,3.0,122,2.459016393442623
18,860,2002,4.0,89,4.49438202247191
18,860,2003,3.0,111,2.7027027027027026
18,860,2004,1.0,105,0.9523809523809524
18,860,2005,1.0,103,0.9708737864077669
18,860,2006,0.0,107,0.0
18,860,2007,5.0,110,4.545454545454546
18,860,2008,1.0,96,1.0416666666666665
18,860,2009,1.0,61,1.639344262295082
18,860,2010,0.0,55,0.0
18,860,2011,1.0,47,2.127659574468085
18,860,2012,2.0,49,4.081632653061225
18,860,2013,2.0,34,5.88235294117647
18,860,2014,1.0,30,3.3333333333333335
18,860,2015,0.0,38,0.0
18,860,2016,1.0,30,3.3333333333333335
18,860,2017,2.0,22,9.090909090909092
18,860,2018,2.0,19,10.526315789473683
18,860,2019,1.0,27,3.7037037037037033
18,860,2020,2.0,18,11.11111111111111
18,860,2021,0.0,7,0.0
18,860,2022,3.0,8,37.5
18,860,2023,0.0,1,0.0
18,860,2024,0.0,7,0.0
18,94,1998,3.0,132,2.272727272727273
18,94,1999,6.0,142,4.225352112676056
18,94,2000,4.0,149,2.684563758389262
18,94,2001,1.0,89,1.1235955056179776
18,94,2002,1.0,86,1.1627906976744187
18,94,2003,1.0,86,1.1627906976744187
18,94,2004,1.0,106,0.9433962264150944
18,94,2005,2.0,102,1.9607843137254901
18,94,2006,0.0,67,0.0
18,94,2007,2.0,83,2.4096385542168677
18,94,2012,0.0,74,0.0
18,94,2013,0.0,45,0.0
18,001,2008,336.0,5225,6.430622009569379
18,001,2009,380.0,5572,6.81981335247667
18,001,2010,357.0,5560,6.420863309352518
18,001,2011,414.0,5870,7.0528109028960815
18,001,2014,372.0,5853,6.355715017939518
18,001,2015,378.0,5881,6.427478320013604
18,001,2016,340.0,5676,5.990133897110642
18,001,2017,378.0,5902,6.404608607251778
18,001,2018,340.0,5669,5.9975304286470275
18,001,2019,307.0,5695,5.3906935908691835
18,001,2020,306.0,5117,5.980066445182724
18,001,2021,289.0,5195,5.5630413859480266
18,001,2022,311.0,4844,6.420313790255987
18,001,2023,274.0,4462,6.140744060959212
18,001,2024,251.0,4261,5.890636000938747
18,029,2008,2.0,27,7.4074074074074066
18,029,2009,0.0,18,0.0
18,029,2010,2.0,33,6.0606060606060606
18,029,2011,2.0,18,11.11111111111111
18,029,2014,0.0,18,0.0
18,029,2015,0.0,22,0.0
18,029,2016,1.0,19,5.263157894736842
18,029,2017,0.0,15,0.0
18,029,2018,0.0,21,0.0
18,029,2019,0.0,19,0.0
18,029,2020,0.0,12,0.0
18,029,2021,1.0,11,9.090909090909092
18,029,2022,0.0,5,0.0
18,029,2023,0.0,7,0.0
18,029,2024,0.0,4,0.0
18,094,2008,4.0,62,6.451612903225806
18,094,2009,1.0,72,1.3888888888888888
18,094,2010,0.0,70,0.0
18,094,2011,2.0,49,4.081632653061225
18,094,2014,2.0,51,3.9215686274509802
18,094,2015,1.0,32,3.125
18,094,2016,2.0,54,3.7037037037037033
18,094,2017,4.0,72,5.555555555555555
18,094,2018,2.0,47,4.25531914893617
18,094,2019,5.0,27,18.51851851851852
18,094,2020,0.0,22,0.0
18,094,2021,0.0,42,0.0
18,094,2022,0.0,28,0.0
18,094,2023,1.0,46,2.1739130434782608
18,094,2024,1.0,37,2.7027027027027026
19,1,1998,536.0,6083,8.811441722834127
19,1,1999,548.0,6441,8.507995652848937
19,1,2000,585.0,6452,9.06695598264104
19,1,2001,568.0,6002,9.463512162612462
19,1,2002,467.0,6088,7.670827858081472
19,1,2003,551.0,5970,9.229480737018426
19,1,2004,639.0,6484,9.85502776064158
19,1,2005,754.0,6954,10.842680471670981
19,1,2006,759.0,7208,10.529966703662597
19,1,2007,750.0,7073,10.60370422734342
19,1,2012,862.0,8069,10.68286032965671
19,1,2013,899.0,8349,10.76775661755899
19,100,1998,13.0,382,3.4031413612565444
19,100,1999,23.0,477,4.821802935010482
19,100,2000,10.0,418,2.3923444976076556
19,100,2001,14.0,319,4.38871473354232
19,100,2002,2.0,294,0.6802721088435374
19,100,2003,13.0,386,3.3678756476683938
19,100,2004,17.0,346,4.913294797687861
19,100,2005,18.0,388,4.639175257731959
19,100,2006,28.0,357,7.8431372549019605
19,100,2007,23.0,326,7.05521472392638
19,100,2008,17.0,292,5.821917808219178
19,100,2009,25.0,278,8.992805755395683
19,100,2010,20.0,299,6.688963210702341
19,100,2011,16.0,252,6.349206349206349
19,100,2012,21.0,242,8.677685950413224
19,100,2013,15.0,233,6.437768240343347
19,100,2014,11.0,169,6.508875739644971
19,100,2015,9.0,158,5.69620253164557
19,100,2016,3.0,196,1.530612244897959
19,100,2017,6.0,144,4.166666666666666
19,100,2018,2.0,112,1.7857142857142856
19,100,2019,8.0,84,9.523809523809524
19,100,2020,2.0,137,1.4598540145985401
19,100,2021,9.0,109,8.256880733944955
19,100,2022,9.0,106,8.49056603773585
19,100,2023,5.0,68,7.352941176470589
19,100,2024,5.0,49,10.204081632653061
19,110,1998,5.0,112,4.464285714285714
19,110,1999,10.0,241,4.149377593360995
19,110,2000,9.0,216,4.166666666666666
19,110,2001,5.0,170,2.941176470588235
19,110,2002,6.0,124,4.838709677419355
19,110,2003,4.0,131,3.0534351145038165
19,110,2004,7.0,167,4.191616766467066
19,110,2005,6.0,137,4.37956204379562
19,110,2006,3.0,128,2.34375
19,110,2007,4.0,135,2.9629629629629632
19,110,2008,9.0,151,5.960264900662252
19,110,2009,4.0,113,3.5398230088495577
19,110,2010,4.0,113,3.5398230088495577
19,110,2011,5.0,138,3.6231884057971016
19,110,2012,3.0,155,1.935483870967742
19,110,2013,3.0,125,2.4
19,110,2014,1.0,81,1.2345679012345678
19,110,2015,3.0,60,5.0
19,110,2016,5.0,95,5.263157894736842
19,110,2017,4.0,93,4.301075268817205
19,110,2018,2.0,61,3.278688524590164
19,110,2019,4.0,67,5.970149253731343
19,110,2020,3.0,77,3.896103896103896
19,110,2021,2.0,77,2.5974025974025974
19,110,2022,1.0,52,1.9230769230769231
19,110,2023,1.0,25,4.0
19,110,2024,5.0,19,26.31578947368421
19,130,1998,14.0,273,5.128205128205128
19,130,1999,6.0,312,1.9230769230769231
19,130,2000,4.0,312,1.282051282051282
19,130,2001,10.0,275,3.6363636363636362
19,130,2002,14.0,290,4.827586206896552
19,130,2003,10.0,422,2.3696682464454977
19,130,2004,9.0,393,2.2900763358778624
19,130,2005,8.0,324,2.4691358024691357
19,130,2006,9.0,382,2.356020942408377
19,130,2007,4.0,359,1.1142061281337048
19,130,2008,12.0,325,3.6923076923076925
19,130,2009,7.0,278,2.5179856115107913
19,130,2010,8.0,280,2.857142857142857
19,130,2011,8.0,230,3.4782608695652173
19,130,2012,7.0,198,3.535353535353535
19,130,2013,2.0,192,1.0416666666666665
19,130,2014,3.0,140,2.142857142857143
19,130,2015,1.0,125,0.8
19,130,2016,6.0,112,5.357142857142857
19,130,2017,3.0,140,2.142857142857143
19,130,2018,4.0,97,4.123711340206185
19,130,2019,1.0,90,1.1111111111111112
19,130,2020,2.0,100,2.0
19,130,2021,4.0,88,4.545454545454546
19,130,2022,1.0,61,1.639344262295082
19,130,2023,4.0,43,9.30232558139535
19,130,2024,1.0,43,2.3255813953488373
19,137,1998,2.0,102,1.9607843137254901
19,137,1999,7.0,153,4.57516339869281
19,137,2000,8.0,208,3.8461538461538463
19,137,2001,11.0,202,5.445544554455446
19,137,2002,15.0,188,7.9787234042553195
19,137,2003,5.0,146,3.4246575342465753
19,137,2004,4.0,157,2.547770700636943
19,137,2005,2.0,128,1.5625
19,137,2006,9.0,162,5.555555555555555
19,137,2007,2.0,116,1.7241379310344827
19,137,2008,6.0,144,4.166666666666666
19,137,2009,3.0,67,4.477611940298507
19,137,2010,6.0,111,5.405405405405405
19,137,2011,5.0,157,3.1847133757961785
19,137,2012,7.0,189,3.7037037037037033
19,137,2013,7.0,233,3.004291845493562
19,137,2014,11.0,226,4.867256637168142
19,137,2015,13.0,234,5.555555555555555
19,137,2016,14.0,277,5.054151624548736
19,137,2017,14.0,203,6.896551724137931
19,137,2018,13.0,208,6.25
19,137,2019,3.0,231,1.2987012987012987
19,137,2020,15.0,449,3.34075723830735
19,137,2021,14.0,559,2.5044722719141324
19,137,2022,10.0,340,2.941176470588235
19,137,2023,14.0,293,4.778156996587031
19,137,2024,9.0,198,4.545454545454546
19,142,1998,16.0,299,5.351170568561873
19,142,1999,12.0,309,3.8834951456310676
19,142,2000,6.0,258,2.3255813953488373
19,142,2001,15.0,334,4.491017964071856
19,142,2002,9.0,256,3.515625
19,142,2003,7.0,306,2.287581699346405
19,142,2004,9.0,253,3.557312252964427
19,142,2005,6.0,219,2.73972602739726
19,142,2006,4.0,189,2.1164021164021163
19,142,2007,6.0,165,3.6363636363636362
19,142,2008,4.0,186,2.1505376344086025
19,142,2009,6.0,203,2.955665024630542
19,142,2010,7.0,198,3.535353535353535
19,142,2011,8.0,199,4.0201005025125625
19,142,2012,4.0,165,2.4242424242424243
19,142,2013,6.0,162,3.7037037037037033
19,142,2014,2.0,118,1.694915254237288
19,142,2015,5.0,184,2.717391304347826
19,142,2016,5.0,193,2.5906735751295336
19,142,2017,4.0,189,2.1164021164021163
19,142,2018,3.0,163,1.8404907975460123
19,142,2019,1.0,119,0.8403361344537815
19,142,2020,2.0,122,1.639344262295082
19,142,2021,2.0,111,1.8018018018018018
19,142,2022,1.0,64,1.5625
19,142,2023,3.0,65,4.615384615384616
19,142,2024,2.0,34,5.88235294117647
19,212,1998,4.0,143,2.797202797202797
19,212,1999,9.0,241,3.7344398340248963
19,212,2000,8.0,232,3.4482758620689653
19,212,2001,10.0,212,4.716981132075472
19,212,2002,3.0,199,1.507537688442211
19,212,2003,6.0,216,2.7777777777777777
19,212,2004,5.0,213,2.3474178403755865
19,212,2005,5.0,164,3.048780487804878
19,212,2006,4.0,162,2.4691358024691357
19,212,2007,14.0,183,7.650273224043716
19,212,2008,4.0,174,2.2988505747126435
19,212,2009,3.0,191,1.5706806282722512
19,212,2010,2.0,203,0.9852216748768473
19,212,2011,4.0,199,2.0100502512562812
19,212,2012,2.0,196,1.0204081632653061
19,212,2013,2.0,148,1.3513513513513513
19,212,2014,1.0,127,0.7874015748031495
19,212,2015,0.0,142,0.0
19,212,2016,4.0,126,3.1746031746031744
19,212,2017,1.0,156,0.641025641025641
19,212,2018,4.0,108,3.7037037037037033
19,212,2019,4.0,116,3.4482758620689653
19,212,2020,2.0,78,2.564102564102564
19,212,2021,1.0,69,1.4492753623188406
19,212,2022,2.0,34,5.88235294117647
19,212,2023,1.0,22,4.545454545454546
19,212,2024,1.0,26,3.8461538461538463
19,22,1998,13.0,137,9.48905109489051
19,22,1999,6.0,156,3.8461538461538463
19,22,2000,3.0,82,3.6585365853658534
19,22,2001,1.0,62,1.6129032258064515
19,22,2002,4.0,74,5.405405405405405
19,22,2003,3.0,74,4.054054054054054
19,22,2004,7.0,65,10.76923076923077
19,22,2005,2.0,93,2.1505376344086025
19,22,2006,13.0,127,10.236220472440944
19,22,2007,14.0,102,13.725490196078432
19,22,2012,13.0,104,12.5
19,22,2013,11.0,107,10.2803738317757
19,256,1998,10.0,320,3.125
19,256,1999,18.0,436,4.128440366972478
19,256,2000,10.0,396,2.525252525252525
19,256,2001,22.0,422,5.213270142180095
19,256,2002,11.0,319,3.4482758620689653
19,256,2003,12.0,334,3.592814371257485
19,256,2004,17.0,347,4.899135446685879
19,256,2005,18.0,334,5.389221556886228
19,256,2006,20.0,406,4.926108374384237
19,256,2007,18.0,403,4.466501240694789
19,256,2008,17.0,391,4.3478260869565215
19,256,2009,13.0,361,3.6011080332409975
19,256,2010,8.0,298,2.684563758389262
19,256,2011,3.0,174,1.7241379310344827
19,256,2012,6.0,203,2.955665024630542
19,256,2013,5.0,177,2.824858757062147
19,256,2014,3.0,178,1.6853932584269662
19,256,2015,3.0,135,2.2222222222222223
19,256,2016,2.0,115,1.7391304347826086
19,256,2017,4.0,122,3.278688524590164
19,256,2018,2.0,134,1.4925373134328357
19,256,2019,4.0,109,3.669724770642202
19,256,2020,4.0,131,3.0534351145038165
19,256,2021,3.0,90,3.3333333333333335
19,256,2022,8.0,64,12.5
19,256,2023,2.0,33,6.0606060606060606
19,256,2024,2.0,34,5.88235294117647
19,290,1998,1.0,29,3.4482758620689653
19,290,1999,0.0,46,0.0
19,290,2000,1.0,28,3.571428571428571
19,290,2001,0.0,36,0.0
19,290,2002,1.0,49,2.0408163265306123
19,290,2003,3.0,31,9.67741935483871
19,290,2004,0.0,21,0.0
19,290,2005,0.0,37,0.0
19,290,2006,1.0,24,4.166666666666666
19,290,2007,1.0,28,3.571428571428571
19,290,2008,0.0,40,0.0
19,290,2009,2.0,41,4.878048780487805
19,290,2010,0.0,27,0.0
19,290,2011,0.0,30,0.0
19,290,2012,0.0,17,0.0
19,290,2013,0.0,13,0.0
19,290,2014,1.0,15,6.666666666666667
19,290,2015,0.0,15,0.0
19,290,2016,0.0,11,0.0
19,290,2017,0.0,13,0.0
19,290,2018,0.0,4,0.0
19,290,2019,0.0,1,0.0
19,290,2020,0.0,3,0.0
19,290,2021,1.0,3,33.33333333333333
19,290,2022,0.0,3,0.0
19,290,2023,0.0,1,0.0
19,300,2007,0.0,8,0.0
19,300,2008,1.0,17,5.88235294117647
19,300,2009,2.0,15,13.333333333333334
19,300,2010,2.0,14,14.285714285714285
19,300,2012,3.0,23,13.043478260869565
19,300,2013,1.0,5,20.0
19,300,2014,0.0,2,0.0
19,300,2015,0.0,3,0.0
19,300,2016,0.0,2,0.0
19,300,2017,0.0,5,0.0
19,300,2018,0.0,4,0.0
19,300,2019,0.0,4,0.0
19,300,2020,2.0,21,9.523809523809524
19,300,2021,0.0,9,0.0
19,300,2022,0.0,8,0.0
19,300,2023,0.0,4,0.0
19,300,2024,0.0,3,0.0
19,318,1998,12.0,246,4.878048780487805
19,318,1999,18.0,406,4.433497536945813
19,318,2000,22.0,303,7.2607260726072615
19,318,2001,23.0,360,6.388888888888888
19,318,2002,34.0,374,9.090909090909092
19,318,2003,32.0,455,7.032967032967033
19,318,2004,27.0,382,7.068062827225131
19,318,2005,10.0,354,2.824858757062147
19,318,2006,10.0,244,4.098360655737705
19,318,2007,13.0,188,6.914893617021277
19,318,2008,22.0,397,5.541561712846348
19,318,2009,31.0,339,9.144542772861357
19,318,2010,16.0,354,4.519774011299435
19,318,2011,31.0,469,6.609808102345416
19,318,2012,25.0,405,6.172839506172839
19,318,2013,21.0,494,4.251012145748987
19,318,2014,25.0,445,5.617977528089887
19,318,2015,20.0,297,6.7340067340067336
19,318,2016,30.0,238,12.605042016806722
19,318,2017,24.0,200,12.0
19,318,2018,19.0,196,9.693877551020408
19,318,2019,9.0,156,5.769230769230769
19,318,2020,12.0,182,6.593406593406594
19,318,2021,11.0,134,8.208955223880597
19,318,2022,4.0,99,4.040404040404041
19,318,2023,4.0,61,6.557377049180328
19,318,2024,3.0,33,9.090909090909092
19,355,1998,23.0,310,7.419354838709677
19,355,1999,18.0,425,4.235294117647059
19,355,2000,14.0,395,3.5443037974683547
19,355,2001,23.0,443,5.191873589164786
19,355,2002,13.0,379,3.430079155672823
19,355,2003,14.0,417,3.357314148681055
19,355,2004,22.0,392,5.612244897959184
19,355,2005,8.0,396,2.0202020202020203
19,355,2006,16.0,461,3.470715835140998
19,355,2007,9.0,351,2.564102564102564
19,355,2008,12.0,283,4.240282685512367
19,355,2009,12.0,274,4.37956204379562
19,355,2010,11.0,234,4.700854700854701
19,355,2011,13.0,238,5.46218487394958
19,355,2012,11.0,281,3.9145907473309607
19,355,2013,6.0,251,2.3904382470119523
19,355,2014,9.0,272,3.308823529411765
19,355,2015,10.0,292,3.4246575342465753
19,355,2016,12.0,293,4.09556313993174
19,355,2017,10.0,344,2.9069767441860463
19,355,2018,14.0,271,5.166051660516605
19,355,2019,9.0,229,3.9301310043668125
19,355,2020,13.0,231,5.627705627705628
19,355,2021,13.0,279,4.659498207885305
19,355,2022,6.0,257,2.3346303501945527
19,355,2023,8.0,185,4.324324324324325
19,355,2024,6.0,137,4.37956204379562
19,364,1998,0.0,19,0.0
19,364,1999,3.0,51,5.88235294117647
19,364,2000,1.0,27,3.7037037037037033
19,364,2001,3.0,44,6.8181818181818175
19,364,2002,1.0,33,3.0303030303030303
19,364,2003,1.0,34,2.941176470588235
19,364,2004,3.0,37,8.108108108108109
19,364,2005,1.0,27,3.7037037037037033
19,364,2006,5.0,61,8.19672131147541
19,364,2007,3.0,56,5.357142857142857
19,364,2008,1.0,56,1.7857142857142856
19,364,2009,0.0,68,0.0
19,364,2010,0.0,38,0.0
19,364,2011,2.0,51,3.9215686274509802
19,364,2012,2.0,61,3.278688524590164
19,364,2013,2.0,101,1.9801980198019802
19,364,2014,2.0,156,1.282051282051282
19,364,2015,0.0,112,0.0
19,364,2016,1.0,71,1.4084507042253522
19,364,2017,3.0,107,2.803738317757009
19,364,2018,4.0,103,3.8834951456310676
19,364,2019,6.0,171,3.508771929824561
19,364,2020,8.0,195,4.102564102564102
19,364,2021,7.0,206,3.3980582524271843
19,364,2022,8.0,174,4.597701149425287
19,364,2023,4.0,148,2.7027027027027026
19,364,2024,2.0,120,1.6666666666666667
19,392,1998,2.0,63,3.1746031746031744
19,392,1999,1.0,69,1.4492753623188406
19,392,2000,0.0,60,0.0
19,392,2001,0.0,44,0.0
19,392,2002,1.0,55,1.8181818181818181
19,392,2003,3.0,41,7.317073170731707
19,392,2004,6.0,67,8.955223880597014
19,392,2005,2.0,61,3.278688524590164
19,392,2006,3.0,64,4.6875
19,392,2007,4.0,73,5.47945205479452
19,392,2008,1.0,58,1.7241379310344827
19,392,2009,3.0,84,3.571428571428571
19,392,2010,3.0,64,4.6875
19,392,2011,0.0,44,0.0
19,392,2012,1.0,38,2.631578947368421
19,392,2013,1.0,50,2.0
19,392,2014,1.0,30,3.3333333333333335
19,392,2015,2.0,43,4.651162790697675
19,392,2016,2.0,36,5.555555555555555
19,392,2017,2.0,33,6.0606060606060606
19,392,2018,0.0,24,0.0
19,392,2019,0.0,26,0.0
19,392,2020,3.0,32,9.375
19,392,2021,1.0,31,3.225806451612903
19,392,2022,0.0,15,0.0
19,392,2023,2.0,15,13.333333333333334
19,392,2024,0.0,7,0.0
19,397,1998,9.0,224,4.017857142857143
19,397,1999,14.0,237,5.9071729957805905
19,397,2000,8.0,182,4.395604395604396
19,397,2001,13.0,204,6.372549019607843
19,397,2002,7.0,195,3.5897435897435894
19,397,2003,15.0,175,8.571428571428571
19,397,2004,10.0,169,5.9171597633136095
19,397,2005,12.0,155,7.741935483870968
19,397,2006,14.0,153,9.15032679738562
19,397,2007,2.0,74,2.7027027027027026
19,397,2008,3.0,99,3.0303030303030303
19,397,2009,8.0,75,10.666666666666668
19,397,2010,7.0,123,5.691056910569105
19,397,2011,11.0,162,6.790123456790123
19,397,2012,10.0,117,8.547008547008547
19,397,2013,5.0,122,4.098360655737705
19,397,2014,3.0,111,2.7027027027027026
19,397,2015,3.0,84,3.571428571428571
19,397,2016,2.0,75,2.666666666666667
19,397,2017,3.0,64,4.6875
19,397,2018,4.0,50,8.0
19,397,2019,4.0,62,6.451612903225806
19,397,2020,3.0,65,4.615384615384616
19,397,2021,4.0,56,7.142857142857142
19,397,2022,0.0,35,0.0
19,397,2023,2.0,20,10.0
19,397,2024,1.0,17,5.88235294117647
19,418,1998,6.0,67,8.955223880597014
19,418,1999,6.0,123,4.878048780487805
19,418,2000,5.0,94,5.319148936170213
19,418,2001,1.0,34,2.941176470588235
19,418,2002,6.0,90,6.666666666666667
19,418,2003,7.0,101,6.9306930693069315
19,418,2004,5.0,75,6.666666666666667
19,418,2005,4.0,106,3.7735849056603774
19,418,2006,7.0,78,8.974358974358974
19,418,2007,6.0,61,9.836065573770492
19,418,2008,5.0,54,9.25925925925926
19,418,2009,7.0,73,9.58904109589041
19,418,2010,3.0,35,8.571428571428571
19,418,2011,3.0,28,10.714285714285714
19,418,2012,4.0,36,11.11111111111111
19,418,2013,9.0,64,14.0625
19,418,2014,5.0,45,11.11111111111111
19,418,2015,1.0,32,3.125
19,418,2016,0.0,40,0.0
19,418,2017,2.0,44,4.545454545454546
19,418,2018,2.0,42,4.761904761904762
19,418,2019,2.0,28,7.142857142857142
19,418,2020,2.0,49,4.081632653061225
19,418,2021,3.0,58,5.172413793103448
19,418,2022,2.0,21,9.523809523809524
19,418,2023,3.0,20,15.0
19,418,2024,3.0,21,14.285714285714285
19,450,1998,4.0,150,2.666666666666667
19,450,1999,5.0,171,2.923976608187134
19,450,2000,4.0,155,2.5806451612903225
19,450,2001,12.0,214,5.607476635514018
19,450,2002,5.0,163,3.067484662576687
19,450,2003,14.0,185,7.567567567567568
19,450,2004,9.0,182,4.945054945054945
19,450,2005,6.0,136,4.411764705882353
19,450,2006,4.0,141,2.8368794326241136
19,450,2007,6.0,116,5.172413793103448
19,450,2008,6.0,68,8.823529411764707
19,450,2009,2.0,76,2.631578947368421
19,450,2010,2.0,82,2.4390243902439024
19,450,2011,6.0,77,7.792207792207792
19,450,2012,2.0,79,2.5316455696202533
19,450,2013,2.0,58,3.4482758620689653
19,450,2014,2.0,49,4.081632653061225
19,450,2015,0.0,27,0.0
19,450,2016,0.0,16,0.0
19,450,2017,2.0,21,9.523809523809524
19,450,2018,5.0,28,17.857142857142858
19,450,2019,1.0,23,4.3478260869565215
19,450,2020,0.0,17,0.0
19,450,2021,0.0,12,0.0
19,450,2022,0.0,10,0.0
19,450,2023,0.0,8,0.0
19,450,2024,0.0,2,0.0
19,455,1998,15.0,322,4.658385093167702
19,455,1999,8.0,288,2.7777777777777777
19,455,2000,10.0,208,4.807692307692308
19,455,2001,6.0,226,2.6548672566371683
19,455,2002,4.0,183,2.185792349726776
19,455,2003,5.0,181,2.7624309392265194
19,455,2004,5.0,149,3.3557046979865772
19,455,2005,3.0,71,4.225352112676056
19,455,2006,2.0,132,1.5151515151515151
19,455,2007,2.0,147,1.3605442176870748
19,455,2008,6.0,158,3.79746835443038
19,455,2009,5.0,136,3.6764705882352944
19,455,2010,11.0,145,7.586206896551724
19,455,2011,4.0,152,2.631578947368421
19,455,2012,9.0,135,6.666666666666667
19,455,2013,2.0,144,1.3888888888888888
19,455,2014,2.0,98,2.0408163265306123
19,455,2015,0.0,63,0.0
19,455,2016,4.0,99,4.040404040404041
19,455,2017,3.0,64,4.6875
19,455,2018,4.0,80,5.0
19,455,2019,0.0,86,0.0
19,455,2020,1.0,95,1.0526315789473684
19,455,2021,0.0,68,0.0
19,455,2022,3.0,35,8.571428571428571
19,455,2023,1.0,26,3.8461538461538463
19,455,2024,1.0,14,7.142857142857142
19,473,1998,7.0,260,2.6923076923076925
19,473,1999,5.0,388,1.2886597938144329
19,473,2000,3.0,281,1.0676156583629894
19,473,2001,8.0,270,2.9629629629629632
19,473,2002,5.0,198,2.525252525252525
19,473,2003,4.0,258,1.550387596899225
19,473,2004,13.0,214,6.074766355140187
19,473,2005,8.0,180,4.444444444444445
19,473,2006,6.0,156,3.8461538461538463
19,473,2007,9.0,138,6.521739130434782
19,473,2008,7.0,130,5.384615384615385
19,473,2009,2.0,104,1.9230769230769231
19,473,2010,4.0,124,3.225806451612903
19,473,2011,11.0,133,8.270676691729323
19,473,2012,3.0,140,2.142857142857143
19,473,2013,4.0,127,3.149606299212598
19,473,2014,4.0,167,2.3952095808383236
19,473,2015,2.0,185,1.0810810810810811
19,473,2016,5.0,168,2.976190476190476
19,473,2017,3.0,172,1.744186046511628
19,473,2018,2.0,153,1.3071895424836601
19,473,2019,4.0,140,2.857142857142857
19,473,2020,1.0,258,0.3875968992248062
19,473,2021,3.0,289,1.0380622837370241
19,473,2022,6.0,221,2.7149321266968327
19,473,2023,7.0,143,4.895104895104895
19,473,2024,5.0,146,3.4246575342465753
19,50,1998,3.0,127,2.3622047244094486
19,50,1999,4.0,221,1.809954751131222
19,50,2000,1.0,121,0.8264462809917356
19,50,2001,4.0,130,3.076923076923077
19,50,2002,7.0,154,4.545454545454546
19,50,2003,3.0,159,1.8867924528301887
19,50,2004,12.0,263,4.562737642585551
19,50,2005,13.0,265,4.905660377358491
19,50,2006,9.0,267,3.3707865168539324
19,50,2007,14.0,242,5.785123966942149
19,50,2012,3.0,239,1.2552301255230125
19,50,2013,6.0,192,3.125
19,513,1998,0.0,72,0.0
19,513,1999,0.0,81,0.0
19,513,2000,2.0,76,2.631578947368421
19,513,2001,1.0,69,1.4492753623188406
19,513,2002,2.0,70,2.857142857142857
19,513,2003,0.0,70,0.0
19,513,2004,0.0,57,0.0
19,513,2005,0.0,47,0.0
19,513,2006,0.0,46,0.0
19,513,2007,0.0,35,0.0
19,513,2008,1.0,51,1.9607843137254901
19,513,2009,0.0,51,0.0
19,513,2010,0.0,32,0.0
19,513,2011,0.0,24,0.0
19,513,2012,0.0,36,0.0
19,513,2013,1.0,30,3.3333333333333335
19,513,2014,0.0,15,0.0
19,513,2015,0.0,12,0.0
19,513,2016,1.0,11,9.090909090909092
19,513,2017,0.0,1,0.0
19,513,2018,0.0,2,0.0
19,513,2020,0.0,2,0.0
19,513,2021,0.0,1,0.0
19,513,2022,0.0,3,0.0
19,513,2023,1.0,2,50.0
19,513,2024,0.0,2,0.0
19,517,1998,19.0,520,3.653846153846154
19,517,1999,30.0,844,3.5545023696682465
19,517,2000,18.0,769,2.340702210663199
19,517,2001,30.0,843,3.558718861209965
19,517,2002,34.0,610,5.573770491803279
19,517,2003,30.0,744,4.032258064516129
19,517,2004,23.0,700,3.2857142857142856
19,517,2005,28.0,673,4.160475482912332
19,517,2006,16.0,626,2.5559105431309903
19,517,2007,14.0,405,3.45679012345679
19,517,2008,17.0,330,5.151515151515151
19,517,2009,17.0,299,5.68561872909699
19,517,2010,28.0,408,6.862745098039216
19,517,2011,21.0,379,5.540897097625329
19,517,2012,17.0,561,3.0303030303030303
19,517,2013,14.0,579,2.4179620034542317
19,517,2014,25.0,574,4.355400696864112
19,517,2015,23.0,563,4.085257548845471
19,517,2016,16.0,533,3.0018761726078798
19,517,2017,20.0,556,3.597122302158273
19,517,2018,16.0,565,2.831858407079646
19,517,2019,9.0,515,1.7475728155339807
19,517,2020,13.0,453,2.869757174392936
19,517,2021,16.0,512,3.125
19,517,2022,14.0,401,3.4912718204488775
19,517,2023,19.0,403,4.714640198511166
19,517,2024,14.0,310,4.516129032258064
19,532,1998,16.0,377,4.244031830238726
19,532,1999,14.0,449,3.11804008908686
19,532,2000,14.0,420,3.3333333333333335
19,532,2001,20.0,454,4.405286343612335
19,532,2002,17.0,407,4.176904176904177
19,532,2003,23.0,413,5.569007263922518
19,532,2004,19.0,436,4.3577981651376145
19,532,2005,11.0,396,2.7777777777777777
19,532,2006,18.0,353,5.099150141643059
19,532,2007,10.0,311,3.215434083601286
19,532,2008,8.0,285,2.807017543859649
19,532,2009,8.0,217,3.686635944700461
19,532,2010,6.0,192,3.125
19,532,2011,4.0,182,2.197802197802198
19,532,2012,8.0,192,4.166666666666666
19,532,2013,4.0,193,2.072538860103627
19,532,2014,5.0,159,3.1446540880503147
19,532,2015,5.0,149,3.3557046979865772
19,532,2016,5.0,147,3.4013605442176873
19,532,2017,8.0,129,6.2015503875969
19,532,2018,3.0,133,2.2556390977443606
19,532,2019,2.0,130,1.5384615384615385
19,532,2020,10.0,159,6.289308176100629
19,532,2021,10.0,183,5.46448087431694
19,532,2022,7.0,86,8.13953488372093
19,532,2023,0.0,49,0.0
19,532,2024,5.0,47,10.638297872340425
19,533,1998,0.0,11,0.0
19,533,1999,5.0,36,13.88888888888889
19,533,2000,0.0,17,0.0
19,533,2001,1.0,22,4.545454545454546
19,533,2002,2.0,34,5.88235294117647
19,533,2003,1.0,23,4.3478260869565215
19,533,2004,0.0,30,0.0
19,533,2005,0.0,33,0.0
19,533,2006,1.0,25,4.0
19,533,2007,0.0,20,0.0
19,533,2008,0.0,15,0.0
19,533,2009,2.0,34,5.88235294117647
19,533,2010,3.0,35,8.571428571428571
19,533,2011,0.0,18,0.0
19,533,2012,2.0,40,5.0
19,533,2013,4.0,62,6.451612903225806
19,533,2014,2.0,52,3.8461538461538463
19,533,2015,0.0,30,0.0
19,533,2016,0.0,21,0.0
19,533,2017,0.0,41,0.0
19,533,2018,3.0,32,9.375
19,533,2019,3.0,42,7.142857142857142
19,533,2020,0.0,54,0.0
19,533,2021,3.0,60,5.0
19,533,2022,1.0,43,2.3255813953488373
19,533,2023,0.0,20,0.0
19,533,2024,0.0,9,0.0
19,548,1998,5.0,277,1.8050541516245486
19,548,1999,9.0,317,2.8391167192429023
19,548,2000,8.0,326,2.4539877300613497
19,548,2001,7.0,250,2.8000000000000003
19,548,2002,5.0,212,2.358490566037736
19,548,2003,4.0,260,1.5384615384615385
19,548,2004,5.0,227,2.2026431718061676
19,548,2005,7.0,272,2.5735294117647056
19,548,2006,10.0,279,3.584229390681003
19,548,2007,3.0,189,1.5873015873015872
19,548,2008,9.0,235,3.829787234042553
19,548,2009,6.0,226,2.6548672566371683
19,548,2010,6.0,262,2.2900763358778624
19,548,2011,2.0,212,0.9433962264150944
19,548,2012,4.0,186,2.1505376344086025
19,548,2013,2.0,192,1.0416666666666665
19,548,2014,8.0,182,4.395604395604396
19,548,2015,2.0,172,1.1627906976744187
19,548,2016,5.0,156,3.205128205128205
19,548,2017,6.0,156,3.8461538461538463
19,548,2018,3.0,137,2.18978102189781
19,548,2019,5.0,141,3.546099290780142
19,548,2020,6.0,132,4.545454545454546
19,548,2021,5.0,122,4.098360655737705
19,548,2022,8.0,99,8.080808080808081
19,548,2023,2.0,40,5.0
19,548,2024,2.0,50,4.0
19,573,1998,29.0,513,5.653021442495127
19,573,1999,45.0,564,7.9787234042553195
19,573,2000,36.0,469,7.675906183368871
19,573,2001,28.0,409,6.845965770171149
19,573,2002,12.0,250,4.8
19,573,2003,16.0,326,4.9079754601226995
19,573,2004,10.0,297,3.3670033670033668
19,573,2005,17.0,233,7.296137339055794
19,573,2006,19.0,237,8.016877637130802
19,573,2007,16.0,254,6.299212598425196
19,573,2008,12.0,207,5.797101449275362
19,573,2009,12.0,216,5.555555555555555
19,573,2010,8.0,160,5.0
19,573,2011,11.0,187,5.88235294117647
19,573,2012,8.0,202,3.9603960396039604
19,573,2013,7.0,195,3.5897435897435894
19,573,2014,8.0,159,5.031446540880504
19,573,2015,5.0,136,3.6764705882352944
19,573,2016,9.0,102,8.823529411764707
19,573,2017,0.0,116,0.0
19,573,2018,7.0,74,9.45945945945946
19,573,2019,5.0,71,7.042253521126761
19,573,2020,7.0,66,10.606060606060606
19,573,2021,1.0,41,2.4390243902439024
19,573,2022,1.0,28,3.571428571428571
19,573,2023,5.0,35,14.285714285714285
19,573,2024,3.0,26,11.538461538461538
19,585,1998,6.0,88,6.8181818181818175
19,585,1999,8.0,195,4.102564102564102
19,585,2000,1.0,131,0.7633587786259541
19,585,2001,6.0,168,3.571428571428571
19,585,2002,6.0,101,5.9405940594059405
19,585,2003,7.0,126,5.555555555555555
19,585,2004,3.0,92,3.260869565217391
19,585,2005,2.0,105,1.9047619047619049
19,585,2006,4.0,104,3.8461538461538463
19,585,2007,5.0,73,6.8493150684931505
19,585,2008,3.0,79,3.79746835443038
19,585,2009,3.0,92,3.260869565217391
19,585,2010,1.0,89,1.1235955056179776
19,585,2011,3.0,64,4.6875
19,585,2012,0.0,77,0.0
19,585,2013,3.0,83,3.614457831325301
19,585,2014,0.0,66,0.0
19,585,2015,6.0,78,7.6923076923076925
19,585,2016,2.0,79,2.5316455696202533
19,585,2017,2.0,56,3.571428571428571
19,585,2018,4.0,48,8.333333333333332
19,585,2019,2.0,71,2.8169014084507045
19,585,2020,2.0,63,3.1746031746031744
19,585,2021,3.0,41,7.317073170731707
19,585,2022,1.0,38,2.631578947368421
19,585,2023,0.0,24,0.0
19,585,2024,1.0,19,5.263157894736842
19,622,1998,2.0,53,3.7735849056603774
19,622,1999,2.0,73,2.73972602739726
19,622,2000,2.0,57,3.508771929824561
19,622,2001,1.0,63,1.5873015873015872
19,622,2002,1.0,69,1.4492753623188406
19,622,2003,3.0,71,4.225352112676056
19,622,2004,2.0,43,4.651162790697675
19,622,2005,1.0,73,1.36986301369863
19,622,2006,1.0,59,1.694915254237288
19,622,2007,3.0,51,5.88235294117647
19,622,2008,3.0,51,5.88235294117647
19,622,2009,4.0,62,6.451612903225806
19,622,2010,3.0,45,6.666666666666667
19,622,2011,1.0,38,2.631578947368421
19,622,2012,0.0,55,0.0
19,622,2013,2.0,39,5.128205128205128
19,622,2014,2.0,47,4.25531914893617
19,622,2015,0.0,23,0.0
19,622,2016,0.0,35,0.0
19,622,2017,1.0,23,4.3478260869565215
19,622,2018,2.0,37,5.405405405405405
19,622,2019,0.0,14,0.0
19,622,2020,3.0,17,17.647058823529413
19,622,2021,0.0,17,0.0
19,622,2022,1.0,11,9.090909090909092
19,622,2023,4.0,12,33.33333333333333
19,622,2024,1.0,5,20.0
19,693,1998,10.0,155,6.451612903225806
19,693,1999,14.0,170,8.235294117647058
19,693,2000,15.0,196,7.653061224489796
19,693,2001,16.0,204,7.8431372549019605
19,693,2002,19.0,182,10.43956043956044
19,693,2003,13.0,135,9.62962962962963
19,693,2004,3.0,83,3.614457831325301
19,693,2005,6.0,108,5.555555555555555
19,693,2006,7.0,107,6.5420560747663545
19,693,2007,7.0,79,8.860759493670885
19,693,2008,6.0,80,7.5
19,693,2009,6.0,83,7.228915662650602
19,693,2010,6.0,92,6.521739130434782
19,693,2011,7.0,96,7.291666666666667
19,693,2012,4.0,70,5.714285714285714
19,693,2013,4.0,57,7.017543859649122
19,693,2014,2.0,48,4.166666666666666
19,693,2015,0.0,32,0.0
19,693,2016,0.0,33,0.0
19,693,2017,1.0,34,2.941176470588235
19,693,2018,2.0,34,5.88235294117647
19,693,2019,4.0,51,7.8431372549019605
19,693,2020,2.0,30,6.666666666666667
19,693,2021,3.0,32,9.375
19,693,2022,4.0,31,12.903225806451612
19,693,2023,3.0,29,10.344827586206897
19,693,2024,3.0,12,25.0
19,698,1998,54.0,1763,3.0629608621667614
19,698,1999,45.0,1637,2.748930971288943
19,698,2000,50.0,1673,2.9886431560071727
19,698,2001,78.0,1763,4.424276800907544
19,698,2002,63.0,1871,3.3671833244254405
19,698,2003,60.0,2015,2.977667493796526
19,698,2004,84.0,2201,3.816447069513857
19,698,2005,95.0,2318,4.098360655737705
19,698,2006,72.0,2329,3.0914555603263203
19,698,2007,70.0,2269,3.0850594975760246
19,698,2008,65.0,2146,3.0288909599254428
19,698,2009,93.0,2334,3.984575835475578
19,698,2010,55.0,2059,2.6711996114618746
19,698,2011,50.0,2128,2.3496240601503757
19,698,2012,44.0,2105,2.0902612826603324
19,698,2013,37.0,2114,1.7502365184484387
19,698,2014,24.0,1865,1.2868632707774799
19,698,2015,41.0,2036,2.013752455795678
19,698,2016,41.0,2267,1.8085575650639611
19,698,2017,35.0,2375,1.4736842105263157
19,698,2018,44.0,2326,1.8916595012897677
19,698,2019,33.0,2419,1.364200082678793
19,698,2020,39.0,2472,1.5776699029126213
19,698,2021,44.0,2483,1.7720499395892066
19,698,2022,56.0,2241,2.49888442659527
19,698,2023,39.0,1815,2.1487603305785123
19,698,2024,28.0,1650,1.6969696969696972
19,701,1998,1.0,50,2.0
19,701,1999,1.0,45,2.2222222222222223
19,701,2000,2.0,53,3.7735849056603774
19,701,2001,0.0,41,0.0
19,701,2002,2.0,36,5.555555555555555
19,701,2003,0.0,43,0.0
19,701,2004,0.0,14,0.0
19,701,2005,1.0,7,14.285714285714285
19,701,2006,1.0,15,6.666666666666667
19,701,2007,0.0,8,0.0
19,701,2008,0.0,8,0.0
19,701,2009,1.0,15,6.666666666666667
19,701,2010,1.0,9,11.11111111111111
19,701,2011,1.0,30,3.3333333333333335
19,701,2012,0.0,23,0.0
19,701,2013,1.0,23,4.3478260869565215
19,701,2014,1.0,17,5.88235294117647
19,701,2015,0.0,8,0.0
19,701,2016,0.0,2,0.0
19,701,2017,0.0,7,0.0
19,701,2018,0.0,4,0.0
19,701,2019,0.0,4,0.0
19,701,2020,1.0,7,14.285714285714285
19,701,2021,0.0,11,0.0
19,701,2022,1.0,8,12.5
19,701,2023,1.0,3,33.33333333333333
19,701,2024,0.0,3,0.0
19,743,1998,9.0,148,6.081081081081082
19,743,1999,8.0,170,4.705882352941177
19,743,2000,4.0,141,2.8368794326241136
19,743,2001,5.0,152,3.289473684210526
19,743,2002,15.0,168,8.928571428571429
19,743,2003,10.0,170,5.88235294117647
19,743,2004,7.0,160,4.375
19,743,2005,10.0,184,5.434782608695652
19,743,2006,18.0,181,9.94475138121547
19,743,2007,10.0,203,4.926108374384237
19,743,2008,19.0,218,8.715596330275229
19,743,2009,9.0,192,4.6875
19,743,2010,14.0,221,6.334841628959276
19,743,2011,8.0,161,4.968944099378882
19,743,2012,9.0,163,5.521472392638037
19,743,2013,7.0,187,3.7433155080213902
19,743,2014,4.0,228,1.7543859649122806
19,743,2015,13.0,245,5.3061224489795915
19,743,2016,8.0,251,3.187250996015936
19,743,2017,18.0,297,6.0606060606060606
19,743,2018,13.0,284,4.577464788732395
19,743,2019,10.0,240,4.166666666666666
19,743,2020,7.0,240,2.9166666666666665
19,743,2021,11.0,238,4.621848739495799
19,743,2022,7.0,192,3.6458333333333335
19,743,2023,4.0,130,3.076923076923077
19,743,2024,9.0,89,10.112359550561797
19,75,1998,5.0,157,3.1847133757961785
19,75,1999,5.0,200,2.5
19,75,2000,6.0,169,3.5502958579881656
19,75,2001,5.0,149,3.3557046979865772
19,75,2002,1.0,100,1.0
19,75,2003,3.0,160,1.875
19,75,2004,3.0,184,1.6304347826086956
19,75,2005,4.0,216,1.8518518518518516
19,75,2006,7.0,227,3.0837004405286343
19,75,2007,1.0,191,0.5235602094240838
19,75,2012,5.0,150,3.3333333333333335
19,75,2013,7.0,142,4.929577464788732
19,760,1998,0.0,50,0.0
19,760,1999,2.0,50,4.0
19,760,2000,7.0,61,11.475409836065573
19,760,2001,4.0,61,6.557377049180328
19,760,2002,5.0,83,6.024096385542169
19,760,2003,4.0,92,4.3478260869565215
19,760,2004,12.0,86,13.953488372093023
19,760,2005,10.0,67,14.925373134328357
19,760,2006,2.0,72,2.7777777777777777
19,760,2007,5.0,43,11.627906976744185
19,760,2008,4.0,39,10.256410256410255
19,760,2009,2.0,44,4.545454545454546
19,760,2010,6.0,47,12.76595744680851
19,760,2011,1.0,29,3.4482758620689653
19,760,2012,0.0,31,0.0
19,760,2013,1.0,34,2.941176470588235
19,760,2014,0.0,22,0.0
19,760,2015,0.0,22,0.0
19,760,2016,0.0,18,0.0
19,760,2017,0.0,10,0.0
19,760,2018,0.0,13,0.0
19,760,2019,0.0,17,0.0
19,760,2020,1.0,16,6.25
19,760,2021,1.0,21,4.761904761904762
19,760,2022,0.0,8,0.0
19,760,2023,0.0,6,0.0
19,760,2024,2.0,9,22.22222222222222
19,780,1998,3.0,140,2.142857142857143
19,780,1999,0.0,79,0.0
19,780,2000,4.0,115,3.4782608695652173
19,780,2001,4.0,84,4.761904761904762
19,780,2002,1.0,76,1.3157894736842104
19,780,2003,3.0,83,3.614457831325301
19,780,2004,3.0,80,3.75
19,780,2005,2.0,77,2.5974025974025974
19,780,2006,0.0,68,0.0
19,780,2007,4.0,80,5.0
19,780,2008,1.0,91,1.098901098901099
19,780,2009,7.0,114,6.140350877192982
19,780,2010,2.0,91,2.197802197802198
19,780,2011,6.0,113,5.3097345132743365
19,780,2012,5.0,100,5.0
19,780,2013,2.0,136,1.4705882352941175
19,780,2014,1.0,102,0.9803921568627451
19,780,2015,2.0,65,3.076923076923077
19,780,2016,6.0,70,8.571428571428571
19,780,2017,4.0,84,4.761904761904762
19,780,2018,2.0,74,2.7027027027027026
19,780,2019,3.0,67,4.477611940298507
19,780,2020,2.0,95,2.1052631578947367
19,780,2021,5.0,94,5.319148936170213
19,780,2022,3.0,24,12.5
19,780,2023,5.0,30,16.666666666666664
19,780,2024,4.0,40,10.0
19,785,2000,6.0,57,10.526315789473683
19,785,2001,0.0,68,0.0
19,785,2002,0.0,57,0.0
19,785,2003,2.0,50,4.0
19,785,2004,3.0,77,3.896103896103896
19,785,2005,3.0,101,2.9702970297029703
19,785,2006,2.0,78,2.564102564102564
19,785,2007,4.0,80,5.0
19,785,2008,3.0,97,3.0927835051546393
19,785,2009,1.0,67,1.4925373134328357
19,785,2010,0.0,51,0.0
19,785,2011,2.0,47,4.25531914893617
19,785,2012,1.0,43,2.3255813953488373
19,785,2013,2.0,34,5.88235294117647
19,785,2014,2.0,45,4.444444444444445
19,785,2015,2.0,27,7.4074074074074066
19,785,2016,2.0,39,5.128205128205128
19,785,2017,2.0,40,5.0
19,785,2018,2.0,34,5.88235294117647
19,785,2019,1.0,25,4.0
19,785,2020,4.0,40,10.0
19,785,2021,1.0,24,4.166666666666666
19,785,2022,2.0,22,9.090909090909092
19,785,2023,0.0,3,0.0
19,785,2024,0.0,8,0.0
19,807,1998,10.0,165,6.0606060606060606
19,807,1999,7.0,204,3.431372549019608
19,807,2000,7.0,178,3.932584269662921
19,807,2001,4.0,198,2.0202020202020203
19,807,2002,3.0,192,1.5625
19,807,2003,8.0,229,3.4934497816593884
19,807,2004,3.0,178,1.6853932584269662
19,807,2005,7.0,161,4.3478260869565215
19,807,2006,5.0,160,3.125
19,807,2007,6.0,146,4.10958904109589
19,807,2008,5.0,183,2.73224043715847
19,807,2009,7.0,172,4.069767441860465
19,807,2010,5.0,132,3.787878787878788
19,807,2011,4.0,122,3.278688524590164
19,807,2012,4.0,117,3.418803418803419
19,807,2013,4.0,102,3.9215686274509802
19,807,2014,2.0,83,2.4096385542168677
19,807,2015,4.0,64,6.25
19,807,2016,2.0,58,3.4482758620689653
19,807,2017,3.0,37,8.108108108108109
19,807,2018,1.0,53,1.8867924528301887
19,807,2019,1.0,35,2.857142857142857
19,807,2020,1.0,43,2.3255813953488373
19,807,2021,1.0,35,2.857142857142857
19,807,2022,4.0,27,14.814814814814813
19,807,2023,1.0,9,11.11111111111111
19,807,2024,0.0,4,0.0
19,809,1998,0.0,47,0.0
19,809,1999,5.0,71,7.042253521126761
19,809,2000,3.0,87,3.4482758620689653
19,809,2001,8.0,72,11.11111111111111
19,809,2002,4.0,111,3.6036036036036037
19,809,2003,5.0,150,3.3333333333333335
19,809,2004,14.0,136,10.294117647058822
19,809,2005,8.0,105,7.6190476190476195
19,809,2006,1.0,7,14.285714285714285
19,809,2007,3.0,42,7.142857142857142
19,809,2008,6.0,122,4.918032786885246
19,809,2009,10.0,88,11.363636363636363
19,809,2010,4.0,24,16.666666666666664
19,809,2011,3.0,108,2.7777777777777777
19,809,2012,3.0,119,2.5210084033613445
19,809,2013,12.0,137,8.75912408759124
19,809,2014,13.0,135,9.62962962962963
19,809,2015,13.0,123,10.569105691056912
19,809,2016,6.0,110,5.454545454545454
19,809,2017,13.0,127,10.236220472440944
19,809,2018,13.0,127,10.236220472440944
19,809,2019,5.0,92,5.434782608695652
19,809,2020,13.0,129,10.077519379844961
19,809,2021,8.0,170,4.705882352941177
19,809,2022,5.0,91,5.4945054945054945
19,809,2023,5.0,67,7.462686567164178
19,809,2024,8.0,55,14.545454545454545
19,821,1998,10.0,113,8.849557522123893
19,821,1999,5.0,157,3.1847133757961785
19,821,2000,4.0,131,3.0534351145038165
19,821,2001,7.0,156,4.487179487179487
19,821,2002,5.0,174,2.8735632183908044
19,821,2003,6.0,163,3.6809815950920246
19,821,2004,10.0,241,4.149377593360995
19,821,2005,6.0,183,3.278688524590164
19,821,2006,3.0,182,1.6483516483516485
19,821,2007,6.0,251,2.3904382470119523
19,821,2008,8.0,222,3.6036036036036037
19,821,2009,6.0,216,2.7777777777777777
19,821,2010,6.0,170,3.5294117647058822
19,821,2011,10.0,187,5.347593582887701
19,821,2012,11.0,204,5.392156862745098
19,821,2013,13.0,204,6.372549019607843
19,821,2014,12.0,289,4.1522491349480966
19,821,2015,17.0,286,5.944055944055944
19,821,2016,7.0,368,1.9021739130434785
19,821,2017,14.0,408,3.431372549019608
19,821,2018,6.0,419,1.431980906921241
19,821,2019,12.0,415,2.891566265060241
19,821,2020,13.0,440,2.9545454545454546
19,821,2021,16.0,389,4.113110539845758
19,821,2022,12.0,339,3.5398230088495577
19,821,2023,11.0,291,3.7800687285223367
19,821,2024,10.0,240,4.166666666666666
19,824,1998,7.0,73,9.58904109589041
19,824,1999,4.0,137,2.9197080291970803
19,824,2000,6.0,160,3.75
19,824,2001,12.0,197,6.091370558375635
19,824,2002,3.0,187,1.6042780748663104
19,824,2003,5.0,199,2.512562814070352
19,824,2004,2.0,229,0.8733624454148471
19,824,2005,2.0,203,0.9852216748768473
19,824,2006,5.0,215,2.3255813953488373
19,824,2007,4.0,188,2.127659574468085
19,824,2008,5.0,146,3.4246575342465753
19,824,2009,1.0,134,0.7462686567164178
19,824,2010,7.0,160,4.375
19,824,2011,3.0,89,3.3707865168539324
19,824,2012,2.0,123,1.6260162601626018
19,824,2013,1.0,114,0.8771929824561403
19,824,2014,3.0,130,2.307692307692308
19,824,2015,2.0,139,1.4388489208633095
19,824,2016,2.0,149,1.342281879194631
19,824,2017,1.0,108,0.9259259259259258
19,824,2018,1.0,107,0.9345794392523363
19,824,2019,4.0,103,3.8834951456310676
19,824,2020,2.0,89,2.247191011235955
19,824,2021,2.0,148,1.3513513513513513
19,824,2022,6.0,104,5.769230769230769
19,824,2023,0.0,86,0.0
19,824,2024,2.0,53,3.7735849056603774
19,845,1999,2.0,49,4.081632653061225
19,845,2000,3.0,56,5.357142857142857
19,845,2001,0.0,39,0.0
19,845,2002,3.0,37,8.108108108108109
19,845,2003,2.0,45,4.444444444444445
19,845,2004,4.0,53,7.547169811320755
19,845,2005,1.0,39,2.564102564102564
19,845,2006,0.0,54,0.0
19,845,2007,1.0,51,1.9607843137254901
19,845,2008,1.0,76,1.3157894736842104
19,845,2009,1.0,56,1.7857142857142856
19,845,2010,1.0,60,1.6666666666666667
19,845,2011,2.0,71,2.8169014084507045
19,845,2012,0.0,42,0.0
19,845,2013,1.0,48,2.083333333333333
19,845,2014,1.0,27,3.7037037037037033
19,845,2015,1.0,18,5.555555555555555
19,845,2016,1.0,14,7.142857142857142
19,845,2017,2.0,5,40.0
19,845,2018,0.0,7,0.0
19,845,2019,2.0,25,8.0
19,845,2020,1.0,25,4.0
19,845,2021,2.0,26,7.6923076923076925
19,845,2022,1.0,6,16.666666666666664
19,845,2023,1.0,6,16.666666666666664
19,845,2024,2.0,9,22.22222222222222
19,999,2011,1.0,8,12.5
19,001,2008,741.0,7260,10.206611570247933
19,001,2009,797.0,7589,10.502042429832652
19,001,2010,808.0,7760,10.412371134020619
19,001,2011,793.0,7692,10.30941237649506
19,001,2014,858.0,8580,10.0
19,001,2015,922.0,8871,10.393416751211813
19,001,2016,894.0,8726,10.24524409809764
19,001,2017,895.0,8868,10.092467298150654
19,001,2018,873.0,8442,10.341151385927505
19,001,2019,798.0,7908,10.09104704097117
19,001,2020,796.0,7969,9.988706236667085
19,001,2021,815.0,8178,9.965761799951087
19,001,2022,857.0,7766,11.035281998454803
19,001,2023,692.0,6714,10.306821566875186
19,001,2024,648.0,6200,10.451612903225808
19,022,2008,10.0,78,12.82051282051282
19,022,2009,20.0,114,17.543859649122805
19,022,2010,9.0,127,7.086614173228346
19,022,2011,6.0,101,5.9405940594059405
19,022,2014,4.0,79,5.063291139240507
19,022,2015,6.0,94,6.382978723404255
19,022,2016,10.0,99,10.1010101010101
19,022,2017,6.0,85,7.0588235294117645
19,022,2018,3.0,88,3.4090909090909087
19,022,2019,4.0,60,6.666666666666667
19,022,2020,2.0,76,2.631578947368421
19,022,2021,6.0,86,6.976744186046512
19,022,2022,3.0,35,8.571428571428571
19,022,2023,1.0,25,4.0
19,022,2024,4.0,22,18.181818181818183
19,050,2008,4.0,193,2.072538860103627
19,050,2009,6.0,160,3.75
19,050,2010,4.0,145,2.7586206896551726
19,050,2011,7.0,202,3.4653465346534658
19,050,2014,5.0,143,3.4965034965034967
19,050,2015,4.0,132,3.0303030303030303
19,050,2016,5.0,128,3.90625
19,050,2017,11.0,124,8.870967741935484
19,050,2018,10.0,106,9.433962264150944
19,050,2019,8.0,95,8.421052631578947
19,050,2020,6.0,200,3.0
19,050,2021,4.0,102,3.9215686274509802
19,050,2022,6.0,86,6.976744186046512
19,050,2023,1.0,71,1.4084507042253522
19,050,2024,4.0,46,8.695652173913043
19,075,2008,3.0,156,1.9230769230769231
19,075,2009,7.0,141,4.964539007092199
19,075,2010,6.0,150,4.0
19,075,2011,5.0,121,4.132231404958678
19,075,2014,3.0,117,2.564102564102564
19,075,2015,6.0,122,4.918032786885246
19,075,2016,9.0,103,8.737864077669903
19,075,2017,5.0,109,4.587155963302752
19,075,2018,4.0,92,4.3478260869565215
19,075,2019,5.0,100,5.0
19,075,2020,5.0,124,4.032258064516129
19,075,2021,7.0,94,7.446808510638298
19,075,2022,5.0,75,6.666666666666667
19,075,2023,5.0,51,9.803921568627452
19,075,2024,5.0,45,11.11111111111111
20,1,1998,346.0,6749,5.126685434879241
20,1,1999,427.0,7442,5.737704918032787
20,1,2000,549.0,8814,6.228727025187202
20,1,2001,622.0,9143,6.803018702832768
20,1,2002,592.0,9122,6.489804867353651
20,1,2003,708.0,9715,7.287699433865156
20,1,2004,722.0,9913,7.283365277917886
20,1,2005,909.0,10302,8.823529411764707
20,1,2006,1021.0,10518,9.707168663243964
20,1,2007,1080.0,10903,9.905530587911585
20,1,2012,1425.0,13201,10.79463676994167
20,1,2013,1405.0,13851,10.143671937044257
20,11,1998,95.0,1553,6.117192530585962
20,11,1999,116.0,1767,6.5647990945104695
20,11,2000,132.0,2046,6.451612903225806
20,11,2001,137.0,1985,6.9017632241813605
20,11,2002,145.0,2107,6.881822496440437
20,11,2003,150.0,2450,6.122448979591836
20,11,2004,155.0,2616,5.925076452599389
20,11,2005,154.0,2604,5.913978494623656
20,11,2006,173.0,2859,6.051066806575726
20,11,2007,138.0,2832,4.872881355932203
20,11,2012,121.0,3019,4.007949652202717
20,11,2013,102.0,2883,3.537981269510926
20,13,1998,36.0,864,4.166666666666666
20,13,1999,45.0,964,4.668049792531121
20,13,2000,41.0,1002,4.091816367265469
20,13,2001,34.0,938,3.624733475479744
20,13,2002,34.0,802,4.239401496259352
20,13,2003,40.0,790,5.063291139240507
20,13,2004,19.0,839,2.264600715137068
20,13,2005,30.0,844,3.5545023696682465
20,13,2006,24.0,844,2.843601895734597
20,13,2007,51.0,901,5.660377358490567
20,13,2012,8.0,286,2.797202797202797
20,13,2013,19.0,271,7.011070110701106
20,175,1998,13.0,279,4.659498207885305
20,175,1999,19.0,290,6.551724137931035
20,175,2000,17.0,371,4.5822102425876015
20,175,2001,11.0,360,3.0555555555555554
20,175,2002,14.0,275,5.090909090909091
20,175,2003,25.0,404,6.188118811881188
20,175,2004,17.0,383,4.43864229765013
20,175,2005,15.0,394,3.807106598984772
20,175,2006,14.0,375,3.733333333333334
20,175,2007,17.0,355,4.788732394366197
20,175,2008,16.0,198,8.080808080808081
20,175,2009,11.0,233,4.721030042918455
20,175,2010,12.0,224,5.357142857142857
20,175,2011,10.0,199,5.025125628140704
20,175,2012,4.0,101,3.9603960396039604
20,175,2013,7.0,102,6.862745098039216
20,175,2014,6.0,106,5.660377358490567
20,175,2015,3.0,80,3.75
20,175,2016,2.0,62,3.225806451612903
20,175,2017,1.0,67,1.4925373134328357
20,175,2018,2.0,82,2.4390243902439024
20,175,2019,2.0,75,2.666666666666667
20,175,2020,4.0,79,5.063291139240507
20,175,2021,3.0,112,2.6785714285714284
20,175,2022,5.0,68,7.352941176470589
20,175,2023,5.0,46,10.869565217391305
20,175,2024,1.0,21,4.761904761904762
20,178,1998,43.0,659,6.525037936267071
20,178,1999,71.0,883,8.040770101925254
20,178,2000,59.0,1016,5.807086614173229
20,178,2001,40.0,639,6.259780907668231
20,178,2002,56.0,644,8.695652173913043
20,178,2003,60.0,737,8.14111261872456
20,178,2004,43.0,691,6.2228654124457305
20,178,2005,37.0,889,4.161979752530934
20,178,2006,54.0,1008,5.357142857142857
20,178,2007,94.0,1524,6.167979002624672
20,178,2008,124.0,1755,7.065527065527065
20,178,2009,99.0,1700,5.823529411764706
20,178,2010,52.0,1241,4.19016921837228
20,178,2011,101.0,1513,6.67547918043622
20,178,2012,89.0,1812,4.911699779249449
20,178,2013,47.0,1533,3.0658838878016956
20,178,2014,56.0,1454,3.851444291609354
20,178,2015,38.0,1127,3.3717834960070983
20,178,2016,18.0,370,4.864864864864865
20,178,2017,10.0,196,5.1020408163265305
20,178,2018,9.0,153,5.88235294117647
20,178,2019,8.0,129,6.2015503875969
20,178,2020,57.0,1339,4.256908140403286
20,178,2021,63.0,1516,4.155672823218998
20,178,2022,60.0,1464,4.098360655737705
20,178,2023,33.0,1036,3.1853281853281854
20,178,2024,32.0,739,4.330175913396482
20,228,1998,11.0,333,3.303303303303303
20,228,1999,25.0,482,5.186721991701245
20,228,2000,21.0,551,3.8112522686025407
20,228,2001,24.0,434,5.529953917050691
20,228,2002,13.0,339,3.8348082595870205
20,228,2003,15.0,415,3.614457831325301
20,228,2004,17.0,419,4.05727923627685
20,228,2005,8.0,400,2.0
20,228,2006,11.0,380,2.8947368421052633
20,228,2007,8.0,287,2.7874564459930316
20,228,2008,15.0,293,5.1194539249146755
20,228,2009,9.0,340,2.6470588235294117
20,228,2010,7.0,260,2.6923076923076925
20,228,2011,7.0,265,2.6415094339622645
20,228,2012,4.0,202,1.9801980198019802
20,228,2013,3.0,131,2.2900763358778624
20,228,2014,4.0,115,3.4782608695652173
20,228,2015,4.0,146,2.73972602739726
20,228,2016,5.0,168,2.976190476190476
20,228,2017,7.0,216,3.2407407407407405
20,228,2018,8.0,230,3.4782608695652173
20,228,2019,18.0,215,8.372093023255815
20,228,2020,5.0,142,3.5211267605633805
20,228,2021,11.0,198,5.555555555555555
20,228,2022,7.0,147,4.761904761904762
20,228,2023,9.0,103,8.737864077669903
20,228,2024,2.0,61,3.278688524590164
20,238,1998,16.0,276,5.797101449275362
20,238,1999,1.0,141,0.7092198581560284
20,238,2000,16.0,342,4.678362573099415
20,238,2001,10.0,315,3.1746031746031744
20,238,2002,11.0,298,3.691275167785235
20,238,2003,21.0,367,5.722070844686648
20,238,2004,13.0,390,3.3333333333333335
20,238,2005,16.0,346,4.624277456647398
20,238,2006,11.0,352,3.125
20,238,2007,13.0,244,5.327868852459016
20,238,2008,9.0,297,3.0303030303030303
20,238,2009,10.0,222,4.504504504504505
20,238,2010,8.0,157,5.095541401273886
20,238,2011,4.0,176,2.272727272727273
20,238,2012,5.0,154,3.2467532467532463
20,238,2013,9.0,161,5.590062111801243
20,238,2014,9.0,119,7.563025210084033
20,238,2015,6.0,94,6.382978723404255
20,238,2016,1.0,86,1.1627906976744187
20,238,2017,3.0,69,4.3478260869565215
20,238,2018,3.0,78,3.8461538461538463
20,238,2019,4.0,109,3.669724770642202
20,238,2020,4.0,108,3.7037037037037033
20,238,2021,6.0,90,6.666666666666667
20,238,2022,9.0,107,8.411214953271028
20,238,2023,7.0,84,8.333333333333332
20,238,2024,4.0,71,5.633802816901409
20,250,1998,2.0,151,1.3245033112582782
20,250,1999,2.0,136,1.4705882352941175
20,250,2000,9.0,165,5.454545454545454
20,250,2001,10.0,217,4.6082949308755765
20,250,2002,11.0,176,6.25
20,250,2003,10.0,217,4.6082949308755765
20,250,2004,23.0,309,7.443365695792881
20,250,2005,18.0,303,5.9405940594059405
20,250,2006,10.0,348,2.8735632183908044
20,250,2007,11.0,273,4.029304029304029
20,250,2008,17.0,313,5.431309904153355
20,250,2009,16.0,260,6.153846153846154
20,250,2010,9.0,271,3.3210332103321036
20,250,2011,9.0,187,4.81283422459893
20,250,2012,4.0,221,1.809954751131222
20,250,2013,6.0,175,3.428571428571429
20,250,2014,4.0,107,3.7383177570093453
20,250,2015,4.0,81,4.938271604938271
20,250,2016,1.0,81,1.2345679012345678
20,250,2017,7.0,97,7.216494845360824
20,250,2018,13.0,137,9.48905109489051
20,250,2019,7.0,148,4.72972972972973
20,250,2020,14.0,186,7.526881720430108
20,250,2021,9.0,139,6.474820143884892
20,250,2022,6.0,65,9.230769230769232
20,250,2023,2.0,43,4.651162790697675
20,250,2024,4.0,32,12.5
20,295,1998,5.0,134,3.731343283582089
20,295,1999,4.0,128,3.125
20,295,2000,5.0,168,2.976190476190476
20,295,2001,5.0,169,2.9585798816568047
20,295,2002,2.0,102,1.9607843137254901
20,295,2003,5.0,121,4.132231404958678
20,295,2004,5.0,124,4.032258064516129
20,295,2005,4.0,108,3.7037037037037033
20,295,2006,3.0,106,2.8301886792452833
20,295,2007,4.0,94,4.25531914893617
20,295,2008,1.0,85,1.1764705882352942
20,295,2009,3.0,66,4.545454545454546
20,295,2010,2.0,36,5.555555555555555
20,295,2011,3.0,60,5.0
20,295,2012,1.0,18,5.555555555555555
20,295,2013,3.0,54,5.555555555555555
20,295,2014,2.0,28,7.142857142857142
20,295,2015,0.0,7,0.0
20,295,2016,5.0,50,10.0
20,295,2017,1.0,58,1.7241379310344827
20,295,2018,2.0,43,4.651162790697675
20,295,2019,0.0,37,0.0
20,295,2020,1.0,56,1.7857142857142856
20,295,2021,6.0,73,8.21917808219178
20,295,2022,3.0,32,9.375
20,295,2023,0.0,9,0.0
20,310,1998,2.0,25,8.0
20,310,1999,0.0,14,0.0
20,310,2000,4.0,21,19.047619047619047
20,310,2001,1.0,9,11.11111111111111
20,310,2002,1.0,25,4.0
20,310,2003,1.0,34,2.941176470588235
20,310,2004,2.0,34,5.88235294117647
20,310,2005,0.0,21,0.0
20,310,2006,1.0,23,4.3478260869565215
20,310,2007,0.0,27,0.0
20,310,2008,2.0,21,9.523809523809524
20,310,2009,0.0,12,0.0
20,310,2010,0.0,9,0.0
20,310,2011,0.0,8,0.0
20,310,2012,0.0,13,0.0
20,310,2013,0.0,16,0.0
20,310,2014,0.0,6,0.0
20,310,2015,0.0,4,0.0
20,310,2016,0.0,5,0.0
20,310,2017,0.0,7,0.0
20,310,2018,0.0,1,0.0
20,310,2019,0.0,1,0.0
20,310,2020,0.0,4,0.0
20,310,2021,0.0,2,0.0
20,310,2022,0.0,4,0.0
20,32,1998,15.0,218,6.8807339449541285
20,32,1999,12.0,323,3.7151702786377707
20,32,2000,17.0,353,4.815864022662889
20,32,2001,10.0,314,3.1847133757961785
20,32,2002,10.0,306,3.2679738562091507
20,32,2003,10.0,290,3.4482758620689653
20,32,2004,8.0,326,2.4539877300613497
20,32,2005,19.0,297,6.397306397306397
20,32,2006,10.0,301,3.322259136212625
20,32,2007,12.0,266,4.511278195488721
20,32,2012,4.0,145,2.7586206896551726
20,32,2013,9.0,178,5.056179775280898
20,383,1998,2.0,123,1.6260162601626018
20,383,1999,5.0,140,3.571428571428571
20,383,2000,5.0,144,3.4722222222222223
20,383,2001,3.0,138,2.1739130434782608
20,383,2002,2.0,135,1.4814814814814816
20,383,2003,4.0,141,2.8368794326241136
20,383,2004,9.0,194,4.639175257731959
20,383,2005,1.0,151,0.6622516556291391
20,383,2006,2.0,134,1.4925373134328357
20,383,2007,1.0,96,1.0416666666666665
20,383,2008,0.0,106,0.0
20,383,2009,0.0,86,0.0
20,383,2010,1.0,55,1.8181818181818181
20,383,2011,2.0,48,4.166666666666666
20,383,2012,2.0,60,3.3333333333333335
20,383,2013,0.0,48,0.0
20,383,2014,4.0,54,7.4074074074074066
20,383,2015,2.0,58,3.4482758620689653
20,383,2016,0.0,44,0.0
20,383,2017,2.0,40,5.0
20,383,2018,1.0,27,3.7037037037037033
20,383,2019,0.0,30,0.0
20,383,2020,0.0,30,0.0
20,383,2021,0.0,28,0.0
20,383,2022,1.0,30,3.3333333333333335
20,383,2023,0.0,7,0.0
20,383,2024,0.0,2,0.0
20,400,1998,9.0,287,3.1358885017421603
20,400,1999,17.0,255,6.666666666666667
20,400,2000,6.0,279,2.1505376344086025
20,400,2001,10.0,281,3.558718861209965
20,400,2002,13.0,333,3.903903903903904
20,400,2003,13.0,276,4.710144927536232
20,400,2004,10.0,302,3.3112582781456954
20,400,2005,8.0,285,2.807017543859649
20,400,2006,7.0,328,2.1341463414634148
20,400,2007,5.0,138,3.6231884057971016
20,400,2008,8.0,175,4.571428571428571
20,400,2009,12.0,236,5.084745762711865
20,400,2010,5.0,196,2.5510204081632653
20,400,2011,4.0,176,2.272727272727273
20,400,2012,4.0,145,2.7586206896551726
20,400,2013,1.0,134,0.7462686567164178
20,400,2014,1.0,104,0.9615384615384616
20,400,2015,6.0,142,4.225352112676056
20,400,2016,8.0,126,6.349206349206349
20,400,2017,8.0,127,6.299212598425196
20,400,2018,7.0,151,4.635761589403973
20,400,2019,9.0,106,8.49056603773585
20,400,2020,6.0,111,5.405405405405405
20,400,2021,10.0,123,8.130081300813007
20,400,2022,8.0,77,10.38961038961039
20,400,2023,3.0,40,7.5
20,400,2024,3.0,22,13.636363636363635
20,443,1998,3.0,99,3.0303030303030303
20,443,1999,0.0,94,0.0
20,443,2000,8.0,120,6.666666666666667
20,443,2001,4.0,106,3.7735849056603774
20,443,2002,2.0,87,2.2988505747126435
20,443,2003,0.0,91,0.0
20,443,2004,7.0,122,5.737704918032787
20,443,2005,7.0,76,9.210526315789473
20,443,2006,1.0,78,1.282051282051282
20,443,2007,3.0,45,6.666666666666667
20,443,2008,1.0,47,2.127659574468085
20,443,2009,0.0,34,0.0
20,443,2010,3.0,26,11.538461538461538
20,443,2011,0.0,5,0.0
20,443,2012,1.0,14,7.142857142857142
20,443,2013,0.0,9,0.0
20,443,2014,1.0,5,20.0
20,443,2015,0.0,16,0.0
20,443,2016,0.0,3,0.0
20,443,2017,1.0,16,6.25
20,443,2018,0.0,15,0.0
20,443,2019,2.0,11,18.181818181818183
20,443,2020,2.0,20,10.0
20,443,2021,3.0,21,14.285714285714285
20,443,2022,2.0,31,6.451612903225806
20,443,2023,0.0,18,0.0
20,443,2024,0.0,14,0.0
20,45,1998,7.0,170,4.117647058823529
20,45,1999,8.0,237,3.375527426160337
20,45,2000,2.0,64,3.125
20,45,2001,5.0,189,2.6455026455026456
20,45,2002,8.0,172,4.651162790697675
20,45,2003,6.0,107,5.607476635514018
20,45,2004,7.0,152,4.605263157894736
20,45,2005,3.0,135,2.2222222222222223
20,45,2006,6.0,165,3.6363636363636362
20,45,2007,3.0,139,2.158273381294964
20,45,2012,7.0,97,7.216494845360824
20,45,2013,5.0,93,5.376344086021505
20,517,1998,12.0,248,4.838709677419355
20,517,1999,8.0,236,3.389830508474576
20,517,2000,10.0,298,3.3557046979865772
20,517,2001,5.0,236,2.11864406779661
20,517,2002,5.0,231,2.1645021645021645
20,517,2003,7.0,255,2.7450980392156863
20,517,2004,6.0,275,2.181818181818182
20,517,2005,4.0,235,1.702127659574468
20,517,2006,4.0,260,1.5384615384615385
20,517,2007,4.0,161,2.484472049689441
20,517,2008,3.0,145,2.0689655172413794
20,517,2009,0.0,144,0.0
20,517,2010,6.0,113,5.3097345132743365
20,517,2011,2.0,141,1.4184397163120568
20,517,2012,2.0,92,2.1739130434782608
20,517,2013,0.0,85,0.0
20,517,2014,0.0,71,0.0
20,517,2015,1.0,65,1.5384615384615385
20,517,2016,1.0,81,1.2345679012345678
20,517,2017,0.0,91,0.0
20,517,2018,0.0,124,0.0
20,517,2019,4.0,93,4.301075268817205
20,517,2020,3.0,112,2.6785714285714284
20,517,2021,2.0,124,1.6129032258064515
20,517,2022,8.0,98,8.16326530612245
20,517,2023,3.0,55,5.454545454545454
20,517,2024,3.0,31,9.67741935483871
20,550,1998,10.0,173,5.780346820809249
20,550,1999,17.0,207,8.212560386473431
20,550,2000,6.0,197,3.0456852791878175
20,550,2001,4.0,235,1.702127659574468
20,550,2002,5.0,161,3.1055900621118013
20,550,2003,4.0,144,2.7777777777777777
20,550,2004,22.0,232,9.482758620689655
20,550,2005,41.0,247,16.599190283400812
20,550,2006,9.0,212,4.245283018867925
20,550,2007,3.0,146,2.054794520547945
20,550,2008,4.0,215,1.8604651162790697
20,550,2009,4.0,111,3.6036036036036037
20,550,2010,3.0,129,2.3255813953488373
20,550,2011,1.0,106,0.9433962264150944
20,550,2012,2.0,61,3.278688524590164
20,550,2013,2.0,88,2.272727272727273
20,550,2014,5.0,52,9.615384615384617
20,550,2015,6.0,61,9.836065573770492
20,550,2016,2.0,52,3.8461538461538463
20,550,2017,4.0,62,6.451612903225806
20,550,2018,3.0,79,3.79746835443038
20,550,2019,6.0,80,7.5
20,550,2020,10.0,150,6.666666666666667
20,550,2021,9.0,140,6.428571428571428
20,550,2022,2.0,65,3.076923076923077
20,550,2023,3.0,29,10.344827586206897
20,550,2024,1.0,10,10.0
20,570,1998,0.0,38,0.0
20,570,1999,1.0,16,6.25
20,570,2000,3.0,64,4.6875
20,570,2001,4.0,69,5.797101449275362
20,570,2002,6.0,110,5.454545454545454
20,570,2003,5.0,124,4.032258064516129
20,570,2004,5.0,117,4.273504273504273
20,570,2005,7.0,115,6.086956521739131
20,570,2006,13.0,102,12.745098039215685
20,570,2007,5.0,97,5.154639175257731
20,570,2008,6.0,115,5.217391304347826
20,570,2009,4.0,72,5.555555555555555
20,570,2010,3.0,63,4.761904761904762
20,570,2011,5.0,81,6.172839506172839
20,570,2012,5.0,61,8.19672131147541
20,570,2013,1.0,33,3.0303030303030303
20,570,2014,3.0,45,6.666666666666667
20,570,2015,0.0,12,0.0
20,570,2016,5.0,49,10.204081632653061
20,570,2017,3.0,44,6.8181818181818175
20,570,2018,3.0,64,4.6875
20,570,2019,13.0,104,12.5
20,570,2020,15.0,122,12.295081967213115
20,570,2021,6.0,91,6.593406593406594
20,570,2022,2.0,78,2.564102564102564
20,570,2023,1.0,79,1.2658227848101267
20,570,2024,2.0,66,3.0303030303030303
20,60,1998,28.0,350,8.0
20,60,1999,19.0,361,5.263157894736842
20,60,2000,12.0,429,2.797202797202797
20,60,2001,18.0,442,4.072398190045249
20,60,2002,23.0,485,4.742268041237113
20,60,2003,14.0,423,3.309692671394799
20,60,2004,11.0,450,2.4444444444444446
20,60,2005,16.0,427,3.747072599531616
20,60,2006,26.0,511,5.088062622309197
20,60,2007,22.0,412,5.339805825242718
20,60,2012,9.0,192,4.6875
20,60,2013,9.0,196,4.591836734693878
20,614,1998,3.0,54,5.555555555555555
20,614,1999,1.0,64,1.5625
20,614,2000,3.0,93,3.225806451612903
20,614,2001,1.0,66,1.5151515151515151
20,614,2002,4.0,76,5.263157894736842
20,614,2003,2.0,97,2.0618556701030926
20,614,2004,2.0,100,2.0
20,614,2005,5.0,93,5.376344086021505
20,614,2006,1.0,56,1.7857142857142856
20,614,2007,2.0,61,3.278688524590164
20,614,2008,1.0,78,1.282051282051282
20,614,2009,1.0,67,1.4925373134328357
20,614,2010,0.0,39,0.0
20,614,2011,1.0,44,2.272727272727273
20,614,2012,0.0,28,0.0
20,614,2013,2.0,32,6.25
20,614,2014,0.0,34,0.0
20,614,2015,0.0,31,0.0
20,614,2016,0.0,12,0.0
20,614,2017,0.0,13,0.0
20,614,2018,1.0,18,5.555555555555555
20,614,2019,0.0,8,0.0
20,614,2020,0.0,12,0.0
20,614,2021,0.0,12,0.0
20,614,2022,1.0,8,12.5
20,614,2023,0.0,2,0.0
20,614,2024,0.0,1,0.0
20,621,1998,14.0,288,4.861111111111112
20,621,1999,7.0,326,2.147239263803681
20,621,2000,9.0,307,2.9315960912052117
20,621,2001,14.0,331,4.229607250755287
20,621,2002,12.0,277,4.332129963898916
20,621,2003,7.0,295,2.3728813559322033
20,621,2004,6.0,255,2.3529411764705883
20,621,2005,10.0,217,4.6082949308755765
20,621,2006,7.0,231,3.0303030303030303
20,621,2007,3.0,197,1.5228426395939088
20,621,2008,5.0,128,3.90625
20,621,2009,3.0,106,2.8301886792452833
20,621,2010,1.0,41,2.4390243902439024
20,621,2011,3.0,53,5.660377358490567
20,621,2012,3.0,42,7.142857142857142
20,621,2013,0.0,25,0.0
20,621,2014,6.0,27,22.22222222222222
20,621,2015,2.0,41,4.878048780487805
20,621,2016,0.0,45,0.0
20,621,2017,1.0,26,3.8461538461538463
20,621,2018,3.0,21,14.285714285714285
20,621,2019,1.0,22,4.545454545454546
20,621,2020,4.0,28,14.285714285714285
20,621,2021,1.0,22,4.545454545454546
20,621,2022,2.0,15,13.333333333333334
20,621,2023,2.0,5,40.0
20,710,1998,17.0,321,5.29595015576324
20,710,1999,10.0,312,3.205128205128205
20,710,2000,6.0,300,2.0
20,710,2001,18.0,294,6.122448979591836
20,710,2002,11.0,297,3.7037037037037033
20,710,2003,6.0,312,1.9230769230769231
20,710,2004,9.0,365,2.4657534246575343
20,710,2005,11.0,409,2.689486552567237
20,710,2006,4.0,395,1.0126582278481013
20,710,2007,6.0,242,2.479338842975207
20,710,2008,3.0,270,1.1111111111111112
20,710,2009,8.0,239,3.3472803347280333
20,710,2010,6.0,238,2.5210084033613445
20,710,2011,9.0,295,3.050847457627119
20,710,2012,5.0,227,2.2026431718061676
20,710,2013,6.0,201,2.9850746268656714
20,710,2014,4.0,254,1.574803149606299
20,710,2015,9.0,211,4.265402843601896
20,710,2016,4.0,199,2.0100502512562812
20,710,2017,5.0,173,2.8901734104046244
20,710,2018,4.0,164,2.4390243902439024
20,710,2019,2.0,123,1.6260162601626018
20,710,2020,3.0,164,1.8292682926829267
20,710,2021,5.0,148,3.3783783783783785
20,710,2022,5.0,129,3.875968992248062
20,710,2023,6.0,97,6.185567010309279
20,710,2024,0.0,41,0.0
20,750,1998,8.0,171,4.678362573099415
20,750,1999,3.0,167,1.7964071856287425
20,750,2000,8.0,173,4.624277456647398
20,750,2001,2.0,175,1.1428571428571428
20,750,2002,2.0,168,1.1904761904761905
20,750,2003,8.0,190,4.2105263157894735
20,750,2004,10.0,186,5.376344086021505
20,750,2005,2.0,159,1.257861635220126
20,750,2006,5.0,150,3.3333333333333335
20,750,2007,6.0,120,5.0
20,750,2008,5.0,103,4.854368932038835
20,750,2009,6.0,94,6.382978723404255
20,750,2010,5.0,49,10.204081632653061
20,750,2011,2.0,55,3.6363636363636362
20,750,2012,4.0,54,7.4074074074074066
20,750,2013,0.0,13,0.0
20,750,2014,2.0,18,11.11111111111111
20,750,2015,1.0,23,4.3478260869565215
20,750,2016,3.0,28,10.714285714285714
20,750,2017,1.0,22,4.545454545454546
20,750,2018,2.0,33,6.0606060606060606
20,750,2019,1.0,26,3.8461538461538463
20,750,2020,2.0,27,7.4074074074074066
20,750,2021,3.0,25,12.0
20,750,2022,2.0,15,13.333333333333334
20,750,2023,1.0,9,11.11111111111111
20,750,2024,2.0,7,28.57142857142857
20,770,1998,4.0,112,3.571428571428571
20,770,1999,6.0,161,3.7267080745341614
20,770,2000,8.0,158,5.063291139240507
20,770,2001,3.0,170,1.7647058823529411
20,770,2002,5.0,187,2.6737967914438503
20,770,2003,2.0,153,1.3071895424836601
20,770,2004,3.0,172,1.744186046511628
20,770,2005,2.0,155,1.2903225806451613
20,770,2006,5.0,153,3.2679738562091507
20,770,2007,6.0,144,4.166666666666666
20,770,2008,3.0,136,2.2058823529411766
20,770,2009,4.0,165,2.4242424242424243
20,770,2010,3.0,99,3.0303030303030303
20,770,2011,1.0,116,0.8620689655172413
20,770,2012,7.0,130,5.384615384615385
20,770,2013,4.0,104,3.8461538461538463
20,770,2014,3.0,105,2.857142857142857
20,770,2015,4.0,124,3.225806451612903
20,770,2016,4.0,116,3.4482758620689653
20,770,2017,1.0,132,0.7575757575757576
20,770,2018,3.0,131,2.2900763358778624
20,770,2019,3.0,95,3.1578947368421053
20,770,2020,1.0,121,0.8264462809917356
20,770,2021,1.0,115,0.8695652173913043
20,770,2022,0.0,76,0.0
20,770,2023,2.0,64,3.125
20,770,2024,1.0,29,3.4482758620689653
20,787,1998,13.0,116,11.206896551724139
20,787,1999,16.0,160,10.0
20,787,2000,16.0,151,10.596026490066226
20,787,2001,14.0,116,12.068965517241379
20,787,2002,3.0,91,3.296703296703297
20,787,2003,6.0,145,4.137931034482759
20,787,2004,7.0,217,3.225806451612903
20,787,2005,11.0,210,5.238095238095238
20,787,2006,5.0,148,3.3783783783783785
20,787,2007,8.0,133,6.015037593984962
20,787,2008,11.0,108,10.185185185185185
20,787,2009,7.0,108,6.481481481481481
20,787,2010,3.0,91,3.296703296703297
20,787,2011,10.0,76,13.157894736842104
20,787,2012,0.0,55,0.0
20,787,2013,3.0,64,4.6875
20,787,2014,1.0,77,1.2987012987012987
20,787,2015,0.0,60,0.0
20,787,2016,2.0,18,11.11111111111111
20,787,2017,2.0,72,2.7777777777777777
20,787,2018,3.0,49,6.122448979591836
20,787,2019,3.0,52,5.769230769230769
20,787,2020,1.0,41,2.4390243902439024
20,787,2021,3.0,32,9.375
20,787,2022,0.0,14,0.0
20,787,2023,0.0,2,0.0
20,787,2024,0.0,1,0.0
20,001,2008,1285.0,11607,11.070905488067545
20,001,2009,1350.0,12170,11.092851273623666
20,001,2010,1141.0,11451,9.964195266788927
20,001,2011,1219.0,12937,9.422586380149957
20,001,2014,1374.0,14529,9.456948172620276
20,001,2015,1450.0,14271,10.160465279237615
20,001,2016,1450.0,14559,9.959475238683975
20,001,2017,1360.0,13920,9.770114942528735
20,001,2018,1340.0,14970,8.95123580494322
20,001,2019,1591.0,16124,9.867278590920368
20,001,2020,1409.0,14599,9.651345982601548
20,001,2021,1376.0,14551,9.456394749501753
20,001,2022,1436.0,13155,10.916001520334472
20,001,2023,1165.0,11171,10.428788828215916
20,001,2024,1019.0,9086,11.215056130310368
20,011,2008,123.0,2827,4.350902016271666
20,011,2009,117.0,2678,4.368932038834951
20,011,2010,132.0,2930,4.505119453924915
20,011,2011,93.0,3089,3.010683068954354
20,011,2014,97.0,3179,3.051273985530041
20,011,2015,104.0,3023,3.4402911015547466
20,011,2016,109.0,3178,3.4298300818124607
20,011,2017,117.0,3232,3.6200495049504946
20,011,2018,122.0,3335,3.6581709145427284
20,011,2019,99.0,3210,3.08411214953271
20,011,2020,136.0,3077,4.41988950276243
20,011,2021,144.0,3353,4.294661497166716
20,011,2022,232.0,3562,6.513194834362718
20,011,2023,251.0,3311,7.5807913017215345
20,011,2024,184.0,2672,6.88622754491018
20,013,2008,62.0,957,6.478578892371996
20,013,2009,64.0,798,8.020050125313283
20,013,2010,10.0,427,2.3419203747072603
20,013,2011,13.0,426,3.051643192488263
20,013,2014,14.0,234,5.982905982905983
20,013,2015,10.0,199,5.025125628140704
20,013,2016,13.0,164,7.926829268292683
20,013,2017,10.0,193,5.181347150259067
20,013,2018,21.0,235,8.936170212765958
20,013,2019,15.0,222,6.756756756756757
20,013,2020,4.0,241,1.6597510373443984
20,013,2021,26.0,504,5.158730158730158
20,013,2022,36.0,630,5.714285714285714
20,013,2023,52.0,703,7.396870554765292
20,013,2024,99.0,857,11.551925320886815
20,032,2008,17.0,302,5.629139072847682
20,032,2009,9.0,235,3.829787234042553
20,032,2010,7.0,177,3.954802259887006
20,032,2011,3.0,173,1.7341040462427744
20,032,2014,7.0,129,5.426356589147287
20,032,2015,1.0,110,0.9090909090909091
20,032,2016,5.0,96,5.208333333333334
20,032,2017,2.0,102,1.9607843137254901
20,032,2018,3.0,80,3.75
20,032,2019,5.0,108,4.62962962962963
20,032,2020,9.0,105,8.571428571428571
20,032,2021,3.0,98,3.061224489795918
20,032,2022,4.0,76,5.263157894736842
20,032,2023,6.0,55,10.909090909090908
20,032,2024,2.0,23,8.695652173913043
20,045,2008,6.0,144,4.166666666666666
20,045,2009,3.0,153,1.9607843137254901
20,045,2010,4.0,91,4.395604395604396
20,045,2011,3.0,92,3.260869565217391
20,045,2014,3.0,36,8.333333333333332
20,045,2015,5.0,55,9.090909090909092
20,045,2016,2.0,51,3.9215686274509802
20,045,2017,3.0,40,7.5
20,045,2018,8.0,77,10.38961038961039
20,045,2019,6.0,84,7.142857142857142
20,045,2020,6.0,71,8.450704225352112
20,045,2021,5.0,59,8.47457627118644
20,045,2022,5.0,67,7.462686567164178
20,045,2023,0.0,24,0.0
20,045,2024,3.0,18,16.666666666666664
20,060,2008,16.0,319,5.015673981191222
20,060,2009,18.0,305,5.901639344262295
20,060,2010,15.0,246,6.097560975609756
20,060,2011,12.0,221,5.429864253393665
20,060,2014,32.0,503,6.36182902584493
20,060,2015,24.0,767,3.129074315514994
20,060,2016,27.0,850,3.176470588235294
20,060,2017,113.0,1076,10.50185873605948
20,060,2018,155.0,1648,9.405339805825243
20,060,2019,176.0,1661,10.596026490066226
20,060,2020,163.0,1490,10.939597315436242
20,060,2021,158.0,1625,9.723076923076924
20,060,2022,146.0,1571,9.293443666454488
20,060,2023,136.0,1531,8.883082952318746
20,060,2024,117.0,1318,8.877086494688923
23,1,1998,623.0,8302,7.504215851602024
23,1,1999,739.0,9463,7.809362781358977
23,1,2000,891.0,9970,8.936810431293882
23,1,2001,748.0,8994,8.316655548143206
23,1,2002,791.0,8995,8.793774319066149
23,1,2003,822.0,8980,9.153674832962139
23,1,2004,1024.0,10561,9.696051510273648
23,1,2005,1229.0,11764,10.447126827609656
23,1,2006,1099.0,10987,10.002730499681443
23,1,2007,1141.0,10628,10.735792246894995
23,1,2012,1953.0,15098,12.935488144125049
23,1,2013,1846.0,15308,12.059054089365038
23,162,1998,148.0,1912,7.740585774058577
23,162,1999,172.0,2097,8.20219360991893
23,162,2000,289.0,2373,12.178676780446692
23,162,2001,345.0,2310,14.935064935064934
23,162,2002,236.0,1821,12.959912136188906
23,162,2003,214.0,1733,12.348528563185228
23,162,2004,293.0,2187,13.397347965249201
23,162,2005,319.0,2085,15.299760191846524
23,162,2006,147.0,1182,12.436548223350254
23,162,2007,140.0,1401,9.992862241256246
23,162,2008,52.0,978,5.316973415132924
23,162,2009,54.0,1296,4.166666666666666
23,162,2010,39.0,893,4.367301231802911
23,162,2011,71.0,1524,4.6587926509186355
23,162,2012,87.0,1894,4.593453009503696
23,162,2013,72.0,1578,4.562737642585551
23,162,2014,55.0,1519,3.620803159973667
23,162,2015,53.0,1301,4.073789392774789
23,162,2016,32.0,1209,2.6468155500413566
23,162,2017,44.0,1249,3.522818254603683
23,162,2018,30.0,990,3.0303030303030303
23,162,2019,36.0,1044,3.4482758620689653
23,162,2020,32.0,984,3.2520325203252036
23,162,2021,36.0,963,3.7383177570093453
23,162,2022,37.0,870,4.252873563218391
23,162,2023,29.0,726,3.994490358126722
23,162,2024,22.0,595,3.697478991596639
23,168,1998,5.0,103,4.854368932038835
23,168,1999,8.0,125,6.4
23,168,2000,1.0,89,1.1235955056179776
23,168,2001,11.0,138,7.971014492753622
23,168,2002,7.0,118,5.932203389830509
23,168,2003,2.0,97,2.0618556701030926
23,168,2004,1.0,81,1.2345679012345678
23,168,2005,3.0,96,3.125
23,168,2006,1.0,60,1.6666666666666667
23,168,2007,0.0,59,0.0
23,168,2008,5.0,64,7.8125
23,168,2009,1.0,56,1.7857142857142856
23,168,2010,2.0,33,6.0606060606060606
23,168,2011,0.0,9,0.0
23,168,2012,1.0,8,12.5
23,168,2013,0.0,22,0.0
23,168,2014,0.0,2,0.0
23,168,2015,0.0,1,0.0
23,168,2022,0.0,5,0.0
23,182,1998,37.0,332,11.144578313253012
23,182,1999,32.0,369,8.672086720867208
23,182,2000,39.0,352,11.079545454545455
23,182,2001,51.0,369,13.821138211382115
23,182,2002,37.0,378,9.788359788359788
23,182,2003,31.0,395,7.848101265822785
23,182,2004,30.0,459,6.535947712418301
23,182,2005,20.0,404,4.9504950495049505
23,182,2006,18.0,305,5.901639344262295
23,182,2007,8.0,122,6.557377049180328
23,182,2008,12.0,216,5.555555555555555
23,182,2009,7.0,108,6.481481481481481
23,182,2010,5.0,118,4.23728813559322
23,182,2011,4.0,100,4.0
23,182,2012,10.0,109,9.174311926605505
23,182,2013,6.0,102,5.88235294117647
23,182,2014,1.0,36,2.7777777777777777
23,182,2015,1.0,44,2.272727272727273
23,182,2016,0.0,28,0.0
23,182,2017,1.0,33,3.0303030303030303
23,182,2018,1.0,18,5.555555555555555
23,182,2019,2.0,18,11.11111111111111
23,182,2020,1.0,17,5.88235294117647
23,182,2021,1.0,8,12.5
23,182,2022,1.0,5,20.0
23,182,2023,3.0,9,33.33333333333333
23,182,2024,0.0,1,0.0
23,189,1998,16.0,438,3.65296803652968
23,189,1999,22.0,485,4.536082474226804
23,189,2000,29.0,488,5.942622950819672
23,189,2001,27.0,436,6.192660550458716
23,189,2002,6.0,381,1.574803149606299
23,189,2003,15.0,441,3.4013605442176873
23,189,2004,22.0,402,5.472636815920398
23,189,2005,14.0,383,3.6553524804177546
23,189,2006,12.0,299,4.013377926421405
23,189,2007,14.0,261,5.363984674329502
23,189,2008,11.0,260,4.230769230769231
23,189,2009,11.0,231,4.761904761904762
23,189,2010,11.0,245,4.489795918367347
23,189,2011,4.0,198,2.0202020202020203
23,189,2012,3.0,167,1.7964071856287425
23,189,2013,4.0,98,4.081632653061225
23,189,2014,2.0,57,3.508771929824561
23,189,2015,1.0,38,2.631578947368421
23,189,2016,0.0,33,0.0
23,189,2017,4.0,35,11.428571428571429
23,189,2018,2.0,29,6.896551724137931
23,189,2019,1.0,16,6.25
23,189,2020,3.0,23,13.043478260869565
23,189,2021,0.0,33,0.0
23,189,2022,2.0,39,5.128205128205128
23,189,2023,0.0,15,0.0
23,189,2024,0.0,16,0.0
23,300,1998,1.0,32,3.125
23,300,1999,9.0,82,10.975609756097562
23,300,2000,5.0,81,6.172839506172839
23,300,2001,4.0,112,3.571428571428571
23,300,2002,9.0,138,6.521739130434782
23,300,2003,6.0,140,4.285714285714286
23,300,2004,6.0,172,3.488372093023256
23,300,2005,5.0,126,3.968253968253968
23,300,2006,5.0,103,4.854368932038835
23,300,2007,2.0,76,2.631578947368421
23,300,2008,1.0,73,1.36986301369863
23,300,2009,3.0,64,4.6875
23,300,2010,1.0,51,1.9607843137254901
23,300,2011,2.0,50,4.0
23,300,2012,3.0,47,6.382978723404255
23,300,2013,2.0,28,7.142857142857142
23,300,2014,1.0,14,7.142857142857142
23,300,2015,1.0,15,6.666666666666667
23,300,2016,1.0,16,6.25
23,300,2017,1.0,16,6.25
23,300,2019,2.0,8,25.0
23,300,2020,0.0,22,0.0
23,300,2021,0.0,25,0.0
23,300,2022,0.0,9,0.0
23,300,2023,0.0,2,0.0
23,300,2024,0.0,5,0.0
23,350,1998,1.0,29,3.4482758620689653
23,350,1999,5.0,70,7.142857142857142
23,350,2000,6.0,58,10.344827586206897
23,350,2001,2.0,62,3.225806451612903
23,350,2002,1.0,55,1.8181818181818181
23,350,2003,1.0,76,1.3157894736842104
23,350,2004,10.0,114,8.771929824561402
23,350,2005,4.0,123,3.2520325203252036
23,350,2006,3.0,97,3.0927835051546393
23,350,2007,3.0,50,6.0
23,350,2008,3.0,105,2.857142857142857
23,350,2009,2.0,124,1.6129032258064515
23,350,2010,7.0,88,7.954545454545454
23,350,2011,3.0,56,5.357142857142857
23,350,2012,4.0,72,5.555555555555555
23,350,2013,1.0,43,2.3255813953488373
23,350,2014,0.0,36,0.0
23,350,2015,2.0,20,10.0
23,350,2016,4.0,27,14.814814814814813
23,350,2017,2.0,36,5.555555555555555
23,350,2018,0.0,5,0.0
23,350,2019,0.0,10,0.0
23,350,2020,0.0,29,0.0
23,350,2021,2.0,20,10.0
23,350,2022,0.0,4,0.0
23,350,2023,0.0,2,0.0
23,350,2024,0.0,3,0.0
23,417,1998,173.0,2323,7.4472664657770125
23,417,1999,158.0,2689,5.875790256600967
23,417,2000,207.0,2930,7.0648464163822515
23,417,2001,254.0,2891,8.785887236250431
23,417,2002,194.0,2815,6.891651865008881
23,417,2003,170.0,2531,6.716712761754247
23,417,2004,193.0,2921,6.607326258130778
23,417,2005,220.0,3119,7.0535428021801865
23,417,2006,151.0,2856,5.287114845938375
23,417,2007,157.0,2657,5.908919834399699
23,417,2008,252.0,3190,7.899686520376176
23,417,2009,231.0,3145,7.344992050874404
23,417,2010,197.0,2787,7.068532472192321
23,417,2011,213.0,2946,7.230142566191446
23,417,2012,186.0,2768,6.719653179190751
23,417,2013,185.0,2485,7.44466800804829
23,417,2014,142.0,2541,5.588351042896497
23,417,2015,145.0,2178,6.657483930211202
23,417,2016,149.0,2315,6.436285097192225
23,417,2017,139.0,2628,5.289193302891933
23,417,2018,215.0,2869,7.493900313698153
23,417,2019,166.0,2654,6.2547098718914835
23,417,2020,219.0,3238,6.76343421865349
23,417,2021,334.0,3670,9.100817438692097
23,417,2022,299.0,3301,9.057861254165404
23,417,2023,288.0,2829,10.180275715800637
23,417,2024,249.0,2479,10.044372730939894
23,419,1998,3.0,84,3.571428571428571
23,419,1999,3.0,88,3.4090909090909087
23,419,2000,5.0,76,6.578947368421052
23,419,2001,4.0,129,3.10077519379845
23,419,2002,10.0,144,6.944444444444445
23,419,2003,1.0,145,0.6896551724137931
23,419,2004,20.0,151,13.245033112582782
23,419,2005,20.0,127,15.748031496062993
23,419,2006,10.0,130,7.6923076923076925
23,419,2007,2.0,103,1.9417475728155338
23,419,2008,3.0,96,3.125
23,419,2009,1.0,108,0.9259259259259258
23,419,2010,2.0,77,2.5974025974025974
23,419,2011,3.0,78,3.8461538461538463
23,419,2012,1.0,70,1.4285714285714286
23,419,2013,6.0,56,10.714285714285714
23,419,2014,2.0,44,4.545454545454546
23,419,2015,0.0,49,0.0
23,419,2016,3.0,42,7.142857142857142
23,419,2017,3.0,28,10.714285714285714
23,419,2018,3.0,48,6.25
23,419,2019,2.0,32,6.25
23,419,2020,0.0,26,0.0
23,419,2021,1.0,21,4.761904761904762
23,419,2022,2.0,15,13.333333333333334
23,419,2023,1.0,7,14.285714285714285
23,419,2024,0.0,5,0.0
23,464,1998,4.0,124,3.225806451612903
23,464,1999,1.0,185,0.5405405405405406
23,464,2000,0.0,146,0.0
23,464,2001,0.0,156,0.0
23,464,2002,2.0,147,1.3605442176870748
23,464,2003,8.0,118,6.779661016949152
23,464,2004,9.0,136,6.61764705882353
23,464,2005,20.0,145,13.793103448275861
23,464,2006,6.0,119,5.042016806722689
23,464,2007,0.0,60,0.0
23,464,2008,2.0,74,2.7027027027027026
23,464,2009,1.0,30,3.3333333333333335
23,464,2010,1.0,23,4.3478260869565215
23,464,2011,1.0,41,2.4390243902439024
23,464,2012,0.0,34,0.0
23,464,2013,2.0,38,5.263157894736842
23,464,2014,0.0,45,0.0
23,464,2015,1.0,38,2.631578947368421
23,464,2016,2.0,27,7.4074074074074066
23,464,2017,0.0,8,0.0
23,464,2018,1.0,14,7.142857142857142
23,464,2019,0.0,13,0.0
23,464,2020,0.0,15,0.0
23,464,2021,1.0,9,11.11111111111111
23,464,2022,0.0,5,0.0
23,466,1998,69.0,769,8.972691807542263
23,466,1999,48.0,585,8.205128205128204
23,466,2000,37.0,448,8.258928571428571
23,466,2001,32.0,369,8.672086720867208
23,466,2002,15.0,308,4.870129870129871
23,466,2003,21.0,377,5.570291777188329
23,466,2004,14.0,451,3.1042128603104215
23,466,2005,23.0,685,3.3576642335766427
23,466,2006,22.0,655,3.3587786259541987
23,466,2007,12.0,641,1.87207488299532
23,466,2008,23.0,939,2.4494142705005326
23,466,2009,29.0,980,2.9591836734693877
23,466,2010,20.0,782,2.557544757033248
23,466,2011,35.0,1760,1.9886363636363635
23,466,2012,68.0,1919,3.543512245961438
23,466,2013,55.0,1788,3.076062639821029
23,466,2014,61.0,1960,3.1122448979591835
23,466,2015,43.0,1950,2.205128205128205
23,466,2016,48.0,1765,2.7195467422096318
23,466,2017,60.0,1794,3.3444816053511706
23,466,2018,50.0,1612,3.101736972704715
23,466,2019,56.0,1701,3.292181069958848
23,466,2020,91.0,1941,4.688304997424008
23,466,2021,89.0,2269,3.922432789775231
23,466,2022,125.0,2059,6.070908207867897
23,466,2023,114.0,2020,5.643564356435644
23,466,2024,86.0,1573,5.467260012714558
23,500,1998,8.0,142,5.633802816901409
23,500,1999,22.0,153,14.37908496732026
23,500,2000,11.0,199,5.527638190954774
23,500,2001,18.0,316,5.69620253164557
23,500,2002,6.0,249,2.4096385542168677
23,500,2003,19.0,280,6.785714285714286
23,500,2004,6.0,256,2.34375
23,500,2005,4.0,142,2.8169014084507045
23,500,2006,3.0,162,1.8518518518518516
23,500,2007,6.0,159,3.7735849056603774
23,500,2008,6.0,139,4.316546762589928
23,500,2009,7.0,123,5.691056910569105
23,500,2010,5.0,119,4.201680672268908
23,500,2011,4.0,135,2.9629629629629632
23,500,2012,5.0,127,3.937007874015748
23,500,2013,4.0,100,4.0
23,500,2014,3.0,97,3.0927835051546393
23,500,2015,1.0,143,0.6993006993006993
23,500,2016,5.0,74,6.756756756756757
23,500,2017,3.0,96,3.125
23,500,2018,5.0,66,7.575757575757576
23,500,2019,2.0,56,3.571428571428571
23,500,2020,7.0,85,8.235294117647058
23,500,2021,2.0,84,2.380952380952381
23,500,2022,4.0,59,6.779661016949152
23,500,2023,1.0,39,2.564102564102564
23,500,2024,0.0,22,0.0
23,555,1998,65.0,1152,5.642361111111112
23,555,1999,62.0,1146,5.4101221640488655
23,555,2000,43.0,1112,3.8669064748201443
23,555,2001,51.0,1033,4.937076476282671
23,555,2002,50.0,1070,4.672897196261682
23,555,2003,38.0,843,4.507710557532621
23,555,2004,56.0,1075,5.209302325581396
23,555,2005,58.0,1145,5.065502183406114
23,555,2006,55.0,1148,4.790940766550523
23,555,2007,40.0,978,4.08997955010225
23,555,2008,63.0,1102,5.716878402903811
23,555,2009,37.0,885,4.1807909604519775
23,555,2010,16.0,433,3.695150115473441
23,555,2011,21.0,700,3.0
23,555,2012,17.0,675,2.5185185185185186
23,555,2013,22.0,588,3.741496598639456
23,555,2014,21.0,523,4.015296367112811
23,555,2015,16.0,698,2.292263610315186
23,555,2016,21.0,731,2.8727770177838576
23,555,2017,22.0,905,2.430939226519337
23,555,2018,22.0,818,2.689486552567237
23,555,2019,16.0,774,2.0671834625323
23,555,2020,24.0,841,2.853745541022592
23,555,2021,21.0,742,2.8301886792452833
23,555,2022,15.0,673,2.2288261515601784
23,555,2023,10.0,508,1.968503937007874
23,555,2024,22.0,491,4.480651731160896
23,570,1998,5.0,215,2.3255813953488373
23,570,1999,5.0,229,2.1834061135371177
23,570,2000,14.0,300,4.666666666666667
23,570,2001,17.0,279,6.093189964157706
23,570,2002,16.0,228,7.017543859649122
23,570,2003,7.0,261,2.681992337164751
23,570,2004,16.0,320,5.0
23,570,2005,15.0,267,5.617977528089887
23,570,2006,10.0,183,5.46448087431694
23,570,2007,1.0,29,3.4482758620689653
23,570,2008,1.0,85,1.1764705882352942
23,570,2009,10.0,141,7.092198581560284
23,570,2010,1.0,135,0.7407407407407408
23,570,2011,1.0,165,0.6060606060606061
23,570,2012,6.0,150,4.0
23,570,2013,2.0,136,1.4705882352941175
23,570,2014,5.0,122,4.098360655737705
23,570,2015,4.0,106,3.7735849056603774
23,570,2016,4.0,103,3.8834951456310676
23,570,2017,2.0,102,1.9607843137254901
23,570,2018,0.0,111,0.0
23,570,2019,2.0,125,1.6
23,570,2020,0.0,93,0.0
23,570,2021,3.0,67,4.477611940298507
23,570,2022,0.0,44,0.0
23,570,2023,1.0,18,5.555555555555555
23,570,2024,3.0,12,25.0
23,574,1998,5.0,119,4.201680672268908
23,574,1999,8.0,195,4.102564102564102
23,574,2000,5.0,175,2.857142857142857
23,574,2001,11.0,98,11.224489795918368
23,574,2002,4.0,119,3.361344537815126
23,574,2003,2.0,89,2.247191011235955
23,574,2004,11.0,158,6.962025316455696
23,574,2005,11.0,147,7.482993197278912
23,574,2006,4.0,137,2.9197080291970803
23,574,2007,15.0,174,8.620689655172415
23,574,2008,16.0,163,9.815950920245399
23,574,2009,7.0,163,4.294478527607362
23,574,2010,5.0,104,4.807692307692308
23,574,2011,7.0,121,5.785123966942149
23,574,2012,6.0,112,5.357142857142857
23,574,2013,6.0,76,7.894736842105263
23,574,2014,4.0,70,5.714285714285714
23,574,2015,2.0,55,3.6363636363636362
23,574,2016,2.0,72,2.7777777777777777
23,574,2017,7.0,74,9.45945945945946
23,574,2018,4.0,62,6.451612903225806
23,574,2019,5.0,31,16.129032258064516
23,574,2020,2.0,70,2.857142857142857
23,574,2021,5.0,78,6.41025641025641
23,574,2022,5.0,47,10.638297872340425
23,574,2023,4.0,27,14.814814814814813
23,574,2024,3.0,5,60.0
23,580,1998,7.0,208,3.3653846153846154
23,580,1999,11.0,222,4.954954954954955
23,580,2000,8.0,228,3.508771929824561
23,580,2001,7.0,221,3.167420814479638
23,580,2002,10.0,168,5.952380952380952
23,580,2003,9.0,162,5.555555555555555
23,580,2004,20.0,293,6.825938566552901
23,580,2005,17.0,393,4.325699745547073
23,580,2006,15.0,359,4.178272980501393
23,580,2007,10.0,194,5.154639175257731
23,580,2008,8.0,227,3.524229074889868
23,580,2009,8.0,284,2.8169014084507045
23,580,2010,14.0,222,6.306306306306306
23,580,2011,10.0,247,4.048582995951417
23,580,2012,7.0,192,3.6458333333333335
23,580,2013,8.0,221,3.619909502262444
23,580,2014,5.0,182,2.7472527472527473
23,580,2015,5.0,143,3.4965034965034967
23,580,2016,5.0,146,3.4246575342465753
23,580,2017,6.0,191,3.1413612565445024
23,580,2018,7.0,168,4.166666666666666
23,580,2019,3.0,125,2.4
23,580,2020,12.0,179,6.70391061452514
23,580,2021,8.0,135,5.9259259259259265
23,580,2022,5.0,107,4.672897196261682
23,580,2023,5.0,80,6.25
23,580,2024,4.0,52,7.6923076923076925
23,586,1998,11.0,177,6.214689265536723
23,586,1999,10.0,201,4.975124378109453
23,586,2000,6.0,214,2.803738317757009
23,586,2001,7.0,172,4.069767441860465
23,586,2002,4.0,101,3.9603960396039604
23,586,2003,5.0,104,4.807692307692308
23,586,2004,3.0,150,2.0
23,586,2005,5.0,132,3.787878787878788
23,586,2006,2.0,101,1.9801980198019802
23,586,2007,3.0,78,3.8461538461538463
23,586,2008,1.0,46,2.1739130434782608
23,586,2009,2.0,57,3.508771929824561
23,586,2010,3.0,60,5.0
23,586,2011,1.0,62,1.6129032258064515
23,586,2012,0.0,51,0.0
23,586,2013,1.0,41,2.4390243902439024
23,586,2014,0.0,13,0.0
23,586,2015,0.0,2,0.0
23,586,2017,0.0,5,0.0
23,586,2018,0.0,1,0.0
23,586,2019,0.0,7,0.0
23,586,2020,0.0,4,0.0
23,586,2021,0.0,6,0.0
23,586,2022,1.0,4,25.0
23,586,2023,0.0,2,0.0
23,586,2024,0.0,1,0.0
23,660,1998,188.0,1977,9.509357612544258
23,660,1999,135.0,2004,6.736526946107785
23,660,2000,152.0,2052,7.4074074074074066
23,660,2001,162.0,1947,8.320493066255779
23,660,2002,193.0,2013,9.58768007948336
23,660,2003,166.0,2093,7.931199235547062
23,660,2004,188.0,2462,7.6360682372055235
23,660,2005,152.0,2345,6.4818763326226
23,660,2006,155.0,2384,6.501677852348993
23,660,2007,119.0,2334,5.098543273350471
23,660,2008,77.0,2502,3.077537969624301
23,660,2009,144.0,2788,5.164992826398852
23,660,2010,154.0,2914,5.284831846259437
23,660,2011,145.0,3209,4.518541601745092
23,660,2012,106.0,3000,3.5333333333333337
23,660,2013,98.0,2978,3.290799194089993
23,660,2014,73.0,2540,2.874015748031496
23,660,2015,67.0,1852,3.6177105831533476
23,660,2016,45.0,1816,2.4779735682819384
23,660,2017,52.0,1706,3.048065650644783
23,660,2018,43.0,1601,2.6858213616489697
23,660,2019,40.0,1538,2.600780234070221
23,660,2020,28.0,1274,2.197802197802198
23,660,2021,41.0,1236,3.3171521035598706
23,660,2022,37.0,1082,3.4195933456561924
23,660,2023,32.0,908,3.524229074889868
23,660,2024,24.0,716,3.35195530726257
23,670,1998,14.0,271,5.166051660516605
23,670,1999,24.0,400,6.0
23,670,2000,50.0,495,10.1010101010101
23,670,2001,46.0,378,12.16931216931217
23,670,2002,33.0,360,9.166666666666666
23,670,2003,43.0,349,12.320916905444127
23,670,2004,29.0,463,6.263498920086392
23,670,2005,24.0,498,4.819277108433735
23,670,2006,18.0,414,4.3478260869565215
23,670,2007,19.0,210,9.047619047619047
23,670,2008,26.0,561,4.634581105169341
23,670,2009,34.0,561,6.0606060606060606
23,670,2010,14.0,213,6.572769953051644
23,670,2011,21.0,299,7.023411371237458
23,670,2012,15.0,292,5.136986301369863
23,670,2013,11.0,227,4.845814977973569
23,670,2014,8.0,237,3.375527426160337
23,670,2015,8.0,195,4.102564102564102
23,670,2016,9.0,158,5.69620253164557
23,670,2017,9.0,163,5.521472392638037
23,670,2018,7.0,118,5.932203389830509
23,670,2019,7.0,98,7.142857142857142
23,670,2020,3.0,113,2.6548672566371683
23,670,2021,7.0,109,6.422018348623854
23,670,2022,4.0,81,4.938271604938271
23,670,2023,3.0,39,7.6923076923076925
23,670,2024,0.0,12,0.0
23,672,1998,18.0,343,5.247813411078718
23,672,1999,14.0,335,4.179104477611941
23,672,2000,13.0,290,4.482758620689655
23,672,2001,14.0,307,4.5602605863192185
23,672,2002,15.0,296,5.0675675675675675
23,672,2003,12.0,267,4.49438202247191
23,672,2004,8.0,217,3.686635944700461
23,672,2005,7.0,207,3.3816425120772946
23,672,2006,2.0,97,2.0618556701030926
23,672,2007,1.0,5,20.0
23,672,2008,7.0,234,2.9914529914529915
23,672,2009,5.0,225,2.2222222222222223
23,672,2010,7.0,159,4.40251572327044
23,672,2011,3.0,122,2.459016393442623
23,672,2012,3.0,142,2.112676056338028
23,672,2013,5.0,110,4.545454545454546
23,672,2014,5.0,75,6.666666666666667
23,672,2015,4.0,66,6.0606060606060606
23,672,2016,1.0,64,1.5625
23,672,2017,3.0,63,4.761904761904762
23,672,2018,3.0,60,5.0
23,672,2019,1.0,60,1.6666666666666667
23,672,2020,0.0,38,0.0
23,672,2021,2.0,37,5.405405405405405
23,672,2022,0.0,25,0.0
23,672,2023,2.0,12,16.666666666666664
23,672,2024,1.0,9,11.11111111111111
23,675,1998,28.0,316,8.860759493670885
23,675,1999,14.0,296,4.72972972972973
23,675,2000,20.0,331,6.042296072507553
23,675,2001,18.0,266,6.7669172932330826
23,675,2002,18.0,233,7.725321888412018
23,675,2003,13.0,259,5.019305019305019
23,675,2004,7.0,289,2.422145328719723
23,675,2005,9.0,252,3.571428571428571
23,675,2006,8.0,89,8.98876404494382
23,675,2007,11.0,155,7.096774193548387
23,675,2008,6.0,226,2.6548672566371683
23,675,2009,7.0,198,3.535353535353535
23,675,2010,3.0,153,1.9607843137254901
23,675,2011,4.0,159,2.515723270440252
23,675,2012,5.0,188,2.6595744680851063
23,675,2013,4.0,105,3.8095238095238098
23,675,2014,3.0,124,2.4193548387096775
23,675,2015,0.0,115,0.0
23,675,2016,3.0,87,3.4482758620689653
23,675,2017,6.0,79,7.59493670886076
23,675,2018,8.0,77,10.38961038961039
23,675,2019,3.0,67,4.477611940298507
23,675,2020,4.0,81,4.938271604938271
23,675,2021,4.0,50,8.0
23,675,2022,2.0,58,3.4482758620689653
23,675,2023,2.0,27,7.4074074074074066
23,675,2024,1.0,17,5.88235294117647
23,678,1998,6.0,141,4.25531914893617
23,678,1999,9.0,168,5.357142857142857
23,678,2000,1.0,76,1.3157894736842104
23,678,2001,3.0,115,2.608695652173913
23,678,2002,3.0,109,2.7522935779816518
23,678,2003,2.0,111,1.8018018018018018
23,678,2004,3.0,69,4.3478260869565215
23,678,2005,0.0,64,0.0
23,678,2006,5.0,53,9.433962264150944
23,678,2007,3.0,79,3.79746835443038
23,678,2008,1.0,71,1.4084507042253522
23,678,2009,2.0,46,4.3478260869565215
23,678,2010,0.0,67,0.0
23,678,2011,0.0,16,0.0
23,678,2012,2.0,36,5.555555555555555
23,678,2013,3.0,62,4.838709677419355
23,678,2014,0.0,31,0.0
23,678,2015,2.0,21,9.523809523809524
23,678,2016,0.0,11,0.0
23,678,2017,0.0,26,0.0
23,678,2018,0.0,5,0.0
23,678,2019,0.0,1,0.0
23,678,2020,0.0,24,0.0
23,678,2021,0.0,13,0.0
23,678,2022,2.0,13,15.384615384615385
23,678,2023,2.0,7,28.57142857142857
23,678,2024,0.0,2,0.0
23,68,1998,21.0,361,5.8171745152354575
23,68,1999,27.0,452,5.9734513274336285
23,68,2000,29.0,493,5.88235294117647
23,68,2001,32.0,445,7.191011235955057
23,68,2002,24.0,490,4.8979591836734695
23,68,2003,18.0,438,4.10958904109589
23,68,2004,32.0,558,5.734767025089606
23,68,2005,34.0,540,6.296296296296296
23,68,2006,16.0,415,3.8554216867469884
23,68,2007,22.0,415,5.301204819277109
23,68,2012,10.0,306,3.2679738562091507
23,68,2013,10.0,320,3.125
23,682,2022,0.0,1,0.0
23,682,2023,0.0,1,0.0
23,686,1998,11.0,213,5.164319248826291
23,686,1999,16.0,342,4.678362573099415
23,686,2000,25.0,415,6.024096385542169
23,686,2001,9.0,225,4.0
23,686,2002,8.0,241,3.319502074688797
23,686,2003,6.0,211,2.843601895734597
23,686,2004,10.0,239,4.184100418410042
23,686,2005,10.0,229,4.366812227074235
23,686,2006,6.0,211,2.843601895734597
23,686,2007,4.0,138,2.898550724637681
23,686,2008,7.0,185,3.783783783783784
23,686,2009,9.0,107,8.411214953271028
23,686,2010,4.0,112,3.571428571428571
23,686,2011,3.0,70,4.285714285714286
23,686,2012,1.0,42,2.380952380952381
23,686,2013,2.0,45,4.444444444444445
23,686,2014,3.0,55,5.454545454545454
23,686,2015,1.0,25,4.0
23,686,2016,1.0,11,9.090909090909092
23,686,2017,0.0,11,0.0
23,686,2018,1.0,10,10.0
23,686,2019,0.0,13,0.0
23,686,2020,0.0,11,0.0
23,686,2021,4.0,13,30.76923076923077
23,686,2022,1.0,7,14.285714285714285
23,686,2023,1.0,2,50.0
23,79,1998,11.0,207,5.314009661835748
23,79,1999,18.0,250,7.199999999999999
23,79,2000,7.0,177,3.954802259887006
23,79,2001,10.0,177,5.649717514124294
23,79,2002,6.0,202,2.9702970297029703
23,79,2003,12.0,221,5.429864253393665
23,79,2004,10.0,231,4.329004329004329
23,79,2005,16.0,224,7.142857142857142
23,79,2006,8.0,151,5.298013245033113
23,79,2007,9.0,195,4.615384615384616
23,79,2012,3.0,126,2.380952380952381
23,79,2013,4.0,94,4.25531914893617
23,807,1998,64.0,1011,6.330365974282888
23,807,1999,37.0,1024,3.61328125
23,807,2000,32.0,951,3.3648790746582544
23,807,2001,46.0,1083,4.247460757156047
23,807,2002,23.0,807,2.8500619578686495
23,807,2003,30.0,620,4.838709677419355
23,807,2004,37.0,852,4.342723004694836
23,807,2005,45.0,952,4.726890756302521
23,807,2006,17.0,520,3.2692307692307696
23,807,2007,11.0,351,3.133903133903134
23,807,2008,31.0,799,3.879849812265332
23,807,2009,40.0,773,5.17464424320828
23,807,2010,31.0,721,4.2995839112343965
23,807,2011,18.0,835,2.155688622754491
23,807,2012,25.0,834,2.997601918465228
23,807,2013,49.0,767,6.388526727509778
23,807,2014,7.0,653,1.0719754977029097
23,807,2015,11.0,575,1.9130434782608694
23,807,2016,15.0,519,2.8901734104046244
23,807,2017,16.0,542,2.952029520295203
23,807,2018,11.0,477,2.3060796645702304
23,807,2019,22.0,522,4.21455938697318
23,807,2020,14.0,411,3.40632603406326
23,807,2021,15.0,363,4.132231404958678
23,807,2022,15.0,253,5.928853754940711
23,807,2023,10.0,201,4.975124378109453
23,807,2024,6.0,121,4.958677685950414
23,815,2008,0.0,1,0.0
23,815,2010,10.0,175,5.714285714285714
23,815,2011,7.0,142,4.929577464788732
23,815,2012,11.0,211,5.213270142180095
23,815,2013,22.0,271,8.118081180811808
23,815,2014,12.0,277,4.332129963898916
23,815,2015,4.0,246,1.6260162601626018
23,815,2016,9.0,208,4.326923076923077
23,815,2017,12.0,169,7.100591715976331
23,815,2018,6.0,123,4.878048780487805
23,815,2019,10.0,123,8.130081300813007
23,815,2020,8.0,125,6.4
23,815,2021,13.0,126,10.317460317460316
23,815,2022,4.0,72,5.555555555555555
23,815,2023,4.0,60,6.666666666666667
23,815,2024,4.0,44,9.090909090909092
23,855,1998,25.0,326,7.668711656441718
23,855,1999,22.0,328,6.707317073170732
23,855,2000,29.0,328,8.841463414634147
23,855,2001,19.0,348,5.459770114942529
23,855,2002,22.0,382,5.7591623036649215
23,855,2003,22.0,437,5.034324942791762
23,855,2004,22.0,428,5.14018691588785
23,855,2005,25.0,398,6.281407035175879
23,855,2006,19.0,361,5.263157894736842
23,855,2007,12.0,311,3.858520900321544
23,855,2008,19.0,292,6.506849315068493
23,855,2009,14.0,299,4.682274247491638
23,855,2010,6.0,220,2.727272727272727
23,855,2011,6.0,228,2.631578947368421
23,855,2012,8.0,285,2.807017543859649
23,855,2013,11.0,257,4.280155642023346
23,855,2014,4.0,178,2.247191011235955
23,855,2015,4.0,169,2.366863905325444
23,855,2016,5.0,143,3.4965034965034967
23,855,2017,3.0,133,2.2556390977443606
23,855,2018,5.0,163,3.067484662576687
23,855,2019,2.0,147,1.3605442176870748
23,855,2020,9.0,123,7.317073170731707
23,855,2021,8.0,132,6.0606060606060606
23,855,2022,4.0,79,5.063291139240507
23,855,2023,5.0,64,7.8125
23,855,2024,3.0,30,10.0
23,90,1998,3.0,161,1.8633540372670807
23,90,1999,6.0,179,3.35195530726257
23,90,2000,8.0,175,4.571428571428571
23,90,2001,9.0,177,5.084745762711865
23,90,2002,4.0,169,2.366863905325444
23,90,2003,3.0,138,2.1739130434782608
23,90,2004,3.0,150,2.0
23,90,2005,4.0,145,2.7586206896551726
23,90,2006,2.0,154,1.2987012987012987
23,90,2007,4.0,108,3.7037037037037033
23,90,2012,2.0,87,2.2988505747126435
23,90,2013,2.0,71,2.8169014084507045
23,001,2008,1475.0,13198,11.175935747840581
23,001,2009,1520.0,12742,11.929053523779626
23,001,2010,1561.0,12585,12.403655145013905
23,001,2011,1939.0,14896,13.016917293233082
23,001,2014,1966.0,16118,12.197543119493734
23,001,2015,1933.0,16378,11.802417877640737
23,001,2016,1959.0,16438,11.91750821267794
23,001,2017,1897.0,16633,11.405038177117778
23,001,2018,1972.0,16753,11.77102608488032
23,001,2019,1818.0,15786,11.516533637400228
23,001,2020,1633.0,14434,11.313565193293613
23,001,2021,1880.0,15477,12.147056923176326
23,001,2022,1832.0,15211,12.043915587403852
23,001,2023,1740.0,13473,12.91471832553997
23,001,2024,1470.0,11497,12.785944159345917
23,068,2008,14.0,445,3.146067415730337
23,068,2009,20.0,421,4.750593824228028
23,068,2010,18.0,400,4.5
23,068,2011,13.0,395,3.2911392405063293
23,068,2014,7.0,296,2.364864864864865
23,068,2015,6.0,230,2.608695652173913
23,068,2016,5.0,201,2.4875621890547266
23,068,2017,5.0,200,2.5
23,068,2018,7.0,195,3.5897435897435894
23,068,2019,6.0,191,3.1413612565445024
23,068,2020,6.0,180,3.3333333333333335
23,068,2021,8.0,168,4.761904761904762
23,068,2022,6.0,99,6.0606060606060606
23,068,2023,1.0,80,1.25
23,068,2024,1.0,44,2.272727272727273
23,079,2008,10.0,222,4.504504504504505
23,079,2009,14.0,183,7.650273224043716
23,079,2010,7.0,120,5.833333333333333
23,079,2011,3.0,82,3.6585365853658534
23,079,2014,1.0,85,1.1764705882352942
23,079,2015,0.0,19,0.0
23,079,2016,0.0,36,0.0
23,079,2017,0.0,15,0.0
23,079,2018,6.0,62,9.67741935483871
23,079,2019,1.0,56,1.7857142857142856
23,079,2020,1.0,37,2.7027027027027026
23,079,2021,2.0,50,4.0
23,079,2022,2.0,34,5.88235294117647
23,079,2023,2.0,19,10.526315789473683
23,079,2024,1.0,16,6.25
23,090,2008,4.0,99,4.040404040404041
23,090,2009,3.0,126,2.380952380952381
23,090,2010,4.0,100,4.0
23,090,2011,8.0,106,7.547169811320755
23,090,2014,3.0,47,6.382978723404255
23,090,2015,3.0,49,6.122448979591836
23,090,2016,5.0,52,9.615384615384617
23,090,2017,1.0,30,3.3333333333333335
23,090,2018,1.0,30,3.3333333333333335
23,090,2019,0.0,21,0.0
23,090,2020,3.0,26,11.538461538461538
23,090,2021,2.0,24,8.333333333333332
23,090,2022,2.0,18,11.11111111111111
23,090,2023,1.0,22,4.545454545454546
23,090,2024,2.0,7,28.57142857142857
25,1,1998,5.0,100,5.0
25,1,1999,4.0,74,5.405405405405405
25,1,2000,1.0,59,1.694915254237288
25,1,2001,1.0,61,1.639344262295082
25,1,2002,2.0,77,2.5974025974025974
25,1,2003,4.0,76,5.263157894736842
25,1,2004,1.0,43,2.3255813953488373
25,1,2005,0.0,27,0.0
25,1,2006,0.0,8,0.0
25,1,2007,0.0,3,0.0
25,1,2012,2.0,16,12.5
25,1,2013,0.0,16,0.0
25,120,1998,0.0,36,0.0
25,120,1999,0.0,19,0.0
25,120,2000,2.0,34,5.88235294117647
25,120,2001,1.0,46,2.1739130434782608
25,120,2002,0.0,17,0.0
25,120,2003,0.0,57,0.0
25,120,2004,1.0,33,3.0303030303030303
25,120,2005,5.0,44,11.363636363636363
25,120,2006,1.0,19,5.263157894736842
25,120,2007,0.0,20,0.0
25,120,2008,0.0,8,0.0
25,120,2009,0.0,5,0.0
25,120,2010,0.0,9,0.0
25,120,2011,0.0,8,0.0
25,120,2012,0.0,4,0.0
25,120,2013,1.0,5,20.0
25,120,2014,0.0,1,0.0
25,120,2015,0.0,1,0.0
25,120,2016,0.0,1,0.0
25,120,2017,0.0,1,0.0
25,120,2018,0.0,1,0.0
25,120,2019,0.0,2,0.0
25,120,2020,0.0,2,0.0
25,120,2021,0.0,2,0.0
25,120,2022,0.0,1,0.0
25,120,2024,1.0,3,33.33333333333333
25,123,1998,0.0,11,0.0
25,123,1999,1.0,50,2.0
25,123,2000,1.0,69,1.4492753623188406
25,123,2001,2.0,65,3.076923076923077
25,123,2002,0.0,31,0.0
25,123,2003,2.0,51,3.9215686274509802
25,123,2004,2.0,35,5.714285714285714
25,123,2005,1.0,41,2.4390243902439024
25,123,2007,2.0,14,14.285714285714285
25,123,2008,0.0,7,0.0
25,123,2009,0.0,6,0.0
25,123,2010,0.0,4,0.0
25,123,2011,0.0,2,0.0
25,123,2012,2.0,3,66.66666666666666
25,123,2013,0.0,1,0.0
25,123,2014,0.0,2,0.0
25,123,2016,0.0,3,0.0
25,123,2018,1.0,3,33.33333333333333
25,123,2019,0.0,2,0.0
25,123,2020,1.0,2,50.0
25,123,2022,0.0,3,0.0
25,123,2023,0.0,1,0.0
25,126,1998,3.0,117,2.564102564102564
25,126,1999,10.0,120,8.333333333333332
25,126,2000,6.0,103,5.825242718446602
25,126,2001,5.0,138,3.6231884057971016
25,126,2002,11.0,153,7.18954248366013
25,126,2003,7.0,157,4.45859872611465
25,126,2004,5.0,172,2.9069767441860463
25,126,2005,9.0,177,5.084745762711865
25,126,2006,5.0,144,3.4722222222222223
25,126,2007,10.0,148,6.756756756756757
25,126,2008,5.0,44,11.363636363636363
25,126,2010,3.0,53,5.660377358490567
25,126,2011,1.0,59,1.694915254237288
25,126,2012,4.0,60,6.666666666666667
25,126,2013,4.0,84,4.761904761904762
25,126,2014,9.0,76,11.842105263157894
25,126,2015,3.0,49,6.122448979591836
25,126,2016,3.0,37,8.108108108108109
25,126,2017,3.0,25,12.0
25,126,2018,0.0,10,0.0
25,126,2019,2.0,17,11.76470588235294
25,126,2020,3.0,21,14.285714285714285
25,126,2021,2.0,9,22.22222222222222
25,126,2022,1.0,13,7.6923076923076925
25,126,2023,2.0,11,18.181818181818183
25,126,2024,2.0,10,20.0
25,148,1998,1.0,55,1.8181818181818181
25,148,1999,12.0,128,9.375
25,148,2000,4.0,115,3.4782608695652173
25,148,2001,2.0,71,2.8169014084507045
25,148,2002,6.0,85,7.0588235294117645
25,148,2003,4.0,90,4.444444444444445
25,148,2004,3.0,97,3.0927835051546393
25,148,2005,1.0,72,1.3888888888888888
25,148,2006,2.0,55,3.6363636363636362
25,148,2007,2.0,63,3.1746031746031744
25,148,2008,0.0,43,0.0
25,148,2009,0.0,42,0.0
25,148,2010,0.0,20,0.0
25,148,2011,1.0,15,6.666666666666667
25,148,2012,0.0,14,0.0
25,148,2013,1.0,11,9.090909090909092
25,148,2014,0.0,10,0.0
25,148,2015,1.0,6,16.666666666666664
25,148,2016,0.0,2,0.0
25,148,2017,0.0,4,0.0
25,148,2018,0.0,1,0.0
25,148,2019,0.0,1,0.0
25,148,2020,0.0,2,0.0
25,148,2021,0.0,2,0.0
25,148,2022,0.0,2,0.0
25,148,2023,0.0,1,0.0
25,148,2024,1.0,1,100.0
25,151,1998,60.0,843,7.11743772241993
25,151,1999,78.0,926,8.423326133909287
25,151,2000,68.0,1016,6.692913385826772
25,151,2001,70.0,1034,6.769825918762089
25,151,2002,63.0,854,7.377049180327869
25,151,2003,63.0,738,8.536585365853659
25,151,2004,67.0,749,8.945260347129507
25,151,2005,43.0,760,5.657894736842105
25,151,2006,36.0,732,4.918032786885246
25,151,2007,43.0,793,5.422446406052964
25,151,2008,28.0,775,3.612903225806452
25,151,2009,38.0,708,5.367231638418079
25,151,2010,50.0,717,6.97350069735007
25,151,2011,27.0,696,3.8793103448275863
25,151,2012,29.0,630,4.603174603174604
25,151,2013,19.0,613,3.0995106035889073
25,151,2014,23.0,583,3.9451114922813035
25,151,2015,20.0,605,3.3057851239669422
25,151,2016,20.0,610,3.278688524590164
25,151,2017,22.0,584,3.767123287671233
25,151,2018,28.0,632,4.430379746835443
25,151,2019,20.0,561,3.5650623885918007
25,151,2020,35.0,707,4.9504950495049505
25,151,2021,31.0,671,4.619970193740686
25,151,2022,26.0,596,4.3624161073825505
25,151,2023,19.0,516,3.6821705426356592
25,151,2024,20.0,473,4.2283298097251585
25,154,1998,11.0,114,9.649122807017543
25,154,1999,15.0,118,12.711864406779661
25,154,2000,8.0,105,7.6190476190476195
25,154,2001,8.0,86,9.30232558139535
25,154,2002,8.0,97,8.24742268041237
25,154,2003,10.0,88,11.363636363636363
25,154,2004,6.0,81,7.4074074074074066
25,154,2005,11.0,69,15.942028985507244
25,154,2006,10.0,77,12.987012987012985
25,154,2007,2.0,82,2.4390243902439024
25,154,2008,7.0,57,12.280701754385964
25,154,2009,0.0,54,0.0
25,154,2010,4.0,69,5.797101449275362
25,154,2011,1.0,55,1.8181818181818181
25,154,2012,5.0,49,10.204081632653061
25,154,2013,1.0,28,3.571428571428571
25,154,2014,1.0,19,5.263157894736842
25,154,2015,1.0,9,11.11111111111111
25,154,2016,0.0,13,0.0
25,154,2017,1.0,14,7.142857142857142
25,154,2018,3.0,18,16.666666666666664
25,154,2019,1.0,17,5.88235294117647
25,154,2020,1.0,11,9.090909090909092
25,154,2021,2.0,9,22.22222222222222
25,154,2022,1.0,3,33.33333333333333
25,154,2023,0.0,2,0.0
25,154,2024,0.0,3,0.0
25,168,1998,0.0,14,0.0
25,168,1999,1.0,14,7.142857142857142
25,168,2000,0.0,23,0.0
25,168,2001,1.0,27,3.7037037037037033
25,168,2002,0.0,11,0.0
25,168,2003,0.0,22,0.0
25,168,2004,1.0,20,5.0
25,168,2005,1.0,11,9.090909090909092
25,168,2006,0.0,2,0.0
25,168,2008,0.0,2,0.0
25,168,2010,0.0,1,0.0
25,168,2013,0.0,3,0.0
25,168,2014,2.0,2,100.0
25,168,2015,0.0,3,0.0
25,168,2018,0.0,2,0.0
25,168,2019,0.0,1,0.0
25,168,2020,0.0,1,0.0
25,168,2022,0.0,1,0.0
25,168,2023,0.0,1,0.0
25,168,2024,0.0,1,0.0
25,175,1998,48.0,852,5.633802816901409
25,175,1999,59.0,1163,5.073086844368014
25,175,2000,55.0,1236,4.449838187702265
25,175,2001,51.0,1179,4.325699745547073
25,175,2002,51.0,1222,4.173486088379706
25,175,2003,59.0,1263,4.671417260490895
25,175,2004,91.0,1469,6.1946902654867255
25,175,2005,171.0,2031,8.419497784342688
25,175,2006,229.0,2106,10.87369420702754
25,175,2007,256.0,2208,11.594202898550725
25,175,2008,307.0,2480,12.379032258064516
25,175,2009,343.0,2887,11.880845167994458
25,175,2010,307.0,2940,10.442176870748298
25,175,2011,297.0,2584,11.493808049535604
25,175,2012,242.0,2476,9.773828756058158
25,175,2013,331.0,3112,10.636246786632391
25,175,2014,316.0,3255,9.708141321044547
25,175,2015,374.0,3593,10.40912886167548
25,175,2016,355.0,3758,9.446514103246408
25,175,2017,335.0,2708,12.370753323485967
25,175,2018,315.0,2943,10.703363914373089
25,175,2019,314.0,2925,10.735042735042736
25,175,2020,318.0,2989,10.639009702241552
25,175,2021,298.0,2911,10.237031947784267
25,175,2022,327.0,2794,11.703650680028632
25,175,2023,274.0,2320,11.810344827586206
25,175,2024,256.0,1748,14.645308924485127
25,178,2000,0.0,1,0.0
25,178,2001,1.0,2,50.0
25,178,2002,1.0,1,100.0
25,178,2003,0.0,1,0.0
25,178,2004,0.0,1,0.0
25,178,2005,0.0,2,0.0
25,178,2008,1.0,3,33.33333333333333
25,178,2010,0.0,2,0.0
25,178,2018,0.0,2,0.0
25,181,1998,2.0,11,18.181818181818183
25,181,1999,0.0,4,0.0
25,181,2000,0.0,5,0.0
25,181,2001,2.0,8,25.0
25,181,2002,3.0,9,33.33333333333333
25,181,2003,2.0,11,18.181818181818183
25,181,2004,2.0,13,15.384615384615385
25,181,2005,0.0,9,0.0
25,181,2006,1.0,4,25.0
25,181,2007,0.0,4,0.0
25,181,2008,0.0,5,0.0
25,181,2009,1.0,12,8.333333333333332
25,181,2010,1.0,4,25.0
25,181,2011,0.0,7,0.0
25,181,2012,0.0,3,0.0
25,181,2014,0.0,3,0.0
25,181,2015,0.0,2,0.0
25,181,2016,0.0,1,0.0
25,181,2017,0.0,5,0.0
25,181,2018,1.0,5,20.0
25,181,2019,0.0,1,0.0
25,181,2021,0.0,2,0.0
25,181,2022,0.0,1,0.0
25,181,2023,0.0,1,0.0
25,181,2024,0.0,2,0.0
25,183,1998,61.0,744,8.198924731182796
25,183,1999,78.0,781,9.98719590268886
25,183,2000,78.0,757,10.303830911492733
25,183,2001,60.0,684,8.771929824561402
25,183,2002,37.0,669,5.5306427503736915
25,183,2003,55.0,633,8.688783570300158
25,183,2004,47.0,721,6.51872399445215
25,183,2005,62.0,668,9.281437125748502
25,183,2006,64.0,751,8.5219707057257
25,183,2007,76.0,799,9.51188986232791
25,183,2008,67.0,726,9.228650137741047
25,183,2009,59.0,575,10.26086956521739
25,183,2010,43.0,605,7.107438016528926
25,183,2011,34.0,550,6.181818181818182
25,183,2012,34.0,442,7.6923076923076925
25,183,2013,24.0,323,7.430340557275541
25,183,2014,19.0,322,5.900621118012422
25,183,2015,19.0,366,5.191256830601093
25,183,2016,19.0,188,10.106382978723403
25,183,2017,12.0,194,6.185567010309279
25,183,2018,18.0,250,7.199999999999999
25,183,2019,24.0,242,9.917355371900827
25,183,2020,16.0,197,8.121827411167512
25,183,2021,8.0,146,5.47945205479452
25,183,2022,3.0,79,3.79746835443038
25,183,2023,2.0,34,5.88235294117647
25,183,2024,3.0,38,7.894736842105263
25,19,1998,0.0,8,0.0
25,19,1999,0.0,7,0.0
25,19,2001,0.0,7,0.0
25,19,2002,0.0,1,0.0
25,19,2003,0.0,1,0.0
25,19,2004,0.0,2,0.0
25,19,2005,0.0,3,0.0
25,19,2006,0.0,4,0.0
25,19,2007,0.0,2,0.0
25,200,1998,0.0,20,0.0
25,200,1999,1.0,39,2.564102564102564
25,200,2000,2.0,46,4.3478260869565215
25,200,2001,1.0,34,2.941176470588235
25,200,2002,2.0,10,20.0
25,200,2006,1.0,2,50.0
25,200,2007,0.0,1,0.0
25,200,2009,0.0,1,0.0
25,200,2010,0.0,1,0.0
25,214,1998,2.0,10,20.0
25,214,1999,2.0,7,28.57142857142857
25,214,2000,0.0,3,0.0
25,214,2001,0.0,5,0.0
25,214,2002,0.0,4,0.0
25,214,2003,1.0,3,33.33333333333333
25,214,2004,1.0,5,20.0
25,214,2005,0.0,5,0.0
25,214,2006,0.0,1,0.0
25,214,2007,0.0,6,0.0
25,214,2008,0.0,3,0.0
25,214,2009,0.0,1,0.0
25,214,2014,0.0,1,0.0
25,214,2017,0.0,1,0.0
25,214,2019,1.0,4,25.0
25,214,2024,0.0,1,0.0
25,224,1998,0.0,3,0.0
25,224,2001,0.0,1,0.0
25,224,2002,0.0,3,0.0
25,224,2003,1.0,3,33.33333333333333
25,224,2004,0.0,4,0.0
25,224,2005,0.0,2,0.0
25,224,2006,1.0,2,50.0
25,224,2007,0.0,5,0.0
25,224,2008,0.0,1,0.0
25,224,2009,2.0,3,66.66666666666666
25,224,2010,0.0,2,0.0
25,224,2012,0.0,2,0.0
25,224,2013,1.0,1,100.0
25,224,2015,1.0,1,100.0
25,224,2016,0.0,3,0.0
25,224,2021,1.0,1,100.0
25,224,2023,0.0,1,0.0
25,224,2024,1.0,1,100.0
25,245,1998,11.0,304,3.618421052631579
25,245,1999,7.0,287,2.4390243902439024
25,245,2000,5.0,225,2.2222222222222223
25,245,2001,9.0,200,4.5
25,245,2002,5.0,189,2.6455026455026456
25,245,2003,2.0,135,1.4814814814814816
25,245,2004,4.0,143,2.797202797202797
25,245,2005,6.0,158,3.79746835443038
25,245,2006,7.0,164,4.2682926829268295
25,245,2007,3.0,86,3.488372093023256
25,245,2008,2.0,97,2.0618556701030926
25,245,2009,1.0,81,1.2345679012345678
25,245,2010,1.0,64,1.5625
25,245,2011,1.0,59,1.694915254237288
25,245,2012,3.0,82,3.6585365853658534
25,245,2013,0.0,48,0.0
25,245,2014,1.0,45,2.2222222222222223
25,245,2015,1.0,40,2.5
25,245,2016,4.0,41,9.75609756097561
25,245,2017,2.0,29,6.896551724137931
25,245,2018,0.0,22,0.0
25,245,2019,2.0,31,6.451612903225806
25,245,2020,2.0,33,6.0606060606060606
25,245,2021,1.0,26,3.8461538461538463
25,245,2022,1.0,17,5.88235294117647
25,245,2023,1.0,13,7.6923076923076925
25,245,2024,0.0,12,0.0
25,258,1998,1.0,7,14.285714285714285
25,258,1999,1.0,6,16.666666666666664
25,258,2000,0.0,18,0.0
25,258,2001,0.0,3,0.0
25,258,2002,1.0,2,50.0
25,258,2003,0.0,1,0.0
25,258,2004,1.0,7,14.285714285714285
25,258,2005,0.0,6,0.0
25,258,2006,1.0,6,16.666666666666664
25,258,2007,4.0,9,44.44444444444444
25,258,2008,2.0,6,33.33333333333333
25,258,2009,1.0,10,10.0
25,258,2010,0.0,6,0.0
25,258,2011,0.0,1,0.0
25,258,2013,0.0,2,0.0
25,258,2014,0.0,1,0.0
25,258,2016,0.0,1,0.0
25,258,2017,0.0,1,0.0
25,258,2021,0.0,2,0.0
25,260,2000,0.0,1,0.0
25,260,2001,0.0,1,0.0
25,260,2002,0.0,4,0.0
25,260,2004,0.0,1,0.0
25,260,2005,0.0,6,0.0
25,260,2006,0.0,7,0.0
25,260,2007,1.0,5,20.0
25,260,2008,1.0,3,33.33333333333333
25,260,2009,0.0,1,0.0
25,260,2010,1.0,5,20.0
25,260,2011,1.0,2,50.0
25,260,2012,0.0,3,0.0
25,260,2013,0.0,4,0.0
25,260,2014,0.0,7,0.0
25,260,2015,1.0,3,33.33333333333333
25,260,2016,1.0,5,20.0
25,260,2017,3.0,8,37.5
25,260,2018,1.0,6,16.666666666666664
25,260,2019,1.0,2,50.0
25,260,2020,1.0,2,50.0
25,260,2021,2.0,5,40.0
25,260,2022,0.0,1,0.0
25,260,2023,0.0,5,0.0
25,269,1998,102.0,2093,4.873387482083134
25,269,1999,174.0,2350,7.404255319148937
25,269,2000,158.0,2667,5.924259467566554
25,269,2001,195.0,2873,6.787330316742081
25,269,2002,145.0,2851,5.085934759733427
25,269,2003,154.0,2321,6.6350710900473935
25,269,2004,194.0,3076,6.306892067620286
25,269,2005,205.0,3051,6.719108489019994
25,269,2006,232.0,3083,7.525137852740837
25,269,2007,219.0,3412,6.41852286049238
25,269,2008,237.0,3690,6.4227642276422765
25,269,2009,341.0,4063,8.392813192222496
25,269,2010,363.0,3921,9.257842387146137
25,269,2011,367.0,3665,10.013642564802183
25,269,2012,366.0,3794,9.646810753821825
25,269,2013,414.0,3861,10.722610722610723
25,269,2014,406.0,4031,10.071942446043165
25,269,2015,526.0,4275,12.304093567251462
25,269,2016,481.0,4312,11.15491651205937
25,269,2017,485.0,4314,11.24246638850255
25,269,2018,513.0,4323,11.86675919500347
25,269,2019,541.0,4438,12.190175754844525
25,269,2020,571.0,4763,11.988242704178038
25,269,2021,661.0,4483,14.744590675886682
25,269,2022,642.0,4039,15.895023520673435
25,269,2023,632.0,3913,16.15129056989522
25,269,2024,608.0,3558,17.088251826869026
25,279,1998,19.0,285,6.666666666666667
25,279,1999,9.0,299,3.0100334448160537
25,279,2000,11.0,286,3.8461538461538463
25,279,2001,7.0,213,3.286384976525822
25,279,2002,9.0,225,4.0
25,279,2003,6.0,172,3.488372093023256
25,279,2004,10.0,194,5.154639175257731
25,279,2005,7.0,271,2.5830258302583027
25,279,2006,4.0,221,1.809954751131222
25,279,2007,8.0,218,3.669724770642202
25,279,2008,8.0,161,4.968944099378882
25,279,2009,6.0,142,4.225352112676056
25,279,2010,10.0,125,8.0
25,279,2011,4.0,84,4.761904761904762
25,279,2012,0.0,57,0.0
25,279,2013,1.0,79,1.2658227848101267
25,279,2014,0.0,47,0.0
25,279,2015,1.0,58,1.7241379310344827
25,279,2016,4.0,31,12.903225806451612
25,279,2017,7.0,57,12.280701754385964
25,279,2018,1.0,37,2.7027027027027026
25,279,2019,3.0,34,8.823529411764707
25,279,2020,3.0,38,7.894736842105263
25,279,2021,2.0,22,9.090909090909092
25,279,2022,1.0,17,5.88235294117647
25,279,2023,2.0,18,11.11111111111111
25,279,2024,2.0,10,20.0
25,281,1998,1.0,8,12.5
25,281,1999,0.0,5,0.0
25,281,2000,0.0,2,0.0
25,281,2001,2.0,58,3.4482758620689653
25,281,2002,4.0,35,11.428571428571429
25,281,2003,1.0,47,2.127659574468085
25,281,2004,2.0,71,2.8169014084507045
25,281,2005,0.0,62,0.0
25,281,2006,1.0,51,1.9607843137254901
25,281,2007,2.0,51,3.9215686274509802
25,281,2008,2.0,33,6.0606060606060606
25,281,2009,1.0,27,3.7037037037037033
25,281,2010,0.0,31,0.0
25,281,2011,0.0,29,0.0
25,281,2012,0.0,37,0.0
25,281,2013,2.0,21,9.523809523809524
25,281,2014,0.0,6,0.0
25,281,2015,1.0,9,11.11111111111111
25,281,2016,1.0,10,10.0
25,281,2017,0.0,11,0.0
25,281,2018,1.0,8,12.5
25,281,2019,0.0,4,0.0
25,281,2020,2.0,9,22.22222222222222
25,281,2021,0.0,3,0.0
25,281,2022,1.0,1,100.0
25,281,2023,0.0,2,0.0
25,281,2024,0.0,1,0.0
25,286,1998,17.0,204,8.333333333333332
25,286,1999,18.0,241,7.468879668049793
25,286,2000,21.0,251,8.366533864541832
25,286,2001,19.0,271,7.011070110701106
25,286,2002,27.0,257,10.505836575875486
25,286,2003,20.0,265,7.547169811320755
25,286,2004,25.0,250,10.0
25,286,2005,28.0,295,9.491525423728813
25,286,2006,27.0,219,12.32876712328767
25,286,2007,21.0,258,8.13953488372093
25,286,2008,14.0,208,6.730769230769231
25,286,2009,11.0,158,6.962025316455696
25,286,2010,12.0,168,7.142857142857142
25,286,2011,9.0,75,12.0
25,286,2012,8.0,107,7.476635514018691
25,286,2013,7.0,96,7.291666666666667
25,286,2014,10.0,110,9.090909090909092
25,286,2015,13.0,137,9.48905109489051
25,286,2016,4.0,92,4.3478260869565215
25,286,2017,3.0,56,5.357142857142857
25,286,2018,8.0,65,12.307692307692308
25,286,2019,5.0,74,6.756756756756757
25,286,2020,9.0,75,12.0
25,286,2021,11.0,103,10.679611650485436
25,286,2022,13.0,114,11.403508771929824
25,286,2023,8.0,89,8.98876404494382
25,286,2024,5.0,39,12.82051282051282
25,288,1998,0.0,1,0.0
25,288,2003,0.0,1,0.0
25,288,2004,0.0,2,0.0
25,288,2010,0.0,1,0.0
25,288,2019,0.0,1,0.0
25,290,1998,174.0,2447,7.110747854515734
25,290,1999,155.0,2575,6.019417475728155
25,290,2000,176.0,2517,6.992451330949543
25,290,2001,169.0,2753,6.138757718852162
25,290,2002,157.0,2619,5.994654448262696
25,290,2003,107.0,1942,5.5097837281153454
25,290,2004,98.0,2219,4.416403785488959
25,290,2005,145.0,2346,6.180733162830349
25,290,2006,103.0,2200,4.6818181818181825
25,290,2007,104.0,2277,4.567413263065437
25,290,2008,95.0,2179,4.359798072510325
25,290,2009,121.0,2166,5.586334256694368
25,290,2010,68.0,2117,3.2120925838450636
25,290,2011,144.0,2066,6.9699903194578905
25,290,2012,88.0,2107,4.1765543426673
25,290,2013,110.0,1963,5.603667855323485
25,290,2014,88.0,2123,4.145077720207254
25,290,2015,94.0,2098,4.480457578646329
25,290,2016,102.0,2065,4.939467312348668
25,290,2017,83.0,2032,4.084645669291338
25,290,2018,87.0,1941,4.482225656877898
25,290,2019,100.0,2009,4.9776007964161275
25,290,2020,84.0,2067,4.063860667634253
25,290,2021,91.0,1889,4.817363684489147
25,290,2022,108.0,1629,6.629834254143646
25,290,2023,76.0,1474,5.156037991858888
25,290,2024,68.0,1309,5.194805194805195
25,293,1998,1.0,40,2.5
25,293,1999,0.0,9,0.0
25,293,2000,1.0,10,10.0
25,293,2001,1.0,16,6.25
25,293,2002,2.0,39,5.128205128205128
25,293,2003,0.0,23,0.0
25,293,2004,0.0,19,0.0
25,293,2005,0.0,10,0.0
25,293,2006,0.0,3,0.0
25,293,2007,0.0,9,0.0
25,293,2008,0.0,2,0.0
25,293,2009,1.0,3,33.33333333333333
25,293,2010,0.0,1,0.0
25,293,2011,0.0,2,0.0
25,293,2012,1.0,7,14.285714285714285
25,293,2013,1.0,6,16.666666666666664
25,293,2014,1.0,2,50.0
25,293,2015,0.0,1,0.0
25,293,2016,0.0,1,0.0
25,293,2017,0.0,2,0.0
25,293,2018,0.0,1,0.0
25,293,2022,0.0,1,0.0
25,293,2023,1.0,1,100.0
25,295,1999,0.0,3,0.0
25,295,2001,0.0,1,0.0
25,295,2002,0.0,2,0.0
25,295,2003,0.0,3,0.0
25,295,2004,4.0,5,80.0
25,295,2005,1.0,3,33.33333333333333
25,295,2006,1.0,10,10.0
25,295,2007,1.0,9,11.11111111111111
25,295,2008,0.0,12,0.0
25,295,2009,1.0,7,14.285714285714285
25,295,2011,0.0,5,0.0
25,295,2015,1.0,1,100.0
25,295,2016,0.0,1,0.0
25,295,2017,1.0,2,50.0
25,295,2018,0.0,2,0.0
25,295,2019,2.0,6,33.33333333333333
25,295,2020,1.0,2,50.0
25,295,2021,1.0,1,100.0
25,295,2022,0.0,3,0.0
25,295,2023,1.0,2,50.0
25,297,1998,39.0,535,7.289719626168225
25,297,1999,27.0,451,5.986696230598669
25,297,2000,43.0,581,7.401032702237521
25,297,2001,27.0,542,4.981549815498155
25,297,2002,20.0,377,5.305039787798409
25,297,2003,10.0,250,4.0
25,297,2004,20.0,450,4.444444444444445
25,297,2005,29.0,415,6.987951807228916
25,297,2006,28.0,389,7.197943444730077
25,297,2007,22.0,392,5.612244897959184
25,297,2008,20.0,363,5.5096418732782375
25,297,2009,19.0,310,6.129032258064516
25,297,2010,9.0,242,3.71900826446281
25,297,2011,5.0,219,2.28310502283105
25,297,2012,10.0,234,4.273504273504273
25,297,2013,5.0,225,2.2222222222222223
25,297,2014,5.0,190,2.631578947368421
25,297,2015,9.0,189,4.761904761904762
25,297,2016,5.0,170,2.941176470588235
25,297,2017,3.0,180,1.6666666666666667
25,297,2018,7.0,178,3.932584269662921
25,297,2019,2.0,153,1.3071895424836601
25,297,2020,6.0,143,4.195804195804196
25,297,2021,5.0,125,4.0
25,297,2022,4.0,111,3.6036036036036037
25,297,2023,4.0,95,4.2105263157894735
25,297,2024,4.0,86,4.651162790697675
25,299,1998,0.0,9,0.0
25,299,1999,1.0,10,10.0
25,299,2000,0.0,11,0.0
25,299,2001,1.0,7,14.285714285714285
25,299,2002,0.0,3,0.0
25,299,2003,2.0,8,25.0
25,299,2004,0.0,11,0.0
25,299,2005,0.0,2,0.0
25,299,2006,0.0,5,0.0
25,299,2008,0.0,1,0.0
25,299,2009,0.0,2,0.0
25,299,2010,0.0,1,0.0
25,299,2011,0.0,2,0.0
25,299,2012,1.0,4,25.0
25,299,2013,0.0,2,0.0
25,299,2015,0.0,2,0.0
25,299,2018,0.0,1,0.0
25,299,2019,0.0,1,0.0
25,307,1998,220.0,2975,7.394957983193278
25,307,1999,190.0,3207,5.924540068599938
25,307,2000,239.0,3471,6.885623739556324
25,307,2001,342.0,3511,9.74081458273996
25,307,2002,265.0,3068,8.63754889178618
25,307,2003,213.0,2572,8.28149300155521
25,307,2004,211.0,2859,7.3802028681357115
25,307,2005,213.0,3159,6.7426400759734095
25,307,2006,220.0,3099,7.099064214262666
25,307,2007,119.0,3006,3.9587491683300065
25,307,2008,157.0,2914,5.3877831159917635
25,307,2009,183.0,3193,5.731287190729721
25,307,2010,178.0,2983,5.967147167281261
25,307,2011,237.0,3561,6.655433866891322
25,307,2012,193.0,3345,5.769805680119582
25,307,2013,249.0,3375,7.377777777777777
25,307,2014,224.0,3497,6.405490420360309
25,307,2015,259.0,3463,7.479064395033208
25,307,2016,248.0,3206,7.735495945102933
25,307,2017,237.0,3239,7.317073170731707
25,307,2018,264.0,3030,8.712871287128712
25,307,2019,201.0,2864,7.018156424581005
25,307,2020,211.0,2720,7.757352941176471
25,307,2021,194.0,2583,7.510646535036779
25,307,2022,230.0,2748,8.36972343522562
25,307,2023,146.0,2307,6.328565236237537
25,307,2024,156.0,1888,8.26271186440678
25,312,1998,1.0,13,7.6923076923076925
25,312,1999,0.0,18,0.0
25,312,2000,1.0,14,7.142857142857142
25,312,2001,1.0,17,5.88235294117647
25,312,2002,0.0,5,0.0
25,312,2003,1.0,2,50.0
25,312,2004,0.0,1,0.0
25,312,2006,0.0,2,0.0
25,312,2007,1.0,1,100.0
25,312,2008,0.0,1,0.0
25,312,2010,0.0,1,0.0
25,312,2011,1.0,2,50.0
25,312,2019,0.0,1,0.0
25,312,2022,0.0,1,0.0
25,317,1998,11.0,133,8.270676691729323
25,317,1999,16.0,180,8.88888888888889
25,317,2000,7.0,128,5.46875
25,317,2001,4.0,80,5.0
25,317,2002,4.0,105,3.8095238095238098
25,317,2003,3.0,100,3.0
25,317,2004,5.0,94,5.319148936170213
25,317,2005,4.0,127,3.149606299212598
25,317,2006,4.0,119,3.361344537815126
25,317,2007,5.0,96,5.208333333333334
25,317,2008,2.0,85,2.3529411764705883
25,317,2009,4.0,73,5.47945205479452
25,317,2010,1.0,57,1.7543859649122806
25,317,2011,3.0,77,3.896103896103896
25,317,2012,0.0,84,0.0
25,317,2013,1.0,63,1.5873015873015872
25,317,2014,5.0,54,9.25925925925926
25,317,2015,2.0,28,7.142857142857142
25,317,2016,1.0,4,25.0
25,317,2017,0.0,5,0.0
25,317,2018,1.0,4,25.0
25,317,2019,1.0,6,16.666666666666664
25,317,2020,0.0,7,0.0
25,317,2021,1.0,22,4.545454545454546
25,317,2022,4.0,28,14.285714285714285
25,317,2023,3.0,28,10.714285714285714
25,317,2024,4.0,18,22.22222222222222
25,320,1998,18.0,558,3.225806451612903
25,320,1999,13.0,615,2.113821138211382
25,320,2000,17.0,567,2.9982363315696645
25,320,2001,12.0,509,2.357563850687623
25,320,2002,7.0,438,1.5981735159817352
25,320,2003,9.0,466,1.9313304721030045
25,320,2004,10.0,434,2.3041474654377883
25,320,2005,11.0,510,2.156862745098039
25,320,2006,20.0,565,3.5398230088495577
25,320,2007,18.0,595,3.0252100840336134
25,320,2008,14.0,525,2.666666666666667
25,320,2009,18.0,444,4.054054054054054
25,320,2010,7.0,357,1.9607843137254901
25,320,2011,9.0,326,2.7607361963190185
25,320,2012,8.0,331,2.416918429003021
25,320,2013,8.0,253,3.1620553359683794
25,320,2014,7.0,184,3.804347826086957
25,320,2015,4.0,149,2.684563758389262
25,320,2016,6.0,103,5.825242718446602
25,320,2017,4.0,127,3.149606299212598
25,320,2018,1.0,89,1.1235955056179776
25,320,2019,1.0,78,1.282051282051282
25,320,2020,6.0,89,6.741573033707865
25,320,2021,2.0,76,2.631578947368421
25,320,2022,3.0,47,6.382978723404255
25,320,2023,3.0,29,10.344827586206897
25,320,2024,0.0,11,0.0
25,322,1998,5.0,110,4.545454545454546
25,322,1999,4.0,96,4.166666666666666
25,322,2000,5.0,104,4.807692307692308
25,322,2001,2.0,109,1.834862385321101
25,322,2002,2.0,80,2.5
25,322,2003,3.0,73,4.10958904109589
25,322,2004,1.0,71,1.4084507042253522
25,322,2005,4.0,77,5.194805194805195
25,322,2006,1.0,42,2.380952380952381
25,322,2007,1.0,46,2.1739130434782608
25,322,2008,2.0,22,9.090909090909092
25,322,2009,2.0,13,15.384615384615385
25,322,2010,1.0,7,14.285714285714285
25,322,2011,0.0,4,0.0
25,322,2012,1.0,4,25.0
25,322,2013,1.0,2,50.0
25,322,2014,0.0,2,0.0
25,322,2015,1.0,1,100.0
25,322,2016,1.0,5,20.0
25,322,2017,1.0,7,14.285714285714285
25,322,2018,0.0,2,0.0
25,322,2019,1.0,1,100.0
25,322,2020,0.0,2,0.0
25,322,2021,0.0,5,0.0
25,322,2022,1.0,3,33.33333333333333
25,322,2023,0.0,3,0.0
25,322,2024,2.0,4,50.0
25,324,1998,0.0,5,0.0
25,324,1999,0.0,1,0.0
25,324,2000,0.0,2,0.0
25,324,2005,0.0,3,0.0
25,324,2007,1.0,2,50.0
25,324,2010,1.0,1,100.0
25,326,1998,11.0,149,7.38255033557047
25,326,1999,12.0,110,10.909090909090908
25,326,2000,4.0,94,4.25531914893617
25,326,2001,4.0,72,5.555555555555555
25,326,2002,6.0,80,7.5
25,326,2003,7.0,69,10.144927536231885
25,326,2004,5.0,90,5.555555555555555
25,326,2005,7.0,75,9.333333333333334
25,326,2006,6.0,71,8.450704225352112
25,326,2007,3.0,99,3.0303030303030303
25,326,2008,4.0,92,4.3478260869565215
25,326,2009,5.0,61,8.19672131147541
25,326,2010,3.0,61,4.918032786885246
25,326,2011,5.0,54,9.25925925925926
25,326,2012,1.0,68,1.4705882352941175
25,326,2013,6.0,66,9.090909090909092
25,326,2014,1.0,51,1.9607843137254901
25,326,2015,3.0,58,5.172413793103448
25,326,2016,3.0,31,9.67741935483871
25,326,2017,3.0,51,5.88235294117647
25,326,2018,6.0,64,9.375
25,326,2019,0.0,49,0.0
25,326,2020,4.0,31,12.903225806451612
25,326,2021,1.0,26,3.8461538461538463
25,326,2022,0.0,17,0.0
25,326,2023,0.0,8,0.0
25,326,2024,3.0,6,50.0
25,328,1998,0.0,18,0.0
25,328,1999,0.0,4,0.0
25,328,2001,0.0,12,0.0
25,328,2002,0.0,4,0.0
25,328,2003,0.0,4,0.0
25,328,2006,0.0,6,0.0
25,328,2012,0.0,1,0.0
25,335,1998,0.0,5,0.0
25,335,2001,1.0,7,14.285714285714285
25,335,2002,1.0,2,50.0
25,335,2003,0.0,1,0.0
25,335,2004,3.0,10,30.0
25,335,2005,0.0,12,0.0
25,335,2006,0.0,9,0.0
25,335,2007,0.0,4,0.0
25,335,2008,0.0,1,0.0
25,335,2009,0.0,2,0.0
25,339,1998,0.0,2,0.0
25,339,2001,0.0,5,0.0
25,339,2002,0.0,14,0.0
25,339,2003,0.0,6,0.0
25,339,2004,0.0,30,0.0
25,339,2005,1.0,13,7.6923076923076925
25,339,2006,2.0,18,11.11111111111111
25,339,2007,0.0,6,0.0
25,339,2008,0.0,2,0.0
25,339,2009,0.0,3,0.0
25,339,2010,1.0,3,33.33333333333333
25,339,2012,0.0,1,0.0
25,339,2016,0.0,1,0.0
25,35,1998,0.0,7,0.0
25,35,1999,0.0,15,0.0
25,35,2000,0.0,21,0.0
25,35,2001,0.0,7,0.0
25,35,2002,0.0,1,0.0
25,35,2003,0.0,11,0.0
25,35,2004,0.0,8,0.0
25,35,2005,1.0,7,14.285714285714285
25,35,2006,1.0,8,12.5
25,35,2007,0.0,1,0.0
25,35,2013,0.0,1,0.0
25,368,1998,0.0,4,0.0
25,368,2000,0.0,1,0.0
25,368,2001,0.0,1,0.0
25,368,2002,1.0,5,20.0
25,368,2003,0.0,2,0.0
25,368,2004,0.0,1,0.0
25,368,2005,0.0,1,0.0
25,368,2008,0.0,2,0.0
25,368,2009,0.0,3,0.0
25,368,2012,1.0,1,100.0
25,368,2013,1.0,1,100.0
25,368,2014,0.0,1,0.0
25,368,2015,0.0,1,0.0
25,368,2017,0.0,2,0.0
25,368,2024,0.0,1,0.0
25,372,1998,0.0,18,0.0
25,372,1999,0.0,9,0.0
25,372,2000,0.0,2,0.0
25,372,2001,2.0,9,22.22222222222222
25,372,2002,2.0,24,8.333333333333332
25,372,2003,1.0,38,2.631578947368421
25,372,2004,2.0,34,5.88235294117647
25,372,2005,4.0,26,15.384615384615385
25,372,2006,0.0,13,0.0
25,372,2007,0.0,12,0.0
25,372,2008,1.0,17,5.88235294117647
25,372,2009,0.0,12,0.0
25,372,2010,0.0,8,0.0
25,372,2011,0.0,5,0.0
25,372,2012,0.0,5,0.0
25,372,2013,0.0,4,0.0
25,372,2014,0.0,4,0.0
25,372,2016,0.0,5,0.0
25,372,2017,0.0,2,0.0
25,372,2018,0.0,3,0.0
25,372,2019,0.0,4,0.0
25,372,2020,0.0,2,0.0
25,372,2021,0.0,1,0.0
25,372,2022,0.0,1,0.0
25,372,2023,0.0,1,0.0
25,377,1998,8.0,82,9.75609756097561
25,377,1999,7.0,99,7.07070707070707
25,377,2000,4.0,80,5.0
25,377,2001,9.0,90,10.0
25,377,2002,4.0,67,5.970149253731343
25,377,2003,3.0,40,7.5
25,377,2004,3.0,31,9.67741935483871
25,377,2005,0.0,32,0.0
25,377,2006,2.0,32,6.25
25,377,2007,4.0,20,20.0
25,377,2008,6.0,59,10.16949152542373
25,377,2009,19.0,134,14.17910447761194
25,377,2010,9.0,63,14.285714285714285
25,377,2011,6.0,71,8.450704225352112
25,377,2012,10.0,94,10.638297872340425
25,377,2013,7.0,59,11.864406779661017
25,377,2014,8.0,45,17.77777777777778
25,377,2015,5.0,43,11.627906976744185
25,377,2016,2.0,33,6.0606060606060606
25,377,2017,1.0,9,11.11111111111111
25,377,2018,1.0,5,20.0
25,377,2019,1.0,4,25.0
25,377,2020,1.0,5,20.0
25,377,2021,2.0,4,50.0
25,377,2022,1.0,3,33.33333333333333
25,377,2023,1.0,5,20.0
25,377,2024,0.0,3,0.0
25,386,1998,46.0,957,4.806687565308255
25,386,1999,54.0,1007,5.362462760675273
25,386,2000,46.0,1003,4.586241276171486
25,386,2001,53.0,1051,5.042816365366318
25,386,2002,42.0,853,4.9237983587338805
25,386,2003,27.0,769,3.5110533159947983
25,386,2004,49.0,863,5.677867902665121
25,386,2005,84.0,896,9.375
25,386,2006,48.0,875,5.485714285714286
25,386,2007,30.0,874,3.4324942791762014
25,386,2008,24.0,865,2.7745664739884393
25,386,2009,23.0,659,3.490136570561457
25,386,2010,32.0,707,4.526166902404526
25,386,2011,26.0,685,3.795620437956204
25,386,2012,14.0,519,2.697495183044316
25,386,2013,15.0,535,2.803738317757009
25,386,2014,21.0,621,3.3816425120772946
25,386,2015,19.0,643,2.9548989113530326
25,386,2016,21.0,611,3.436988543371522
25,386,2017,21.0,749,2.803738317757009
25,386,2018,16.0,718,2.2284122562674096
25,386,2019,19.0,805,2.360248447204969
25,386,2020,15.0,833,1.800720288115246
25,386,2021,24.0,645,3.7209302325581395
25,386,2022,16.0,644,2.484472049689441
25,386,2023,11.0,516,2.131782945736434
25,386,2024,15.0,446,3.3632286995515694
25,394,1998,6.0,132,4.545454545454546
25,394,1999,6.0,121,4.958677685950414
25,394,2000,5.0,137,3.64963503649635
25,394,2001,9.0,104,8.653846153846153
25,394,2002,8.0,147,5.442176870748299
25,394,2003,5.0,66,7.575757575757576
25,394,2004,3.0,75,4.0
25,394,2005,2.0,72,2.7777777777777777
25,394,2006,3.0,65,4.615384615384616
25,394,2007,2.0,60,3.3333333333333335
25,394,2008,2.0,45,4.444444444444445
25,394,2009,4.0,73,5.47945205479452
25,394,2010,2.0,30,6.666666666666667
25,394,2011,1.0,34,2.941176470588235
25,394,2012,0.0,43,0.0
25,394,2013,2.0,33,6.0606060606060606
25,394,2014,0.0,26,0.0
25,394,2015,1.0,30,3.3333333333333335
25,394,2016,1.0,13,7.6923076923076925
25,394,2017,2.0,30,6.666666666666667
25,394,2018,0.0,10,0.0
25,394,2019,4.0,13,30.76923076923077
25,394,2020,0.0,12,0.0
25,394,2021,0.0,7,0.0
25,394,2022,1.0,11,9.090909090909092
25,394,2023,1.0,3,33.33333333333333
25,394,2024,0.0,6,0.0
25,398,1998,2.0,12,16.666666666666664
25,398,1999,3.0,32,9.375
25,398,2000,2.0,29,6.896551724137931
25,398,2001,3.0,38,7.894736842105263
25,398,2002,3.0,20,15.0
25,398,2003,2.0,14,14.285714285714285
25,398,2004,0.0,13,0.0
25,398,2005,2.0,13,15.384615384615385
25,398,2006,0.0,4,0.0
25,398,2007,1.0,6,16.666666666666664
25,398,2008,0.0,6,0.0
25,398,2009,0.0,4,0.0
25,398,2011,1.0,1,100.0
25,398,2012,0.0,4,0.0
25,398,2013,0.0,2,0.0
25,398,2014,0.0,3,0.0
25,398,2015,1.0,3,33.33333333333333
25,398,2016,0.0,1,0.0
25,398,2017,0.0,1,0.0
25,398,2020,0.0,3,0.0
25,398,2022,0.0,1,0.0
25,398,2023,0.0,1,0.0
25,398,2024,0.0,1,0.0
25,40,1998,7.0,230,3.0434782608695654
25,40,1999,6.0,185,3.2432432432432434
25,40,2000,10.0,189,5.291005291005291
25,40,2001,6.0,171,3.508771929824561
25,40,2002,6.0,144,4.166666666666666
25,40,2003,3.0,104,2.8846153846153846
25,40,2004,11.0,153,7.18954248366013
25,40,2005,5.0,111,4.504504504504505
25,40,2006,1.0,89,1.1235955056179776
25,40,2007,2.0,86,2.3255813953488373
25,40,2012,3.0,35,8.571428571428571
25,40,2013,2.0,32,6.25
25,402,1998,12.0,317,3.7854889589905363
25,402,1999,11.0,314,3.5031847133757963
25,402,2000,16.0,339,4.71976401179941
25,402,2001,10.0,329,3.0395136778115504
25,402,2002,7.0,250,2.8000000000000003
25,402,2003,7.0,154,4.545454545454546
25,402,2004,11.0,180,6.111111111111111
25,402,2005,3.0,163,1.8404907975460123
25,402,2006,10.0,153,6.535947712418301
25,402,2007,2.0,135,1.4814814814814816
25,402,2008,7.0,119,5.88235294117647
25,402,2009,6.0,139,4.316546762589928
25,402,2010,3.0,146,2.054794520547945
25,402,2011,2.0,103,1.9417475728155338
25,402,2012,2.0,58,3.4482758620689653
25,402,2013,1.0,35,2.857142857142857
25,402,2014,1.0,49,2.0408163265306123
25,402,2015,3.0,46,6.521739130434782
25,402,2016,0.0,11,0.0
25,402,2017,0.0,6,0.0
25,402,2018,1.0,12,8.333333333333332
25,402,2019,0.0,15,0.0
25,402,2020,3.0,54,5.555555555555555
25,402,2021,1.0,38,2.631578947368421
25,402,2022,2.0,54,3.7037037037037033
25,402,2023,1.0,22,4.545454545454546
25,402,2024,2.0,15,13.333333333333334
25,407,1999,0.0,1,0.0
25,407,2001,0.0,10,0.0
25,407,2002,0.0,2,0.0
25,407,2004,0.0,3,0.0
25,407,2006,0.0,2,0.0
25,407,2007,0.0,1,0.0
25,407,2008,1.0,4,25.0
25,407,2009,0.0,3,0.0
25,407,2010,0.0,1,0.0
25,407,2011,0.0,4,0.0
25,407,2012,1.0,4,25.0
25,407,2013,0.0,1,0.0
25,407,2014,0.0,1,0.0
25,407,2015,1.0,2,50.0
25,407,2016,0.0,2,0.0
25,407,2017,0.0,2,0.0
25,407,2018,0.0,1,0.0
25,407,2019,0.0,2,0.0
25,407,2020,0.0,2,0.0
25,407,2021,0.0,1,0.0
25,407,2022,0.0,1,0.0
25,407,2023,1.0,3,33.33333333333333
25,426,1998,1.0,22,4.545454545454546
25,426,1999,0.0,13,0.0
25,426,2000,0.0,3,0.0
25,426,2001,0.0,4,0.0
25,426,2002,0.0,5,0.0
25,426,2003,0.0,3,0.0
25,426,2004,0.0,1,0.0
25,426,2005,0.0,7,0.0
25,426,2006,0.0,4,0.0
25,426,2007,0.0,5,0.0
25,426,2008,0.0,4,0.0
25,426,2009,0.0,1,0.0
25,426,2010,0.0,3,0.0
25,426,2011,1.0,1,100.0
25,426,2012,0.0,1,0.0
25,426,2014,0.0,2,0.0
25,426,2020,0.0,1,0.0
25,430,1998,35.0,827,4.2321644498186215
25,430,1999,50.0,891,5.611672278338945
25,430,2000,54.0,851,6.345475910693302
25,430,2001,34.0,691,4.92040520984081
25,430,2002,24.0,726,3.3057851239669422
25,430,2003,19.0,392,4.846938775510204
25,430,2004,54.0,567,9.523809523809524
25,430,2005,41.0,512,8.0078125
25,430,2006,51.0,648,7.87037037037037
25,430,2007,48.0,547,8.775137111517367
25,430,2008,52.0,575,9.043478260869566
25,430,2009,38.0,569,6.6783831282952555
25,430,2010,27.0,506,5.33596837944664
25,430,2011,27.0,475,5.684210526315789
25,430,2012,23.0,465,4.946236559139785
25,430,2013,20.0,398,5.025125628140704
25,430,2014,15.0,342,4.385964912280701
25,430,2015,14.0,259,5.405405405405405
25,430,2016,19.0,218,8.715596330275229
25,430,2017,23.0,253,9.090909090909092
25,430,2018,14.0,217,6.451612903225806
25,430,2019,8.0,185,4.324324324324325
25,430,2020,14.0,146,9.58904109589041
25,430,2021,8.0,83,9.63855421686747
25,430,2022,10.0,85,11.76470588235294
25,430,2023,13.0,76,17.105263157894736
25,430,2024,15.0,86,17.441860465116278
25,436,1998,1.0,8,12.5
25,436,1999,0.0,8,0.0
25,436,2001,0.0,7,0.0
25,436,2002,0.0,4,0.0
25,436,2003,0.0,1,0.0
25,436,2004,0.0,2,0.0
25,436,2005,2.0,5,40.0
25,436,2006,0.0,1,0.0
25,436,2007,1.0,2,50.0
25,436,2008,0.0,3,0.0
25,436,2009,1.0,1,100.0
25,436,2010,0.0,1,0.0
25,436,2011,0.0,1,0.0
25,436,2013,1.0,1,100.0
25,438,1998,12.0,126,9.523809523809524
25,438,1999,1.0,141,0.7092198581560284
25,438,2000,1.0,106,0.9433962264150944
25,438,2001,7.0,148,4.72972972972973
25,438,2002,0.0,132,0.0
25,438,2003,0.0,86,0.0
25,438,2004,1.0,135,0.7407407407407408
25,438,2005,4.0,144,2.7777777777777777
25,438,2006,3.0,129,2.3255813953488373
25,438,2007,5.0,143,3.4965034965034967
25,438,2008,1.0,131,0.7633587786259541
25,438,2009,2.0,99,2.0202020202020203
25,438,2010,2.0,104,1.9230769230769231
25,438,2011,0.0,93,0.0
25,438,2012,0.0,72,0.0
25,438,2013,1.0,83,1.2048192771084338
25,438,2014,2.0,54,3.7037037037037033
25,438,2015,0.0,59,0.0
25,438,2016,1.0,29,3.4482758620689653
25,438,2017,0.0,54,0.0
25,438,2018,0.0,48,0.0
25,438,2019,3.0,61,4.918032786885246
25,438,2020,1.0,57,1.7543859649122806
25,438,2021,2.0,41,4.878048780487805
25,438,2022,1.0,21,4.761904761904762
25,438,2023,0.0,24,0.0
25,438,2024,1.0,21,4.761904761904762
25,473,1998,0.0,3,0.0
25,473,1999,1.0,1,100.0
25,473,2000,3.0,4,75.0
25,473,2001,10.0,147,6.802721088435375
25,473,2002,15.0,188,7.9787234042553195
25,473,2003,13.0,167,7.784431137724551
25,473,2004,10.0,211,4.739336492890995
25,473,2005,12.0,247,4.8582995951417
25,473,2006,23.0,296,7.77027027027027
25,473,2007,17.0,257,6.614785992217899
25,473,2008,26.0,292,8.904109589041095
25,473,2009,14.0,218,6.422018348623854
25,473,2010,14.0,225,6.222222222222222
25,473,2011,15.0,208,7.211538461538461
25,473,2012,17.0,180,9.444444444444445
25,473,2013,11.0,163,6.748466257668712
25,473,2014,13.0,134,9.701492537313433
25,473,2015,9.0,153,5.88235294117647
25,473,2016,14.0,231,6.0606060606060606
25,473,2017,25.0,235,10.638297872340425
25,473,2018,12.0,185,6.486486486486487
25,473,2019,13.0,201,6.467661691542288
25,473,2020,13.0,175,7.428571428571429
25,473,2021,15.0,167,8.982035928143713
25,473,2022,13.0,183,7.103825136612022
25,473,2023,19.0,233,8.15450643776824
25,473,2024,20.0,309,6.472491909385113
25,483,1998,0.0,4,0.0
25,483,2001,0.0,1,0.0
25,483,2002,0.0,2,0.0
25,483,2003,0.0,1,0.0
25,483,2013,0.0,1,0.0
25,486,1998,11.0,194,5.670103092783505
25,486,1999,10.0,194,5.154639175257731
25,486,2000,9.0,155,5.806451612903226
25,486,2001,8.0,116,6.896551724137931
25,486,2002,9.0,96,9.375
25,486,2003,2.0,68,2.941176470588235
25,486,2004,9.0,79,11.39240506329114
25,486,2005,8.0,90,8.88888888888889
25,486,2006,5.0,84,5.952380952380952
25,486,2007,4.0,84,4.761904761904762
25,486,2008,2.0,89,2.247191011235955
25,486,2009,6.0,59,10.16949152542373
25,486,2010,6.0,48,12.5
25,486,2011,4.0,50,8.0
25,486,2012,5.0,54,9.25925925925926
25,486,2013,2.0,50,4.0
25,486,2014,3.0,46,6.521739130434782
25,486,2015,6.0,72,8.333333333333332
25,486,2016,6.0,65,9.230769230769232
25,486,2017,6.0,69,8.695652173913043
25,486,2018,5.0,56,8.928571428571429
25,486,2019,6.0,57,10.526315789473683
25,486,2020,5.0,45,11.11111111111111
25,486,2021,0.0,25,0.0
25,486,2022,3.0,29,10.344827586206897
25,486,2023,0.0,9,0.0
25,486,2024,0.0,13,0.0
25,488,1998,0.0,3,0.0
25,488,1999,1.0,10,10.0
25,488,2000,0.0,38,0.0
25,488,2001,2.0,36,5.555555555555555
25,488,2002,1.0,41,2.4390243902439024
25,488,2003,0.0,21,0.0
25,488,2004,0.0,22,0.0
25,488,2005,0.0,2,0.0
25,488,2006,0.0,3,0.0
25,488,2007,2.0,3,66.66666666666666
25,488,2009,0.0,1,0.0
25,488,2011,0.0,1,0.0
25,488,2016,0.0,1,0.0
25,491,1998,0.0,1,0.0
25,491,1999,0.0,11,0.0
25,491,2000,0.0,19,0.0
25,491,2001,1.0,24,4.166666666666666
25,491,2002,0.0,13,0.0
25,491,2003,0.0,2,0.0
25,491,2004,0.0,1,0.0
25,491,2005,0.0,4,0.0
25,491,2006,0.0,2,0.0
25,491,2007,0.0,8,0.0
25,491,2008,0.0,1,0.0
25,491,2010,0.0,1,0.0
25,491,2012,0.0,1,0.0
25,491,2013,1.0,1,100.0
25,506,1999,1.0,16,6.25
25,506,2000,0.0,16,0.0
25,506,2001,5.0,37,13.513513513513514
25,506,2002,0.0,47,0.0
25,506,2003,2.0,26,7.6923076923076925
25,506,2004,0.0,38,0.0
25,506,2005,0.0,27,0.0
25,506,2006,0.0,34,0.0
25,506,2007,0.0,11,0.0
25,506,2008,0.0,11,0.0
25,506,2009,0.0,8,0.0
25,506,2010,0.0,12,0.0
25,506,2011,0.0,2,0.0
25,506,2012,1.0,6,16.666666666666664
25,506,2013,0.0,3,0.0
25,506,2015,1.0,4,25.0
25,506,2016,1.0,2,50.0
25,506,2017,0.0,4,0.0
25,506,2018,0.0,2,0.0
25,506,2019,0.0,4,0.0
25,506,2021,0.0,6,0.0
25,506,2022,0.0,1,0.0
25,506,2023,0.0,2,0.0
25,506,2024,0.0,1,0.0
25,513,1998,42.0,707,5.9405940594059405
25,513,1999,24.0,553,4.3399638336347195
25,513,2000,37.0,736,5.0271739130434785
25,513,2001,25.0,665,3.7593984962406015
25,513,2002,17.0,682,2.4926686217008798
25,513,2003,19.0,451,4.212860310421286
25,513,2004,33.0,683,4.831625183016105
25,513,2005,21.0,716,2.9329608938547485
25,513,2006,29.0,674,4.302670623145401
25,513,2007,29.0,620,4.67741935483871
25,513,2008,29.0,668,4.341317365269461
25,513,2009,21.0,543,3.867403314917127
25,513,2010,12.0,499,2.404809619238477
25,513,2011,17.0,477,3.563941299790356
25,513,2012,15.0,461,3.2537960954446854
25,513,2013,21.0,463,4.535637149028078
25,513,2014,13.0,481,2.7027027027027026
25,513,2015,20.0,434,4.6082949308755765
25,513,2016,15.0,435,3.4482758620689653
25,513,2017,11.0,428,2.570093457943925
25,513,2018,14.0,445,3.146067415730337
25,513,2019,11.0,427,2.576112412177986
25,513,2020,12.0,460,2.608695652173913
25,513,2021,13.0,401,3.2418952618453867
25,513,2022,4.0,321,1.2461059190031152
25,513,2023,11.0,311,3.536977491961415
25,513,2024,11.0,263,4.182509505703422
25,518,1998,0.0,12,0.0
25,518,1999,0.0,16,0.0
25,518,2000,0.0,25,0.0
25,518,2001,1.0,24,4.166666666666666
25,518,2002,0.0,4,0.0
25,518,2003,0.0,4,0.0
25,518,2004,0.0,9,0.0
25,518,2005,0.0,5,0.0
25,518,2006,1.0,6,16.666666666666664
25,518,2007,1.0,7,14.285714285714285
25,518,2008,0.0,4,0.0
25,518,2009,0.0,2,0.0
25,518,2010,1.0,1,100.0
25,518,2012,0.0,4,0.0
25,518,2013,0.0,3,0.0
25,518,2014,0.0,3,0.0
25,518,2015,1.0,2,50.0
25,518,2016,0.0,1,0.0
25,518,2017,0.0,1,0.0
25,518,2018,0.0,1,0.0
25,518,2019,1.0,1,100.0
25,518,2020,1.0,1,100.0
25,518,2024,0.0,1,0.0
25,524,1998,0.0,20,0.0
25,524,1999,0.0,10,0.0
25,524,2000,0.0,16,0.0
25,524,2001,0.0,14,0.0
25,524,2002,1.0,23,4.3478260869565215
25,524,2003,0.0,12,0.0
25,524,2004,0.0,26,0.0
25,524,2005,0.0,34,0.0
25,524,2006,0.0,13,0.0
25,524,2007,0.0,7,0.0
25,524,2008,2.0,6,33.33333333333333
25,524,2009,0.0,10,0.0
25,524,2010,0.0,5,0.0
25,524,2011,0.0,1,0.0
25,524,2012,0.0,3,0.0
25,524,2013,0.0,5,0.0
25,524,2014,0.0,2,0.0
25,524,2015,0.0,2,0.0
25,524,2016,0.0,1,0.0
25,524,2017,0.0,3,0.0
25,524,2018,0.0,3,0.0
25,524,2019,0.0,5,0.0
25,524,2020,2.0,5,40.0
25,524,2021,0.0,6,0.0
25,524,2022,0.0,1,0.0
25,524,2023,0.0,3,0.0
25,53,1998,28.0,539,5.194805194805195
25,53,1999,22.0,478,4.602510460251046
25,53,2000,19.0,393,4.8346055979643765
25,53,2001,7.0,258,2.7131782945736433
25,53,2002,11.0,242,4.545454545454546
25,53,2003,9.0,223,4.0358744394618835
25,53,2004,5.0,223,2.242152466367713
25,53,2005,10.0,203,4.926108374384237
25,53,2006,3.0,240,1.25
25,53,2007,7.0,281,2.491103202846975
25,53,2012,2.0,74,2.7027027027027026
25,53,2013,0.0,56,0.0
25,530,1998,4.0,41,9.75609756097561
25,530,1999,1.0,44,2.272727272727273
25,530,2000,1.0,62,1.6129032258064515
25,530,2001,2.0,60,3.3333333333333335
25,530,2002,1.0,16,6.25
25,530,2003,0.0,14,0.0
25,530,2004,1.0,6,16.666666666666664
25,530,2005,1.0,19,5.263157894736842
25,530,2006,0.0,12,0.0
25,530,2007,0.0,13,0.0
25,530,2008,1.0,11,9.090909090909092
25,530,2009,1.0,11,9.090909090909092
25,530,2010,0.0,5,0.0
25,530,2011,0.0,12,0.0
25,530,2012,0.0,2,0.0
25,530,2013,1.0,7,14.285714285714285
25,530,2014,0.0,2,0.0
25,530,2015,0.0,2,0.0
25,530,2016,0.0,2,0.0
25,530,2017,0.0,6,0.0
25,530,2018,1.0,5,20.0
25,530,2019,0.0,13,0.0
25,530,2020,1.0,11,9.090909090909092
25,530,2021,1.0,12,8.333333333333332
25,530,2022,0.0,5,0.0
25,530,2023,1.0,8,12.5
25,530,2024,2.0,7,28.57142857142857
25,535,1999,0.0,4,0.0
25,535,2000,0.0,3,0.0
25,535,2002,0.0,1,0.0
25,535,2003,0.0,4,0.0
25,535,2006,0.0,1,0.0
25,535,2007,0.0,1,0.0
25,535,2008,0.0,1,0.0
25,535,2009,0.0,1,0.0
25,535,2010,1.0,4,25.0
25,535,2011,0.0,3,0.0
25,572,1998,11.0,173,6.358381502890173
25,572,1999,10.0,181,5.524861878453039
25,572,2000,6.0,221,2.7149321266968327
25,572,2001,5.0,248,2.0161290322580645
25,572,2002,11.0,217,5.0691244239631335
25,572,2003,3.0,136,2.2058823529411766
25,572,2004,8.0,206,3.8834951456310676
25,572,2005,5.0,180,2.7777777777777777
25,572,2006,6.0,156,3.8461538461538463
25,572,2007,3.0,107,2.803738317757009
25,572,2008,3.0,127,2.3622047244094486
25,572,2009,3.0,90,3.3333333333333335
25,572,2010,2.0,57,3.508771929824561
25,572,2011,1.0,43,2.3255813953488373
25,572,2012,3.0,49,6.122448979591836
25,572,2013,0.0,32,0.0
25,572,2014,0.0,28,0.0
25,572,2015,1.0,18,5.555555555555555
25,572,2016,0.0,17,0.0
25,572,2017,1.0,6,16.666666666666664
25,572,2018,1.0,4,25.0
25,572,2019,1.0,5,20.0
25,572,2020,2.0,26,7.6923076923076925
25,572,2021,1.0,16,6.25
25,572,2022,0.0,7,0.0
25,572,2023,0.0,3,0.0
25,572,2024,0.0,1,0.0
25,580,1999,1.0,2,50.0
25,580,2000,0.0,2,0.0
25,580,2002,0.0,3,0.0
25,580,2003,0.0,5,0.0
25,580,2004,0.0,2,0.0
25,580,2005,1.0,3,33.33333333333333
25,580,2006,0.0,2,0.0
25,580,2008,0.0,1,0.0
25,580,2009,0.0,3,0.0
25,580,2010,0.0,1,0.0
25,592,2000,0.0,1,0.0
25,592,2002,0.0,2,0.0
25,592,2004,1.0,2,50.0
25,592,2006,0.0,3,0.0
25,592,2009,0.0,2,0.0
25,592,2011,0.0,1,0.0
25,594,2000,0.0,1,0.0
25,594,2001,0.0,2,0.0
25,594,2003,0.0,1,0.0
25,594,2006,1.0,1,100.0
25,594,2007,0.0,1,0.0
25,594,2010,0.0,2,0.0
25,596,1998,0.0,38,0.0
25,596,1999,2.0,31,6.451612903225806
25,596,2000,1.0,42,2.380952380952381
25,596,2001,0.0,37,0.0
25,596,2002,1.0,29,3.4482758620689653
25,596,2003,1.0,19,5.263157894736842
25,596,2004,3.0,28,10.714285714285714
25,596,2005,0.0,28,0.0
25,596,2006,4.0,22,18.181818181818183
25,596,2007,2.0,16,12.5
25,596,2008,1.0,11,9.090909090909092
25,596,2009,2.0,18,11.11111111111111
25,596,2010,0.0,9,0.0
25,596,2011,3.0,13,23.076923076923077
25,596,2012,0.0,2,0.0
25,596,2013,1.0,10,10.0
25,596,2014,0.0,1,0.0
25,596,2015,0.0,1,0.0
25,596,2016,0.0,1,0.0
25,596,2018,0.0,1,0.0
25,596,2020,0.0,2,0.0
25,596,2022,0.0,1,0.0
25,596,2023,0.0,1,0.0
25,596,2024,1.0,3,33.33333333333333
25,599,1998,4.0,14,28.57142857142857
25,599,1999,0.0,2,0.0
25,599,2000,0.0,10,0.0
25,599,2001,0.0,46,0.0
25,599,2002,0.0,34,0.0
25,599,2003,0.0,18,0.0
25,599,2004,0.0,40,0.0
25,599,2005,0.0,31,0.0
25,599,2006,1.0,35,2.857142857142857
25,599,2007,2.0,38,5.263157894736842
25,599,2008,3.0,46,6.521739130434782
25,599,2009,1.0,21,4.761904761904762
25,599,2010,0.0,5,0.0
25,599,2011,0.0,3,0.0
25,599,2012,1.0,3,33.33333333333333
25,599,2013,0.0,1,0.0
25,599,2014,1.0,3,33.33333333333333
25,599,2015,0.0,4,0.0
25,599,2018,0.0,1,0.0
25,599,2019,0.0,2,0.0
25,599,2020,0.0,2,0.0
25,599,2022,0.0,1,0.0
25,612,1998,0.0,1,0.0
25,612,1999,0.0,1,0.0
25,612,2002,1.0,2,50.0
25,612,2004,0.0,1,0.0
25,612,2006,0.0,1,0.0
25,612,2008,0.0,1,0.0
25,649,1998,2.0,42,4.761904761904762
25,649,1999,0.0,19,0.0
25,649,2000,4.0,102,3.9215686274509802
25,649,2001,8.0,92,8.695652173913043
25,649,2002,4.0,75,5.333333333333334
25,649,2003,0.0,68,0.0
25,649,2004,1.0,104,0.9615384615384616
25,649,2005,3.0,83,3.614457831325301
25,649,2006,1.0,94,1.0638297872340425
25,649,2007,0.0,17,0.0
25,649,2008,0.0,9,0.0
25,649,2009,1.0,9,11.11111111111111
25,649,2010,0.0,10,0.0
25,649,2011,1.0,6,16.666666666666664
25,649,2012,0.0,4,0.0
25,649,2013,0.0,5,0.0
25,649,2014,0.0,3,0.0
25,649,2015,0.0,6,0.0
25,649,2016,0.0,3,0.0
25,649,2017,0.0,9,0.0
25,649,2018,0.0,1,0.0
25,649,2019,0.0,2,0.0
25,649,2020,0.0,2,0.0
25,649,2021,0.0,2,0.0
25,653,1998,2.0,24,8.333333333333332
25,653,1999,0.0,3,0.0
25,653,2000,1.0,12,8.333333333333332
25,653,2001,1.0,17,5.88235294117647
25,653,2002,1.0,9,11.11111111111111
25,653,2003,0.0,5,0.0
25,653,2004,1.0,9,11.11111111111111
25,653,2005,0.0,2,0.0
25,653,2006,0.0,6,0.0
25,653,2007,0.0,2,0.0
25,653,2008,1.0,3,33.33333333333333
25,653,2009,0.0,4,0.0
25,653,2010,0.0,1,0.0
25,653,2011,0.0,3,0.0
25,653,2013,0.0,1,0.0
25,653,2014,0.0,1,0.0
25,653,2016,0.0,1,0.0
25,653,2017,1.0,1,100.0
25,653,2020,1.0,3,33.33333333333333
25,653,2021,0.0,1,0.0
25,653,2022,1.0,1,100.0
25,653,2024,1.0,2,50.0
25,658,1998,0.0,2,0.0
25,658,1999,0.0,2,0.0
25,658,2002,0.0,5,0.0
25,658,2003,0.0,5,0.0
25,658,2004,2.0,15,13.333333333333334
25,658,2005,2.0,38,5.263157894736842
25,658,2006,0.0,23,0.0
25,658,2007,1.0,41,2.4390243902439024
25,658,2008,0.0,23,0.0
25,658,2009,0.0,22,0.0
25,658,2010,2.0,20,10.0
25,658,2011,0.0,19,0.0
25,658,2012,1.0,25,4.0
25,658,2013,1.0,29,3.4482758620689653
25,658,2014,3.0,21,14.285714285714285
25,658,2015,1.0,18,5.555555555555555
25,658,2016,0.0,16,0.0
25,658,2017,0.0,5,0.0
25,658,2018,0.0,1,0.0
25,658,2019,2.0,6,33.33333333333333
25,658,2020,0.0,3,0.0
25,658,2021,0.0,2,0.0
25,662,1998,14.0,276,5.072463768115942
25,662,1999,20.0,291,6.872852233676976
25,662,2000,13.0,313,4.15335463258786
25,662,2001,15.0,231,6.493506493506493
25,662,2002,5.0,179,2.793296089385475
25,662,2003,10.0,139,7.194244604316546
25,662,2004,15.0,199,7.537688442211055
25,662,2005,3.0,148,2.027027027027027
25,662,2006,7.0,143,4.895104895104895
25,662,2007,3.0,105,2.857142857142857
25,662,2008,4.0,102,3.9215686274509802
25,662,2009,2.0,95,2.1052631578947367
25,662,2010,3.0,89,3.3707865168539324
25,662,2011,3.0,67,4.477611940298507
25,662,2012,2.0,76,2.631578947368421
25,662,2013,4.0,67,5.970149253731343
25,662,2014,0.0,33,0.0
25,662,2015,1.0,32,3.125
25,662,2016,1.0,24,4.166666666666666
25,662,2017,0.0,8,0.0
25,662,2018,2.0,9,22.22222222222222
25,662,2019,1.0,8,12.5
25,662,2020,1.0,7,14.285714285714285
25,662,2021,1.0,9,11.11111111111111
25,662,2022,0.0,4,0.0
25,662,2023,0.0,5,0.0
25,662,2024,0.0,3,0.0
25,718,1998,3.0,116,2.586206896551724
25,718,1999,3.0,136,2.2058823529411766
25,718,2000,2.0,116,1.7241379310344827
25,718,2001,2.0,112,1.7857142857142856
25,718,2002,4.0,126,3.1746031746031744
25,718,2003,1.0,86,1.1627906976744187
25,718,2004,3.0,120,2.5
25,718,2005,4.0,104,3.8461538461538463
25,718,2006,3.0,96,3.125
25,718,2007,3.0,70,4.285714285714286
25,718,2008,2.0,72,2.7777777777777777
25,718,2009,3.0,77,3.896103896103896
25,718,2010,5.0,66,7.575757575757576
25,718,2011,1.0,41,2.4390243902439024
25,718,2012,1.0,47,2.127659574468085
25,718,2013,3.0,32,9.375
25,718,2014,1.0,33,3.0303030303030303
25,718,2015,3.0,28,10.714285714285714
25,718,2016,3.0,33,9.090909090909092
25,718,2017,0.0,22,0.0
25,718,2018,0.0,14,0.0
25,718,2019,0.0,18,0.0
25,718,2020,1.0,28,3.571428571428571
25,718,2021,2.0,11,18.181818181818183
25,718,2022,1.0,11,9.090909090909092
25,718,2023,0.0,11,0.0
25,718,2024,1.0,9,11.11111111111111
25,736,1998,6.0,223,2.690582959641256
25,736,1999,2.0,224,0.8928571428571428
25,736,2000,0.0,179,0.0
25,736,2001,4.0,150,2.666666666666667
25,736,2002,1.0,117,0.8547008547008548
25,736,2003,1.0,99,1.0101010101010102
25,736,2004,0.0,105,0.0
25,736,2005,5.0,119,4.201680672268908
25,736,2006,1.0,88,1.1363636363636365
25,736,2007,0.0,76,0.0
25,736,2008,2.0,96,2.083333333333333
25,736,2009,5.0,93,5.376344086021505
25,736,2010,0.0,4,0.0
25,736,2011,1.0,49,2.0408163265306123
25,736,2012,2.0,25,8.0
25,736,2013,0.0,27,0.0
25,736,2014,4.0,24,16.666666666666664
25,736,2015,1.0,21,4.761904761904762
25,736,2016,1.0,23,4.3478260869565215
25,736,2017,0.0,17,0.0
25,736,2018,4.0,14,28.57142857142857
25,736,2019,3.0,25,12.0
25,736,2020,0.0,29,0.0
25,736,2021,1.0,15,6.666666666666667
25,736,2022,3.0,7,42.857142857142854
25,736,2023,1.0,6,16.666666666666664
25,736,2024,1.0,18,5.555555555555555
25,740,1998,9.0,127,7.086614173228346
25,740,1999,12.0,166,7.228915662650602
25,740,2000,13.0,201,6.467661691542288
25,740,2001,10.0,183,5.46448087431694
25,740,2002,13.0,207,6.280193236714976
25,740,2003,12.0,169,7.100591715976331
25,740,2004,8.0,208,3.8461538461538463
25,740,2005,7.0,158,4.430379746835443
25,740,2006,3.0,156,1.9230769230769231
25,740,2007,3.0,110,2.727272727272727
25,740,2008,6.0,105,5.714285714285714
25,740,2009,1.0,31,3.225806451612903
25,740,2010,0.0,17,0.0
25,740,2011,3.0,14,21.428571428571427
25,740,2012,2.0,13,15.384615384615385
25,740,2013,0.0,4,0.0
25,740,2014,0.0,3,0.0
25,740,2015,1.0,1,100.0
25,740,2016,1.0,2,50.0
25,740,2018,1.0,3,33.33333333333333
25,740,2019,2.0,2,100.0
25,740,2020,1.0,2,50.0
25,740,2022,0.0,3,0.0
25,740,2023,0.0,1,0.0
25,740,2024,0.0,1,0.0
25,743,1998,0.0,1,0.0
25,743,1999,0.0,4,0.0
25,743,2000,1.0,6,16.666666666666664
25,743,2001,5.0,33,15.151515151515152
25,743,2002,3.0,53,5.660377358490567
25,743,2003,1.0,69,1.4492753623188406
25,743,2004,3.0,128,2.34375
25,743,2005,2.0,137,1.4598540145985401
25,743,2006,1.0,112,0.8928571428571428
25,743,2007,2.0,95,2.1052631578947367
25,743,2008,1.0,73,1.36986301369863
25,743,2009,2.0,55,3.6363636363636362
25,743,2010,3.0,43,6.976744186046512
25,743,2011,1.0,39,2.564102564102564
25,743,2012,1.0,21,4.761904761904762
25,743,2013,0.0,8,0.0
25,743,2014,0.0,9,0.0
25,743,2015,0.0,3,0.0
25,743,2016,0.0,6,0.0
25,743,2017,0.0,4,0.0
25,743,2018,1.0,3,33.33333333333333
25,743,2019,0.0,9,0.0
25,743,2020,1.0,3,33.33333333333333
25,743,2021,0.0,9,0.0
25,743,2022,1.0,16,6.25
25,743,2023,0.0,5,0.0
25,743,2024,1.0,4,25.0
25,745,1998,0.0,11,0.0
25,745,1999,3.0,14,21.428571428571427
25,745,2000,2.0,18,11.11111111111111
25,745,2001,0.0,12,0.0
25,745,2002,4.0,12,33.33333333333333
25,745,2003,3.0,15,20.0
25,745,2004,6.0,32,18.75
25,745,2005,2.0,21,9.523809523809524
25,745,2006,2.0,19,10.526315789473683
25,745,2007,1.0,15,6.666666666666667
25,745,2008,1.0,9,11.11111111111111
25,745,2009,1.0,6,16.666666666666664
25,745,2010,0.0,5,0.0
25,745,2011,0.0,2,0.0
25,745,2012,0.0,2,0.0
25,745,2013,1.0,3,33.33333333333333
25,745,2015,1.0,1,100.0
25,745,2016,0.0,2,0.0
25,745,2017,0.0,1,0.0
25,745,2020,1.0,2,50.0
25,745,2021,0.0,4,0.0
25,745,2022,0.0,1,0.0
25,745,2023,0.0,1,0.0
25,754,1998,82.0,1487,5.514458641560188
25,754,1999,102.0,2286,4.4619422572178475
25,754,2000,118.0,2439,4.838048380483804
25,754,2001,110.0,2205,4.988662131519274
25,754,2002,103.0,2462,4.183590576766856
25,754,2003,108.0,2385,4.528301886792453
25,754,2004,174.0,2710,6.4206642066420665
25,754,2005,291.0,2848,10.217696629213483
25,754,2006,400.0,3296,12.135922330097088
25,754,2007,418.0,3418,12.229373902867174
25,754,2008,345.0,3110,11.093247588424438
25,754,2009,184.0,2629,6.99885888170407
25,754,2010,258.0,2685,9.608938547486034
25,754,2011,246.0,2449,10.04491629236423
25,754,2012,293.0,2408,12.167774086378738
25,754,2013,290.0,2323,12.48385708136031
25,754,2014,238.0,2273,10.470743510778707
25,754,2015,240.0,2090,11.483253588516746
25,754,2016,273.0,2057,13.271754982984929
25,754,2017,174.0,1871,9.299839657936932
25,754,2018,166.0,2052,8.089668615984404
25,754,2019,197.0,2412,8.167495854063018
25,754,2020,178.0,2397,7.425949103045474
25,754,2021,246.0,2167,11.352099676972774
25,754,2022,196.0,1753,11.180832857957787
25,754,2023,229.0,1718,13.329452852153667
25,754,2024,569.0,2973,19.138916918937102
25,758,1998,22.0,342,6.432748538011696
25,758,1999,17.0,362,4.696132596685083
25,758,2000,11.0,252,4.365079365079365
25,758,2001,15.0,201,7.462686567164178
25,758,2002,12.0,235,5.106382978723404
25,758,2003,5.0,161,3.1055900621118013
25,758,2004,12.0,193,6.217616580310881
25,758,2005,12.0,143,8.391608391608392
25,758,2006,2.0,128,1.5625
25,758,2007,6.0,136,4.411764705882353
25,758,2008,7.0,81,8.641975308641975
25,758,2009,7.0,146,4.794520547945205
25,758,2010,4.0,119,3.361344537815126
25,758,2011,1.0,49,2.0408163265306123
25,758,2012,4.0,45,8.88888888888889
25,758,2013,3.0,45,6.666666666666667
25,758,2014,4.0,22,18.181818181818183
25,758,2015,5.0,42,11.904761904761903
25,758,2016,2.0,34,5.88235294117647
25,758,2017,2.0,46,4.3478260869565215
25,758,2018,2.0,35,5.714285714285714
25,758,2019,5.0,59,8.47457627118644
25,758,2020,3.0,43,6.976744186046512
25,758,2021,5.0,16,31.25
25,758,2022,1.0,6,16.666666666666664
25,758,2023,1.0,8,12.5
25,758,2024,2.0,14,14.285714285714285
25,769,1998,1.0,36,2.7777777777777777
25,769,1999,0.0,13,0.0
25,769,2000,2.0,16,12.5
25,769,2001,0.0,4,0.0
25,769,2002,0.0,6,0.0
25,769,2003,1.0,6,16.666666666666664
25,769,2004,1.0,6,16.666666666666664
25,769,2005,1.0,7,14.285714285714285
25,769,2007,1.0,5,20.0
25,769,2008,0.0,6,0.0
25,769,2009,2.0,5,40.0
25,769,2010,1.0,6,16.666666666666664
25,769,2011,0.0,1,0.0
25,769,2012,0.0,3,0.0
25,769,2013,0.0,1,0.0
25,769,2014,0.0,2,0.0
25,769,2015,1.0,1,100.0
25,769,2016,1.0,2,50.0
25,769,2017,0.0,2,0.0
25,769,2018,1.0,1,100.0
25,769,2019,0.0,1,0.0
25,772,1998,4.0,48,8.333333333333332
25,772,1999,4.0,65,6.153846153846154
25,772,2000,4.0,82,4.878048780487805
25,772,2001,2.0,118,1.694915254237288
25,772,2002,7.0,145,4.827586206896552
25,772,2003,10.0,127,7.874015748031496
25,772,2004,11.0,142,7.746478873239436
25,772,2005,2.0,97,2.0618556701030926
25,772,2006,3.0,74,4.054054054054054
25,772,2007,1.0,109,0.9174311926605505
25,772,2008,7.0,85,8.235294117647058
25,772,2009,7.0,61,11.475409836065573
25,772,2010,1.0,41,2.4390243902439024
25,772,2011,0.0,31,0.0
25,772,2012,0.0,27,0.0
25,772,2013,3.0,26,11.538461538461538
25,772,2014,0.0,24,0.0
25,772,2015,2.0,13,15.384615384615385
25,772,2016,3.0,22,13.636363636363635
25,772,2017,2.0,29,6.896551724137931
25,772,2018,1.0,15,6.666666666666667
25,772,2019,2.0,42,4.761904761904762
25,772,2020,2.0,38,5.263157894736842
25,772,2021,1.0,25,4.0
25,772,2022,3.0,25,12.0
25,772,2023,3.0,13,23.076923076923077
25,772,2024,2.0,14,14.285714285714285
25,777,1998,0.0,4,0.0
25,777,1999,1.0,10,10.0
25,777,2000,2.0,18,11.11111111111111
25,777,2001,2.0,26,7.6923076923076925
25,777,2002,0.0,26,0.0
25,777,2003,1.0,19,5.263157894736842
25,777,2004,0.0,8,0.0
25,777,2005,0.0,5,0.0
25,777,2006,0.0,5,0.0
25,777,2007,0.0,1,0.0
25,777,2008,0.0,2,0.0
25,777,2009,0.0,1,0.0
25,777,2010,0.0,4,0.0
25,777,2011,1.0,3,33.33333333333333
25,777,2012,0.0,3,0.0
25,777,2013,0.0,1,0.0
25,777,2014,0.0,2,0.0
25,777,2017,0.0,1,0.0
25,777,2019,0.0,1,0.0
25,777,2020,0.0,1,0.0
25,777,2022,0.0,1,0.0
25,777,2024,0.0,1,0.0
25,781,1998,0.0,1,0.0
25,781,2007,1.0,2,50.0
25,781,2010,0.0,1,0.0
25,781,2012,0.0,1,0.0
25,785,1998,12.0,266,4.511278195488721
25,785,1999,11.0,224,4.910714285714286
25,785,2000,8.0,174,4.597701149425287
25,785,2001,4.0,151,2.6490066225165565
25,785,2002,10.0,141,7.092198581560284
25,785,2003,1.0,109,0.9174311926605505
25,785,2004,8.0,118,6.779661016949152
25,785,2005,4.0,66,6.0606060606060606
25,785,2006,4.0,81,4.938271604938271
25,785,2007,4.0,74,5.405405405405405
25,785,2008,2.0,57,3.508771929824561
25,785,2009,1.0,49,2.0408163265306123
25,785,2010,3.0,45,6.666666666666667
25,785,2011,6.0,33,18.181818181818183
25,785,2012,3.0,47,6.382978723404255
25,785,2013,1.0,39,2.564102564102564
25,785,2014,0.0,44,0.0
25,785,2015,2.0,20,10.0
25,785,2016,1.0,38,2.631578947368421
25,785,2017,7.0,41,17.073170731707318
25,785,2018,1.0,48,2.083333333333333
25,785,2019,2.0,49,4.081632653061225
25,785,2020,0.0,32,0.0
25,785,2021,4.0,28,14.285714285714285
25,785,2022,4.0,27,14.814814814814813
25,785,2023,1.0,12,8.333333333333332
25,785,2024,2.0,15,13.333333333333334
25,793,1998,0.0,1,0.0
25,793,2002,0.0,1,0.0
25,793,2004,0.0,1,0.0
25,793,2005,2.0,2,100.0
25,793,2006,0.0,2,0.0
25,793,2007,0.0,3,0.0
25,793,2010,0.0,2,0.0
25,793,2011,0.0,1,0.0
25,793,2012,0.0,1,0.0
25,793,2015,1.0,2,50.0
25,793,2016,1.0,1,100.0
25,793,2017,0.0,1,0.0
25,793,2018,0.0,1,0.0
25,793,2020,0.0,1,0.0
25,793,2021,0.0,1,0.0
25,793,2023,1.0,2,50.0
25,797,1998,0.0,2,0.0
25,797,2000,0.0,1,0.0
25,797,2005,0.0,1,0.0
25,797,2022,0.0,1,0.0
25,799,1998,22.0,309,7.119741100323624
25,799,1999,17.0,280,6.071428571428571
25,799,2000,35.0,297,11.784511784511785
25,799,2001,34.0,273,12.454212454212454
25,799,2002,29.0,236,12.288135593220339
25,799,2003,19.0,208,9.134615384615383
25,799,2004,22.0,222,9.90990990990991
25,799,2005,15.0,171,8.771929824561402
25,799,2006,17.0,137,12.408759124087592
25,799,2007,8.0,104,7.6923076923076925
25,799,2008,3.0,89,3.3707865168539324
25,799,2009,9.0,120,7.5
25,799,2010,6.0,94,6.382978723404255
25,799,2011,2.0,60,3.3333333333333335
25,799,2012,5.0,54,9.25925925925926
25,799,2013,1.0,45,2.2222222222222223
25,799,2014,3.0,57,5.263157894736842
25,799,2015,2.0,32,6.25
25,799,2016,5.0,38,13.157894736842104
25,799,2017,1.0,39,2.564102564102564
25,799,2018,1.0,16,6.25
25,799,2019,3.0,16,18.75
25,799,2020,1.0,30,3.3333333333333335
25,799,2021,4.0,26,15.384615384615385
25,799,2022,0.0,13,0.0
25,799,2023,1.0,15,6.666666666666667
25,799,2024,2.0,20,10.0
25,805,2001,0.0,1,0.0
25,805,2002,0.0,1,0.0
25,805,2003,0.0,2,0.0
25,805,2005,0.0,3,0.0
25,805,2006,0.0,2,0.0
25,805,2007,0.0,1,0.0
25,805,2009,0.0,2,0.0
25,805,2010,0.0,1,0.0
25,805,2011,1.0,1,100.0
25,805,2012,1.0,1,100.0
25,805,2014,1.0,1,100.0
25,807,1998,0.0,9,0.0
25,807,1999,1.0,1,100.0
25,807,2000,1.0,9,11.11111111111111
25,807,2001,0.0,4,0.0
25,807,2002,0.0,3,0.0
25,807,2003,0.0,1,0.0
25,807,2004,0.0,3,0.0
25,807,2005,0.0,4,0.0
25,807,2006,0.0,2,0.0
25,807,2007,0.0,2,0.0
25,807,2008,1.0,4,25.0
25,807,2010,0.0,1,0.0
25,807,2013,0.0,1,0.0
25,807,2017,0.0,1,0.0
25,807,2020,0.0,1,0.0
25,815,1998,13.0,292,4.4520547945205475
25,815,1999,12.0,318,3.7735849056603774
25,815,2000,18.0,351,5.128205128205128
25,815,2001,11.0,307,3.5830618892508146
25,815,2002,14.0,305,4.590163934426229
25,815,2003,6.0,299,2.0066889632107023
25,815,2004,7.0,291,2.405498281786942
25,815,2005,10.0,275,3.6363636363636362
25,815,2006,9.0,254,3.543307086614173
25,815,2007,10.0,192,5.208333333333334
25,815,2008,4.0,170,2.3529411764705883
25,815,2009,5.0,181,2.7624309392265194
25,815,2010,7.0,200,3.5000000000000004
25,815,2011,5.0,123,4.0650406504065035
25,815,2012,0.0,98,0.0
25,815,2013,1.0,103,0.9708737864077669
25,815,2014,0.0,62,0.0
25,815,2015,2.0,31,6.451612903225806
25,815,2016,1.0,39,2.564102564102564
25,815,2017,3.0,42,7.142857142857142
25,815,2018,1.0,40,2.5
25,815,2019,1.0,26,3.8461538461538463
25,815,2020,0.0,30,0.0
25,815,2021,1.0,24,4.166666666666666
25,815,2022,0.0,13,0.0
25,815,2023,1.0,14,7.142857142857142
25,815,2024,0.0,6,0.0
25,817,1998,2.0,17,11.76470588235294
25,817,1999,1.0,7,14.285714285714285
25,817,2000,2.0,13,15.384615384615385
25,817,2001,1.0,8,12.5
25,817,2002,0.0,4,0.0
25,817,2003,1.0,7,14.285714285714285
25,817,2004,0.0,4,0.0
25,817,2005,2.0,12,16.666666666666664
25,817,2006,2.0,13,15.384615384615385
25,817,2007,0.0,13,0.0
25,817,2008,6.0,14,42.857142857142854
25,817,2009,1.0,6,16.666666666666664
25,817,2010,1.0,12,8.333333333333332
25,817,2011,1.0,6,16.666666666666664
25,817,2012,0.0,1,0.0
25,817,2013,0.0,4,0.0
25,817,2014,0.0,2,0.0
25,817,2015,1.0,4,25.0
25,817,2016,0.0,2,0.0
25,817,2017,0.0,1,0.0
25,817,2018,0.0,5,0.0
25,817,2019,1.0,8,12.5
25,817,2020,4.0,18,22.22222222222222
25,817,2021,4.0,33,12.121212121212121
25,817,2022,7.0,29,24.137931034482758
25,817,2023,3.0,11,27.27272727272727
25,817,2024,1.0,6,16.666666666666664
25,823,1998,2.0,10,20.0
25,823,1999,0.0,20,0.0
25,823,2000,3.0,31,9.67741935483871
25,823,2001,1.0,16,6.25
25,823,2002,0.0,5,0.0
25,823,2003,1.0,8,12.5
25,823,2004,3.0,6,50.0
25,823,2005,0.0,4,0.0
25,823,2006,0.0,5,0.0
25,823,2007,0.0,4,0.0
25,823,2008,0.0,8,0.0
25,823,2009,0.0,3,0.0
25,823,2010,1.0,9,11.11111111111111
25,823,2011,0.0,5,0.0
25,823,2012,0.0,3,0.0
25,823,2013,0.0,2,0.0
25,823,2014,0.0,3,0.0
25,823,2015,0.0,1,0.0
25,823,2016,0.0,1,0.0
25,823,2017,0.0,2,0.0
25,823,2020,1.0,1,100.0
25,823,2022,0.0,1,0.0
25,839,1998,2.0,65,3.076923076923077
25,839,1999,0.0,52,0.0
25,839,2000,5.0,48,10.416666666666668
25,839,2001,3.0,45,6.666666666666667
25,839,2002,3.0,32,9.375
25,839,2003,3.0,38,7.894736842105263
25,839,2004,0.0,20,0.0
25,839,2005,2.0,36,5.555555555555555
25,839,2006,1.0,33,3.0303030303030303
25,839,2007,2.0,25,8.0
25,839,2008,1.0,22,4.545454545454546
25,839,2009,0.0,11,0.0
25,839,2010,0.0,8,0.0
25,839,2011,0.0,4,0.0
25,839,2012,0.0,10,0.0
25,839,2013,1.0,8,12.5
25,839,2014,1.0,3,33.33333333333333
25,839,2015,1.0,3,33.33333333333333
25,839,2016,1.0,3,33.33333333333333
25,839,2017,0.0,4,0.0
25,839,2018,0.0,3,0.0
25,839,2019,0.0,4,0.0
25,839,2020,0.0,3,0.0
25,839,2021,0.0,3,0.0
25,839,2022,0.0,2,0.0
25,839,2023,0.0,4,0.0
25,841,1998,1.0,5,20.0
25,841,1999,0.0,3,0.0
25,841,2000,0.0,2,0.0
25,841,2002,1.0,6,16.666666666666664
25,841,2003,1.0,2,50.0
25,841,2004,1.0,9,11.11111111111111
25,841,2005,0.0,13,0.0
25,841,2006,1.0,10,10.0
25,841,2007,1.0,7,14.285714285714285
25,841,2008,0.0,3,0.0
25,841,2010,0.0,1,0.0
25,841,2011,0.0,4,0.0
25,841,2012,0.0,4,0.0
25,841,2014,0.0,1,0.0
25,841,2015,0.0,1,0.0
25,841,2016,0.0,1,0.0
25,841,2017,1.0,1,100.0
25,841,2018,0.0,1,0.0
25,841,2019,0.0,2,0.0
25,841,2020,0.0,2,0.0
25,841,2021,0.0,2,0.0
25,841,2023,0.0,1,0.0
25,841,2024,0.0,1,0.0
25,843,1998,119.0,1498,7.943925233644859
25,843,1999,123.0,1489,8.260577568838148
25,843,2000,127.0,1484,8.557951482479785
25,843,2001,136.0,1585,8.580441640378549
25,843,2002,141.0,1440,9.791666666666666
25,843,2003,175.0,1539,11.371020142949966
25,843,2004,172.0,1637,10.507025045815515
25,843,2005,110.0,1657,6.63850331925166
25,843,2006,102.0,1684,6.0570071258907365
25,843,2007,107.0,1704,6.279342723004695
25,843,2008,89.0,1594,5.583437892095358
25,843,2009,72.0,1609,4.474829086389062
25,843,2010,103.0,1633,6.307409675443969
25,843,2011,128.0,1674,7.646356033452808
25,843,2012,186.0,1640,11.341463414634147
25,843,2013,176.0,1632,10.784313725490197
25,843,2014,107.0,1318,8.118361153262518
25,843,2015,74.0,1245,5.943775100401607
25,843,2016,71.0,1174,6.047700170357751
25,843,2017,63.0,1123,5.6099732858414955
25,843,2018,81.0,1104,7.336956521739131
25,843,2019,60.0,1127,5.323868677905945
25,843,2020,50.0,1163,4.299226139294927
25,843,2021,73.0,1027,7.108081791626096
25,843,2022,66.0,857,7.701283547257877
25,843,2023,55.0,765,7.18954248366013
25,843,2024,29.0,367,7.901907356948229
25,845,1998,3.0,11,27.27272727272727
25,845,1999,1.0,10,10.0
25,845,2001,1.0,3,33.33333333333333
25,845,2002,2.0,37,5.405405405405405
25,845,2003,0.0,45,0.0
25,845,2004,4.0,44,9.090909090909092
25,845,2005,8.0,54,14.814814814814813
25,845,2006,1.0,44,2.272727272727273
25,845,2007,1.0,20,5.0
25,845,2008,3.0,29,10.344827586206897
25,845,2009,0.0,3,0.0
25,845,2011,0.0,2,0.0
25,845,2012,0.0,12,0.0
25,845,2013,0.0,17,0.0
25,845,2014,1.0,9,11.11111111111111
25,845,2015,0.0,13,0.0
25,845,2016,0.0,2,0.0
25,845,2017,0.0,3,0.0
25,845,2018,0.0,3,0.0
25,845,2019,1.0,7,14.285714285714285
25,845,2020,2.0,10,20.0
25,845,2021,1.0,1,100.0
25,851,1998,1.0,4,25.0
25,851,1999,0.0,13,0.0
25,851,2000,2.0,17,11.76470588235294
25,851,2001,1.0,13,7.6923076923076925
25,851,2002,0.0,7,0.0
25,851,2003,0.0,15,0.0
25,851,2004,1.0,23,4.3478260869565215
25,851,2005,1.0,10,10.0
25,851,2006,0.0,2,0.0
25,851,2007,1.0,2,50.0
25,851,2008,0.0,2,0.0
25,851,2009,0.0,1,0.0
25,851,2011,0.0,2,0.0
25,851,2012,0.0,2,0.0
25,851,2013,1.0,2,50.0
25,851,2014,0.0,2,0.0
25,851,2015,0.0,3,0.0
25,851,2016,0.0,1,0.0
25,851,2017,0.0,1,0.0
25,851,2019,0.0,1,0.0
25,86,2003,0.0,1,0.0
25,86,2006,0.0,4,0.0
25,86,2007,0.0,1,0.0
25,86,2012,0.0,2,0.0
25,862,1998,7.0,122,5.737704918032787
25,862,1999,5.0,123,4.0650406504065035
25,862,2000,4.0,106,3.7735849056603774
25,862,2001,4.0,94,4.25531914893617
25,862,2002,3.0,82,3.6585365853658534
25,862,2003,3.0,84,3.571428571428571
25,862,2004,2.0,87,2.2988505747126435
25,862,2005,2.0,52,3.8461538461538463
25,862,2006,4.0,53,7.547169811320755
25,862,2007,3.0,62,4.838709677419355
25,862,2008,2.0,49,4.081632653061225
25,862,2009,1.0,38,2.631578947368421
25,862,2010,0.0,38,0.0
25,862,2011,0.0,21,0.0
25,862,2012,1.0,15,6.666666666666667
25,862,2013,0.0,20,0.0
25,862,2014,0.0,13,0.0
25,862,2015,2.0,21,9.523809523809524
25,862,2016,1.0,12,8.333333333333332
25,862,2017,0.0,10,0.0
25,862,2018,1.0,15,6.666666666666667
25,862,2019,0.0,9,0.0
25,862,2020,1.0,4,25.0
25,862,2021,0.0,2,0.0
25,862,2022,1.0,2,50.0
25,867,1998,1.0,3,33.33333333333333
25,867,1999,0.0,10,0.0
25,867,2000,0.0,4,0.0
25,867,2001,0.0,3,0.0
25,867,2002,0.0,3,0.0
25,867,2003,3.0,32,9.375
25,867,2004,0.0,18,0.0
25,867,2005,0.0,11,0.0
25,867,2006,0.0,25,0.0
25,867,2007,1.0,29,3.4482758620689653
25,867,2008,0.0,30,0.0
25,867,2009,0.0,30,0.0
25,867,2010,0.0,18,0.0
25,867,2011,0.0,20,0.0
25,867,2012,0.0,9,0.0
25,867,2013,0.0,3,0.0
25,867,2014,0.0,12,0.0
25,867,2015,1.0,10,10.0
25,867,2016,1.0,12,8.333333333333332
25,867,2017,0.0,5,0.0
25,867,2018,0.0,1,0.0
25,867,2020,0.0,3,0.0
25,867,2021,0.0,4,0.0
25,867,2022,0.0,1,0.0
25,867,2024,0.0,2,0.0
25,871,1998,0.0,3,0.0
25,871,1999,0.0,8,0.0
25,871,2000,0.0,10,0.0
25,871,2001,0.0,20,0.0
25,871,2003,1.0,5,20.0
25,871,2004,2.0,3,66.66666666666666
25,871,2005,0.0,2,0.0
25,871,2006,0.0,2,0.0
25,871,2007,0.0,4,0.0
25,871,2008,2.0,3,66.66666666666666
25,871,2009,0.0,2,0.0
25,871,2010,0.0,1,0.0
25,871,2011,0.0,1,0.0
25,871,2012,0.0,1,0.0
25,871,2015,0.0,2,0.0
25,871,2016,0.0,1,0.0
25,871,2020,0.0,1,0.0
25,871,2021,0.0,1,0.0
25,873,1998,0.0,3,0.0
25,873,1999,2.0,5,40.0
25,873,2000,1.0,4,25.0
25,873,2001,0.0,4,0.0
25,873,2002,0.0,1,0.0
25,873,2003,0.0,5,0.0
25,873,2004,0.0,2,0.0
25,873,2005,1.0,6,16.666666666666664
25,873,2006,0.0,2,0.0
25,873,2007,0.0,2,0.0
25,873,2008,0.0,1,0.0
25,873,2010,1.0,1,100.0
25,873,2013,0.0,1,0.0
25,873,2019,1.0,1,100.0
25,873,2020,0.0,2,0.0
25,873,2021,0.0,1,0.0
25,873,2023,0.0,2,0.0
25,873,2024,0.0,3,0.0
25,875,1998,19.0,558,3.405017921146954
25,875,1999,18.0,638,2.8213166144200628
25,875,2000,19.0,610,3.114754098360656
25,875,2001,11.0,507,2.1696252465483234
25,875,2002,10.0,470,2.127659574468085
25,875,2003,10.0,407,2.457002457002457
25,875,2004,12.0,457,2.62582056892779
25,875,2005,16.0,359,4.456824512534819
25,875,2006,7.0,405,1.728395061728395
25,875,2007,11.0,415,2.6506024096385543
25,875,2008,5.0,316,1.5822784810126582
25,875,2009,13.0,255,5.098039215686274
25,875,2010,7.0,187,3.7433155080213902
25,875,2011,7.0,174,4.022988505747127
25,875,2012,4.0,154,2.5974025974025974
25,875,2013,9.0,142,6.338028169014084
25,875,2014,2.0,154,1.2987012987012987
25,875,2015,5.0,136,3.6764705882352944
25,875,2016,4.0,163,2.4539877300613497
25,875,2017,3.0,132,2.272727272727273
25,875,2018,10.0,125,8.0
25,875,2019,3.0,92,3.260869565217391
25,875,2020,3.0,123,2.4390243902439024
25,875,2021,4.0,49,8.16326530612245
25,875,2022,2.0,57,3.508771929824561
25,875,2023,2.0,42,4.761904761904762
25,875,2024,5.0,28,17.857142857142858
25,878,1998,5.0,206,2.4271844660194173
25,878,1999,5.0,193,2.5906735751295336
25,878,2000,2.0,216,0.9259259259259258
25,878,2001,8.0,164,4.878048780487805
25,878,2002,4.0,163,2.4539877300613497
25,878,2003,2.0,113,1.7699115044247788
25,878,2004,7.0,119,5.88235294117647
25,878,2005,3.0,115,2.608695652173913
25,878,2006,9.0,149,6.0402684563758395
25,878,2007,5.0,123,4.0650406504065035
25,878,2008,0.0,96,0.0
25,878,2009,2.0,107,1.8691588785046727
25,878,2010,0.0,113,0.0
25,878,2011,5.0,119,4.201680672268908
25,878,2012,1.0,100,1.0
25,878,2013,1.0,78,1.282051282051282
25,878,2014,1.0,61,1.639344262295082
25,878,2015,1.0,45,2.2222222222222223
25,878,2016,0.0,33,0.0
25,878,2017,2.0,32,6.25
25,878,2018,1.0,26,3.8461538461538463
25,878,2019,1.0,32,3.125
25,878,2020,0.0,45,0.0
25,878,2021,2.0,32,6.25
25,878,2022,2.0,31,6.451612903225806
25,878,2023,2.0,17,11.76470588235294
25,878,2024,1.0,10,10.0
25,885,1998,6.0,122,4.918032786885246
25,885,1999,4.0,67,5.970149253731343
25,885,2000,8.0,102,7.8431372549019605
25,885,2001,5.0,122,4.098360655737705
25,885,2002,9.0,114,7.894736842105263
25,885,2003,1.0,87,1.1494252873563218
25,885,2004,3.0,121,2.479338842975207
25,885,2005,4.0,87,4.597701149425287
25,885,2006,1.0,70,1.4285714285714286
25,885,2007,9.0,78,11.538461538461538
25,885,2008,1.0,53,1.8867924528301887
25,885,2009,1.0,61,1.639344262295082
25,885,2010,2.0,68,2.941176470588235
25,885,2011,0.0,38,0.0
25,885,2012,0.0,51,0.0
25,885,2013,0.0,23,0.0
25,885,2014,1.0,23,4.3478260869565215
25,885,2015,0.0,22,0.0
25,885,2016,1.0,19,5.263157894736842
25,885,2017,0.0,15,0.0
25,885,2018,2.0,14,14.285714285714285
25,885,2019,0.0,12,0.0
25,885,2020,2.0,23,8.695652173913043
25,885,2021,0.0,7,0.0
25,885,2022,1.0,5,20.0
25,885,2024,0.0,1,0.0
25,898,1998,0.0,2,0.0
25,898,2002,0.0,1,0.0
25,898,2005,0.0,1,0.0
25,898,2006,1.0,1,100.0
25,898,2007,2.0,2,100.0
25,898,2008,0.0,1,0.0
25,898,2010,0.0,1,0.0
25,898,2015,0.0,1,0.0
25,898,2017,1.0,3,33.33333333333333
25,898,2019,0.0,1,0.0
25,898,2021,0.0,1,0.0
25,899,1998,241.0,3430,7.026239067055394
25,899,1999,219.0,3397,6.446864880777156
25,899,2000,299.0,3492,8.562428407789232
25,899,2001,176.0,3079,5.716141604417019
25,899,2002,194.0,3068,6.323337679269883
25,899,2003,159.0,2332,6.8181818181818175
25,899,2004,190.0,2903,6.544953496383052
25,899,2005,215.0,2728,7.881231671554252
25,899,2006,129.0,2287,5.640577175338872
25,899,2007,160.0,2525,6.336633663366337
25,899,2008,145.0,2495,5.811623246492986
25,899,2009,152.0,2134,7.1227741330834125
25,899,2010,141.0,2083,6.769083053288526
25,899,2011,198.0,2126,9.313264346190028
25,899,2012,182.0,2156,8.441558441558442
25,899,2013,93.0,1466,6.343792633015006
25,899,2014,96.0,1437,6.6805845511482245
25,899,2015,71.0,1217,5.834018077239113
25,899,2016,83.0,1359,6.107431935246504
25,899,2017,92.0,1388,6.628242074927954
25,899,2018,57.0,1438,3.9638386648122395
25,899,2019,99.0,1556,6.362467866323908
25,899,2020,264.0,2440,10.819672131147541
25,899,2021,269.0,1972,13.640973630831644
25,899,2022,241.0,2135,11.288056206088994
25,899,2023,244.0,2174,11.223551057957682
25,899,2024,275.0,2507,10.969285999202235
25,99,1999,0.0,1,0.0
25,99,2001,0.0,1,0.0
25,99,2002,1.0,6,16.666666666666664
25,99,2003,0.0,1,0.0
25,99,2004,0.0,5,0.0
25,99,2005,1.0,1,100.0
25,99,2006,1.0,2,50.0
25,99,2013,0.0,1,0.0
25,489,1999,0.0,1,0.0
25,489,2000,0.0,2,0.0
25,489,2002,0.0,1,0.0
25,489,2003,0.0,1,0.0
25,489,2004,0.0,2,0.0
25,489,2007,0.0,1,0.0
25,489,2008,0.0,1,0.0
25,489,2009,0.0,1,0.0
25,489,2013,0.0,1,0.0
25,489,2023,0.0,1,0.0
25,645,1999,0.0,65,0.0
25,645,2000,1.0,72,1.3888888888888888
25,645,2001,1.0,50,2.0
25,645,2002,2.0,76,2.631578947368421
25,645,2003,1.0,48,2.083333333333333
25,645,2004,3.0,51,5.88235294117647
25,645,2005,0.0,46,0.0
25,645,2006,1.0,53,1.8867924528301887
25,645,2007,1.0,51,1.9607843137254901
25,645,2008,2.0,42,4.761904761904762
25,645,2009,0.0,37,0.0
25,645,2010,1.0,25,4.0
25,645,2011,0.0,31,0.0
25,645,2012,0.0,37,0.0
25,645,2013,3.0,26,11.538461538461538
25,645,2014,3.0,31,9.67741935483871
25,645,2015,1.0,14,7.142857142857142
25,645,2016,1.0,9,11.11111111111111
25,645,2017,0.0,18,0.0
25,645,2018,0.0,28,0.0
25,645,2019,1.0,16,6.25
25,645,2020,2.0,18,11.11111111111111
25,645,2021,3.0,7,42.857142857142854
25,645,2022,0.0,4,0.0
25,645,2023,0.0,3,0.0
25,645,2024,0.0,1,0.0
25,779,1999,0.0,4,0.0
25,779,2000,0.0,1,0.0
25,779,2001,0.0,5,0.0
25,779,2002,0.0,3,0.0
25,779,2003,0.0,4,0.0
25,779,2004,1.0,1,100.0
25,779,2005,1.0,5,20.0
25,779,2006,1.0,6,16.666666666666664
25,779,2007,1.0,5,20.0
25,779,2008,1.0,2,50.0
25,779,2009,2.0,4,50.0
25,779,2010,2.0,4,50.0
25,779,2012,1.0,5,20.0
25,779,2013,0.0,1,0.0
25,779,2018,0.0,1,0.0
25,779,2023,1.0,1,100.0
25,95,1999,1.0,1,100.0
25,95,2000,0.0,1,0.0
25,95,2001,0.0,2,0.0
25,95,2003,0.0,1,0.0
25,95,2004,0.0,1,0.0
25,95,2005,0.0,1,0.0
25,95,2006,1.0,3,33.33333333333333
25,95,2007,0.0,2,0.0
25,95,2012,0.0,1,0.0
25,001,2008,0.0,9,0.0
25,001,2009,0.0,5,0.0
25,001,2010,0.0,3,0.0
25,001,2011,0.0,8,0.0
25,001,2014,0.0,9,0.0
25,001,2015,0.0,7,0.0
25,001,2016,0.0,9,0.0
25,001,2017,0.0,7,0.0
25,001,2018,0.0,8,0.0
25,001,2019,3.0,10,30.0
25,001,2020,0.0,2,0.0
25,001,2021,0.0,6,0.0
25,001,2022,0.0,1,0.0
25,001,2023,1.0,2,50.0
25,001,2024,0.0,1,0.0
25,019,2008,0.0,1,0.0
25,019,2024,0.0,1,0.0
25,035,2008,0.0,3,0.0
25,035,2009,0.0,3,0.0
25,035,2011,1.0,2,50.0
25,035,2017,0.0,2,0.0
25,035,2021,0.0,1,0.0
25,035,2023,1.0,1,100.0
25,035,2024,0.0,1,0.0
25,040,2008,4.0,113,3.5398230088495577
25,040,2009,4.0,91,4.395604395604396
25,040,2010,1.0,59,1.694915254237288
25,040,2011,0.0,31,0.0
25,040,2014,0.0,40,0.0
25,040,2015,2.0,27,7.4074074074074066
25,040,2016,1.0,36,2.7777777777777777
25,040,2017,1.0,25,4.0
25,040,2018,0.0,51,0.0
25,040,2019,0.0,43,0.0
25,040,2020,1.0,41,2.4390243902439024
25,040,2021,2.0,22,9.090909090909092
25,040,2022,1.0,11,9.090909090909092
25,040,2023,2.0,7,28.57142857142857
25,040,2024,3.0,10,30.0
25,053,2008,5.0,253,1.9762845849802373
25,053,2009,4.0,190,2.1052631578947367
25,053,2010,9.0,195,4.615384615384616
25,053,2011,3.0,94,3.1914893617021276
25,053,2014,0.0,38,0.0
25,053,2015,1.0,24,4.166666666666666
25,053,2016,1.0,10,10.0
25,053,2017,0.0,13,0.0
25,053,2018,0.0,4,0.0
25,053,2019,1.0,4,25.0
25,053,2020,2.0,22,9.090909090909092
25,053,2021,0.0,18,0.0
25,053,2022,1.0,4,25.0
25,053,2023,0.0,7,0.0
25,053,2024,0.0,4,0.0
25,086,2008,0.0,2,0.0
25,086,2009,0.0,2,0.0
25,095,2008,0.0,1,0.0
25,095,2009,0.0,2,0.0
25,095,2023,0.0,1,0.0
25,099,2009,0.0,1,0.0
25,099,2010,0.0,2,0.0
25,099,2016,0.0,1,0.0
25,099,2018,0.0,1,0.0
25,099,2020,0.0,1,0.0
25,099,2023,1.0,1,100.0
27,1,1998,211.0,1651,12.780133252574197
27,1,1999,183.0,2104,8.697718631178706
27,1,2000,245.0,2409,10.170195101701951
27,1,2001,292.0,2506,11.652035115722265
27,1,2002,274.0,2596,10.554699537750386
27,1,2003,306.0,2753,11.115147112241191
27,1,2004,244.0,2970,8.215488215488216
27,1,2005,272.0,2975,9.142857142857142
27,1,2006,268.0,2833,9.459936463113307
27,1,2007,290.0,3016,9.615384615384617
27,1,2012,235.0,4018,5.848680935788949
27,1,2013,315.0,4159,7.573936042317865
27,135,1998,1.0,21,4.761904761904762
27,135,1999,1.0,51,1.9607843137254901
27,135,2000,7.0,69,10.144927536231885
27,135,2001,0.0,56,0.0
27,135,2002,3.0,39,7.6923076923076925
27,135,2003,0.0,13,0.0
27,135,2004,1.0,29,3.4482758620689653
27,135,2005,1.0,19,5.263157894736842
27,135,2006,1.0,34,2.941176470588235
27,135,2007,0.0,22,0.0
27,135,2008,1.0,5,20.0
27,135,2009,0.0,16,0.0
27,135,2010,2.0,33,6.0606060606060606
27,135,2011,1.0,24,4.166666666666666
27,135,2012,0.0,26,0.0
27,135,2013,0.0,34,0.0
27,135,2014,3.0,28,10.714285714285714
27,135,2015,1.0,31,3.225806451612903
27,135,2016,1.0,18,5.555555555555555
27,135,2017,1.0,15,6.666666666666667
27,135,2018,2.0,13,15.384615384615385
27,135,2019,2.0,26,7.6923076923076925
27,135,2020,2.0,39,5.128205128205128
27,135,2021,4.0,36,11.11111111111111
27,135,2022,7.0,22,31.818181818181817
27,135,2023,5.0,32,15.625
27,135,2024,1.0,12,8.333333333333332
27,150,2001,0.0,12,0.0
27,150,2002,1.0,18,5.555555555555555
27,150,2003,2.0,17,11.76470588235294
27,150,2007,0.0,9,0.0
27,150,2008,0.0,13,0.0
27,150,2009,3.0,25,12.0
27,150,2010,1.0,43,2.3255813953488373
27,150,2011,5.0,27,18.51851851851852
27,150,2012,2.0,19,10.526315789473683
27,150,2013,1.0,18,5.555555555555555
27,150,2014,0.0,15,0.0
27,150,2015,2.0,24,8.333333333333332
27,150,2016,0.0,13,0.0
27,150,2017,1.0,21,4.761904761904762
27,150,2018,0.0,43,0.0
27,150,2019,2.0,37,5.405405405405405
27,150,2020,1.0,71,1.4084507042253522
27,150,2021,1.0,30,3.3333333333333335
27,150,2022,4.0,48,8.333333333333332
27,150,2023,5.0,79,6.329113924050633
27,150,2024,2.0,75,2.666666666666667
27,160,2001,0.0,5,0.0
27,160,2002,0.0,3,0.0
27,160,2003,0.0,30,0.0
27,160,2004,4.0,20,20.0
27,160,2005,1.0,20,5.0
27,160,2007,1.0,52,1.9230769230769231
27,160,2008,1.0,30,3.3333333333333335
27,160,2009,0.0,35,0.0
27,160,2010,2.0,32,6.25
27,160,2011,0.0,19,0.0
27,160,2012,0.0,36,0.0
27,160,2013,2.0,26,7.6923076923076925
27,160,2014,0.0,23,0.0
27,160,2015,3.0,28,10.714285714285714
27,160,2016,4.0,25,16.0
27,160,2017,2.0,18,11.11111111111111
27,160,2018,0.0,11,0.0
27,160,2019,0.0,16,0.0
27,160,2020,0.0,22,0.0
27,160,2021,0.0,25,0.0
27,160,2022,1.0,30,3.3333333333333335
27,160,2023,2.0,8,25.0
27,160,2024,1.0,16,6.25
27,205,1998,15.0,145,10.344827586206897
27,205,1999,15.0,190,7.894736842105263
27,205,2000,13.0,171,7.602339181286549
27,205,2001,11.0,134,8.208955223880597
27,205,2002,7.0,99,7.07070707070707
27,205,2003,10.0,88,11.363636363636363
27,205,2004,7.0,116,6.0344827586206895
27,205,2005,13.0,122,10.655737704918032
27,205,2006,10.0,112,8.928571428571429
27,205,2007,10.0,133,7.518796992481203
27,205,2008,7.0,135,5.185185185185185
27,205,2009,7.0,125,5.6000000000000005
27,205,2010,3.0,101,2.9702970297029703
27,205,2011,3.0,95,3.1578947368421053
27,205,2012,8.0,136,5.88235294117647
27,205,2013,7.0,113,6.1946902654867255
27,205,2014,2.0,120,1.6666666666666667
27,205,2015,1.0,120,0.8333333333333334
27,205,2016,6.0,94,6.382978723404255
27,205,2017,3.0,78,3.8461538461538463
27,205,2018,1.0,89,1.1235955056179776
27,205,2019,1.0,46,2.1739130434782608
27,205,2020,2.0,60,3.3333333333333335
27,205,2021,6.0,83,7.228915662650602
27,205,2022,4.0,81,4.938271604938271
27,205,2023,2.0,77,2.5974025974025974
27,205,2024,3.0,38,7.894736842105263
27,245,1998,6.0,124,4.838709677419355
27,245,1999,10.0,99,10.1010101010101
27,245,2000,8.0,113,7.079646017699115
27,245,2001,4.0,77,5.194805194805195
27,245,2002,2.0,53,3.7735849056603774
27,245,2003,9.0,77,11.688311688311687
27,245,2004,6.0,69,8.695652173913043
27,245,2005,2.0,49,4.081632653061225
27,245,2006,2.0,58,3.4482758620689653
27,245,2007,2.0,57,3.508771929824561
27,245,2008,2.0,60,3.3333333333333335
27,245,2009,6.0,60,10.0
27,245,2010,3.0,42,7.142857142857142
27,245,2011,1.0,36,2.7777777777777777
27,245,2012,0.0,38,0.0
27,245,2013,2.0,33,6.0606060606060606
27,245,2014,3.0,47,6.382978723404255
27,245,2015,3.0,36,8.333333333333332
27,245,2016,4.0,44,9.090909090909092
27,245,2017,3.0,46,6.521739130434782
27,245,2018,4.0,49,8.16326530612245
27,245,2019,2.0,46,4.3478260869565215
27,245,2020,0.0,47,0.0
27,245,2021,1.0,57,1.7543859649122806
27,245,2022,1.0,36,2.7777777777777777
27,245,2023,1.0,34,2.941176470588235
27,245,2024,2.0,27,7.4074074074074066
27,25,1998,1.0,5,20.0
27,25,1999,1.0,10,10.0
27,25,2000,5.0,23,21.73913043478261
27,25,2001,0.0,4,0.0
27,25,2003,3.0,11,27.27272727272727
27,25,2004,1.0,8,12.5
27,25,2005,0.0,1,0.0
27,25,2006,1.0,3,33.33333333333333
27,25,2007,2.0,33,6.0606060606060606
27,25,2013,0.0,4,0.0
27,250,1998,0.0,3,0.0
27,250,2000,1.0,7,14.285714285714285
27,250,2001,3.0,21,14.285714285714285
27,250,2002,0.0,7,0.0
27,250,2003,0.0,20,0.0
27,250,2004,0.0,4,0.0
27,250,2005,3.0,5,60.0
27,250,2006,2.0,20,10.0
27,250,2007,4.0,14,28.57142857142857
27,250,2008,2.0,11,18.181818181818183
27,250,2009,0.0,19,0.0
27,250,2010,2.0,10,20.0
27,250,2011,0.0,2,0.0
27,250,2012,2.0,10,20.0
27,250,2013,4.0,19,21.052631578947366
27,250,2014,0.0,30,0.0
27,250,2015,0.0,19,0.0
27,250,2016,1.0,19,5.263157894736842
27,250,2017,1.0,15,6.666666666666667
27,250,2018,2.0,48,4.166666666666666
27,250,2019,0.0,73,0.0
27,250,2020,0.0,324,0.0
27,250,2021,5.0,128,3.90625
27,250,2022,9.0,63,14.285714285714285
27,250,2023,0.0,36,0.0
27,250,2024,6.0,28,21.428571428571427
27,361,1998,20.0,278,7.194244604316546
27,361,1999,20.0,311,6.430868167202572
27,361,2000,24.0,264,9.090909090909092
27,361,2001,13.0,198,6.565656565656567
27,361,2002,12.0,182,6.593406593406594
27,361,2003,14.0,190,7.368421052631578
27,361,2004,19.0,180,10.555555555555555
27,361,2005,15.0,209,7.177033492822966
27,361,2006,16.0,243,6.584362139917696
27,361,2007,16.0,303,5.2805280528052805
27,361,2008,40.0,273,14.652014652014653
27,361,2009,12.0,262,4.580152671755725
27,361,2010,10.0,270,3.7037037037037033
27,361,2011,9.0,181,4.972375690607735
27,361,2012,8.0,223,3.587443946188341
27,361,2013,14.0,272,5.147058823529411
27,361,2014,19.0,310,6.129032258064516
27,361,2015,12.0,249,4.819277108433735
27,361,2016,17.0,257,6.614785992217899
27,361,2017,15.0,230,6.521739130434782
27,361,2018,11.0,317,3.4700315457413247
27,361,2019,6.0,235,2.553191489361702
27,361,2020,5.0,360,1.3888888888888888
27,361,2021,18.0,453,3.9735099337748347
27,361,2022,20.0,369,5.420054200542006
27,361,2023,22.0,309,7.119741100323624
27,361,2024,16.0,227,7.048458149779736
27,372,1999,0.0,22,0.0
27,372,2000,0.0,8,0.0
27,372,2001,1.0,3,33.33333333333333
27,372,2002,0.0,1,0.0
27,372,2003,0.0,8,0.0
27,372,2004,0.0,11,0.0
27,372,2005,0.0,2,0.0
27,372,2006,1.0,21,4.761904761904762
27,372,2007,1.0,24,4.166666666666666
27,372,2008,3.0,24,12.5
27,372,2009,3.0,24,12.5
27,372,2010,4.0,47,8.51063829787234
27,372,2011,1.0,12,8.333333333333332
27,372,2012,1.0,21,4.761904761904762
27,372,2013,0.0,2,0.0
27,372,2014,0.0,22,0.0
27,372,2015,0.0,19,0.0
27,372,2016,0.0,15,0.0
27,372,2017,0.0,8,0.0
27,372,2018,0.0,6,0.0
27,372,2019,0.0,1,0.0
27,372,2020,0.0,1,0.0
27,372,2021,2.0,10,20.0
27,372,2022,2.0,24,8.333333333333332
27,372,2023,4.0,55,7.2727272727272725
27,372,2024,0.0,66,0.0
27,413,1998,4.0,72,5.555555555555555
27,413,1999,7.0,131,5.343511450381679
27,413,2000,5.0,139,3.597122302158273
27,413,2001,9.0,94,9.574468085106384
27,413,2002,3.0,72,4.166666666666666
27,413,2003,6.0,83,7.228915662650602
27,413,2004,1.0,101,0.9900990099009901
27,413,2005,6.0,89,6.741573033707865
27,413,2006,6.0,76,7.894736842105263
27,413,2007,3.0,60,5.0
27,413,2008,5.0,57,8.771929824561402
27,413,2009,2.0,70,2.857142857142857
27,413,2010,2.0,70,2.857142857142857
27,413,2011,6.0,47,12.76595744680851
27,413,2012,5.0,53,9.433962264150944
27,413,2013,1.0,39,2.564102564102564
27,413,2014,3.0,31,9.67741935483871
27,413,2015,1.0,43,2.3255813953488373
27,413,2016,2.0,24,8.333333333333332
27,413,2017,1.0,44,2.272727272727273
27,413,2018,1.0,28,3.571428571428571
27,413,2019,2.0,31,6.451612903225806
27,413,2020,7.0,49,14.285714285714285
27,413,2021,8.0,58,13.793103448275861
27,413,2022,6.0,43,13.953488372093023
27,413,2023,5.0,34,14.705882352941178
27,413,2024,0.0,29,0.0
27,425,1998,0.0,6,0.0
27,425,1999,0.0,2,0.0
27,425,2001,3.0,6,50.0
27,425,2003,0.0,5,0.0
27,425,2004,1.0,11,9.090909090909092
27,425,2005,4.0,29,13.793103448275861
27,425,2006,1.0,14,7.142857142857142
27,425,2007,5.0,21,23.809523809523807
27,425,2008,0.0,19,0.0
27,425,2009,2.0,12,16.666666666666664
27,425,2010,2.0,17,11.76470588235294
27,425,2011,0.0,11,0.0
27,425,2012,3.0,11,27.27272727272727
27,425,2013,1.0,11,9.090909090909092
27,425,2014,0.0,4,0.0
27,425,2015,1.0,14,7.142857142857142
27,425,2016,0.0,3,0.0
27,425,2018,0.0,7,0.0
27,425,2019,0.0,5,0.0
27,425,2020,30.0,80,37.5
27,425,2022,0.0,1,0.0
27,425,2023,0.0,6,0.0
27,425,2024,2.0,8,25.0
27,430,1998,0.0,3,0.0
27,430,1999,0.0,2,0.0
27,430,2000,0.0,3,0.0
27,430,2002,0.0,1,0.0
27,430,2003,0.0,1,0.0
27,430,2006,0.0,1,0.0
27,430,2007,0.0,10,0.0
27,430,2008,2.0,11,18.181818181818183
27,430,2009,0.0,4,0.0
27,430,2010,5.0,24,20.833333333333336
27,430,2011,0.0,5,0.0
27,430,2012,4.0,8,50.0
27,430,2013,0.0,7,0.0
27,430,2014,0.0,9,0.0
27,430,2015,2.0,25,8.0
27,430,2016,0.0,2,0.0
27,430,2017,0.0,33,0.0
27,430,2018,0.0,23,0.0
27,430,2019,3.0,33,9.090909090909092
27,430,2020,1.0,50,2.0
27,430,2021,2.0,110,1.8181818181818181
27,430,2022,3.0,36,8.333333333333332
27,430,2023,6.0,41,14.634146341463413
27,430,2024,8.0,47,17.02127659574468
27,450,2000,2.0,23,8.695652173913043
27,450,2001,4.0,41,9.75609756097561
27,450,2002,4.0,60,6.666666666666667
27,450,2003,3.0,67,4.477611940298507
27,450,2004,6.0,126,4.761904761904762
27,450,2005,5.0,112,4.464285714285714
27,450,2006,5.0,90,5.555555555555555
27,450,2007,5.0,106,4.716981132075472
27,450,2008,6.0,129,4.651162790697675
27,450,2009,2.0,86,2.3255813953488373
27,450,2010,5.0,53,9.433962264150944
27,450,2011,6.0,44,13.636363636363635
27,450,2012,5.0,45,11.11111111111111
27,450,2013,1.0,25,4.0
27,450,2015,1.0,24,4.166666666666666
27,450,2016,5.0,35,14.285714285714285
27,450,2017,1.0,35,2.857142857142857
27,450,2018,3.0,34,8.823529411764707
27,450,2019,0.0,20,0.0
27,450,2020,0.0,32,0.0
27,450,2021,4.0,42,9.523809523809524
27,450,2022,2.0,31,6.451612903225806
27,450,2023,0.0,40,0.0
27,450,2024,1.0,31,3.225806451612903
27,491,1998,0.0,18,0.0
27,491,1999,0.0,13,0.0
27,491,2000,0.0,33,0.0
27,491,2001,0.0,16,0.0
27,491,2002,0.0,13,0.0
27,491,2003,4.0,25,16.0
27,491,2004,2.0,35,5.714285714285714
27,491,2005,0.0,9,0.0
27,491,2006,5.0,22,22.727272727272727
27,491,2007,3.0,20,15.0
27,491,2008,2.0,27,7.4074074074074066
27,491,2009,2.0,28,7.142857142857142
27,491,2010,1.0,29,3.4482758620689653
27,491,2011,0.0,19,0.0
27,491,2012,0.0,26,0.0
27,491,2013,1.0,32,3.125
27,491,2014,3.0,40,7.5
27,491,2015,3.0,26,11.538461538461538
27,491,2016,2.0,20,10.0
27,491,2017,6.0,38,15.789473684210526
27,491,2018,2.0,29,6.896551724137931
27,491,2019,2.0,13,15.384615384615385
27,491,2020,4.0,41,9.75609756097561
27,491,2021,3.0,59,5.084745762711865
27,491,2022,4.0,40,10.0
27,491,2023,2.0,19,10.526315789473683
27,491,2024,1.0,20,5.0
27,495,1998,0.0,20,0.0
27,495,1999,0.0,57,0.0
27,495,2000,2.0,49,4.081632653061225
27,495,2001,1.0,35,2.857142857142857
27,495,2002,4.0,37,10.81081081081081
27,495,2003,1.0,17,5.88235294117647
27,495,2004,2.0,42,4.761904761904762
27,495,2005,0.0,30,0.0
27,495,2006,1.0,48,2.083333333333333
27,495,2007,3.0,52,5.769230769230769
27,495,2008,4.0,51,7.8431372549019605
27,495,2009,1.0,43,2.3255813953488373
27,495,2010,3.0,36,8.333333333333332
27,495,2011,3.0,50,6.0
27,495,2012,4.0,33,12.121212121212121
27,495,2013,0.0,51,0.0
27,495,2014,0.0,25,0.0
27,495,2015,0.0,16,0.0
27,495,2016,2.0,28,7.142857142857142
27,495,2017,1.0,36,2.7777777777777777
27,495,2018,27.0,52,51.92307692307693
27,495,2019,2.0,12,16.666666666666664
27,495,2020,2.0,30,6.666666666666667
27,495,2021,27.0,75,36.0
27,495,2022,3.0,38,7.894736842105263
27,495,2023,1.0,36,2.7777777777777777
27,495,2024,2.0,29,6.896551724137931
27,50,1998,1.0,17,5.88235294117647
27,50,1999,1.0,19,5.263157894736842
27,50,2000,3.0,48,6.25
27,50,2001,3.0,52,5.769230769230769
27,50,2002,2.0,38,5.263157894736842
27,50,2003,4.0,69,5.797101449275362
27,50,2004,3.0,51,5.88235294117647
27,50,2005,0.0,29,0.0
27,50,2006,5.0,42,11.904761904761903
27,50,2007,4.0,27,14.814814814814813
27,50,2012,0.0,18,0.0
27,50,2013,0.0,13,0.0
27,580,2000,0.0,2,0.0
27,580,2001,1.0,6,16.666666666666664
27,580,2002,0.0,6,0.0
27,580,2004,3.0,6,50.0
27,580,2005,1.0,10,10.0
27,580,2006,0.0,7,0.0
27,580,2008,0.0,5,0.0
27,580,2009,0.0,18,0.0
27,580,2010,4.0,18,22.22222222222222
27,580,2011,0.0,35,0.0
27,580,2012,0.0,21,0.0
27,580,2013,4.0,27,14.814814814814813
27,580,2014,1.0,17,5.88235294117647
27,580,2015,1.0,20,5.0
27,580,2016,1.0,9,11.11111111111111
27,580,2017,1.0,15,6.666666666666667
27,580,2018,0.0,1,0.0
27,580,2019,0.0,25,0.0
27,580,2020,1.0,49,2.0408163265306123
27,580,2021,0.0,39,0.0
27,580,2022,0.0,30,0.0
27,580,2023,0.0,20,0.0
27,580,2024,1.0,15,6.666666666666667
27,6,1998,5.0,108,4.62962962962963
27,6,1999,12.0,91,13.186813186813188
27,6,2000,7.0,87,8.045977011494253
27,6,2001,6.0,102,5.88235294117647
27,6,2002,4.0,88,4.545454545454546
27,6,2003,5.0,125,4.0
27,6,2004,8.0,120,6.666666666666667
27,6,2005,9.0,111,8.108108108108109
27,6,2006,8.0,131,6.106870229007633
27,6,2007,6.0,115,5.217391304347826
27,6,2012,3.0,84,3.571428571428571
27,6,2013,5.0,91,5.4945054945054945
27,600,1998,1.0,18,5.555555555555555
27,600,1999,2.0,16,12.5
27,600,2000,2.0,25,8.0
27,600,2001,2.0,20,10.0
27,600,2002,0.0,25,0.0
27,600,2003,2.0,45,4.444444444444445
27,600,2004,5.0,40,12.5
27,600,2005,4.0,40,10.0
27,600,2006,2.0,28,7.142857142857142
27,600,2007,9.0,41,21.951219512195124
27,600,2008,7.0,35,20.0
27,600,2009,0.0,19,0.0
27,600,2010,1.0,39,2.564102564102564
27,600,2011,0.0,10,0.0
27,600,2012,2.0,13,15.384615384615385
27,600,2013,0.0,17,0.0
27,600,2014,1.0,12,8.333333333333332
27,600,2015,3.0,24,12.5
27,600,2016,2.0,4,50.0
27,600,2017,1.0,10,10.0
27,600,2019,1.0,1,100.0
27,600,2020,0.0,14,0.0
27,600,2021,4.0,30,13.333333333333334
27,600,2022,1.0,14,7.142857142857142
27,600,2023,0.0,7,0.0
27,600,2024,0.0,3,0.0
27,615,1998,5.0,61,8.19672131147541
27,615,1999,3.0,44,6.8181818181818175
27,615,2000,3.0,63,4.761904761904762
27,615,2001,1.0,23,4.3478260869565215
27,615,2002,0.0,19,0.0
27,615,2003,3.0,52,5.769230769230769
27,615,2004,4.0,95,4.2105263157894735
27,615,2005,6.0,118,5.084745762711865
27,615,2006,8.0,171,4.678362573099415
27,615,2007,11.0,171,6.432748538011696
27,615,2008,4.0,116,3.4482758620689653
27,615,2009,5.0,143,3.4965034965034967
27,615,2010,11.0,197,5.583756345177665
27,615,2011,7.0,98,7.142857142857142
27,615,2012,3.0,80,3.75
27,615,2013,4.0,120,3.3333333333333335
27,615,2014,2.0,45,4.444444444444445
27,615,2015,2.0,56,3.571428571428571
27,615,2016,11.0,68,16.176470588235293
27,615,2017,7.0,71,9.859154929577464
27,615,2018,1.0,79,1.2658227848101267
27,615,2019,7.0,80,8.75
27,615,2020,11.0,97,11.34020618556701
27,615,2021,7.0,168,4.166666666666666
27,615,2022,11.0,164,6.707317073170732
27,615,2023,9.0,123,7.317073170731707
27,615,2024,14.0,108,12.962962962962962
27,660,1998,2.0,40,5.0
27,660,1999,1.0,33,3.0303030303030303
27,660,2000,1.0,47,2.127659574468085
27,660,2001,1.0,49,2.0408163265306123
27,660,2002,1.0,42,2.380952380952381
27,660,2003,7.0,76,9.210526315789473
27,660,2004,3.0,87,3.4482758620689653
27,660,2005,3.0,50,6.0
27,660,2006,3.0,59,5.084745762711865
27,660,2007,2.0,64,3.125
27,660,2008,3.0,64,4.6875
27,660,2009,1.0,58,1.7241379310344827
27,660,2010,3.0,69,4.3478260869565215
27,660,2011,3.0,56,5.357142857142857
27,660,2012,0.0,36,0.0
27,660,2013,1.0,38,2.631578947368421
27,660,2014,1.0,48,2.083333333333333
27,660,2015,1.0,21,4.761904761904762
27,660,2016,1.0,31,3.225806451612903
27,660,2017,2.0,21,9.523809523809524
27,660,2018,0.0,19,0.0
27,660,2019,0.0,21,0.0
27,660,2020,2.0,39,5.128205128205128
27,660,2021,4.0,26,15.384615384615385
27,660,2022,2.0,30,6.666666666666667
27,660,2023,5.0,19,26.31578947368421
27,660,2024,0.0,23,0.0
27,73,1998,0.0,16,0.0
27,73,1999,3.0,13,23.076923076923077
27,73,2000,2.0,13,15.384615384615385
27,73,2001,0.0,20,0.0
27,73,2002,0.0,15,0.0
27,73,2003,0.0,40,0.0
27,73,2004,1.0,45,2.2222222222222223
27,73,2006,4.0,35,11.428571428571429
27,73,2007,7.0,65,10.76923076923077
27,73,2012,1.0,10,10.0
27,73,2013,1.0,30,3.3333333333333335
27,745,1998,6.0,22,27.27272727272727
27,745,1999,0.0,26,0.0
27,745,2000,0.0,12,0.0
27,745,2001,1.0,15,6.666666666666667
27,745,2002,0.0,12,0.0
27,745,2003,2.0,10,20.0
27,745,2004,0.0,25,0.0
27,745,2005,0.0,12,0.0
27,745,2006,4.0,41,9.75609756097561
27,745,2007,2.0,11,18.181818181818183
27,745,2008,6.0,26,23.076923076923077
27,745,2009,0.0,21,0.0
27,745,2010,1.0,41,2.4390243902439024
27,745,2011,2.0,41,4.878048780487805
27,745,2012,0.0,26,0.0
27,745,2013,2.0,17,11.76470588235294
27,745,2014,0.0,12,0.0
27,745,2015,1.0,13,7.6923076923076925
27,745,2016,0.0,10,0.0
27,745,2017,0.0,9,0.0
27,745,2018,0.0,30,0.0
27,745,2019,0.0,15,0.0
27,745,2020,0.0,40,0.0
27,745,2021,0.0,22,0.0
27,745,2022,0.0,19,0.0
27,745,2023,0.0,12,0.0
27,745,2024,0.0,12,0.0
27,75,1998,2.0,99,2.0202020202020203
27,75,1999,5.0,82,6.097560975609756
27,75,2000,4.0,58,6.896551724137931
27,75,2001,8.0,77,10.38961038961039
27,75,2002,4.0,35,11.428571428571429
27,75,2003,11.0,79,13.924050632911392
27,75,2004,7.0,95,7.368421052631578
27,75,2005,5.0,80,6.25
27,75,2006,5.0,66,7.575757575757576
27,75,2007,1.0,36,2.7777777777777777
27,75,2012,6.0,81,7.4074074074074066
27,75,2013,4.0,77,5.194805194805195
27,77,1998,1.0,13,7.6923076923076925
27,77,1999,3.0,88,3.4090909090909087
27,77,2000,3.0,48,6.25
27,77,2001,0.0,9,0.0
27,77,2002,1.0,19,5.263157894736842
27,77,2003,0.0,16,0.0
27,77,2006,3.0,31,9.67741935483871
27,77,2007,1.0,39,2.564102564102564
27,77,2012,0.0,5,0.0
27,77,2013,3.0,30,10.0
27,787,1998,16.0,124,12.903225806451612
27,787,1999,11.0,171,6.432748538011696
27,787,2000,14.0,177,7.909604519774012
27,787,2001,9.0,120,7.5
27,787,2002,5.0,122,4.098360655737705
27,787,2003,7.0,142,4.929577464788732
27,787,2004,10.0,126,7.936507936507936
27,787,2005,4.0,165,2.4242424242424243
27,787,2006,7.0,144,4.861111111111112
27,787,2007,13.0,207,6.280193236714976
27,787,2008,9.0,200,4.5
27,787,2009,11.0,162,6.790123456790123
27,787,2010,10.0,148,6.756756756756757
27,787,2011,14.0,221,6.334841628959276
27,787,2012,9.0,186,4.838709677419355
27,787,2013,2.0,98,2.0408163265306123
27,787,2014,7.0,157,4.45859872611465
27,787,2015,7.0,98,7.142857142857142
27,787,2016,4.0,92,4.3478260869565215
27,787,2017,3.0,91,3.296703296703297
27,787,2018,4.0,97,4.123711340206185
27,787,2019,1.0,70,1.4285714285714286
27,787,2020,7.0,109,6.422018348623854
27,787,2021,14.0,143,9.79020979020979
27,787,2022,12.0,134,8.955223880597014
27,787,2023,9.0,78,11.538461538461538
27,787,2024,9.0,71,12.676056338028168
27,800,1998,0.0,28,0.0
27,800,1999,2.0,63,3.1746031746031744
27,800,2000,2.0,44,4.545454545454546
27,800,2001,1.0,26,3.8461538461538463
27,800,2002,1.0,66,1.5151515151515151
27,800,2003,2.0,49,4.081632653061225
27,800,2004,3.0,63,4.761904761904762
27,800,2005,2.0,45,4.444444444444445
27,800,2006,4.0,82,4.878048780487805
27,800,2007,3.0,86,3.488372093023256
27,800,2008,8.0,101,7.920792079207921
27,800,2009,4.0,77,5.194805194805195
27,800,2010,1.0,100,1.0
27,800,2011,3.0,74,4.054054054054054
27,800,2012,5.0,51,9.803921568627452
27,800,2013,4.0,85,4.705882352941177
27,800,2014,1.0,36,2.7777777777777777
27,800,2015,2.0,62,3.225806451612903
27,800,2016,1.0,27,3.7037037037037033
27,800,2017,1.0,35,2.857142857142857
27,800,2018,2.0,39,5.128205128205128
27,800,2019,0.0,11,0.0
27,800,2020,1.0,41,2.4390243902439024
27,800,2021,3.0,75,4.0
27,800,2022,5.0,49,10.204081632653061
27,800,2023,9.0,61,14.754098360655737
27,800,2024,3.0,50,6.0
27,810,1998,1.0,5,20.0
27,810,1999,0.0,5,0.0
27,810,2000,1.0,8,12.5
27,810,2001,0.0,11,0.0
27,810,2002,1.0,16,6.25
27,810,2003,1.0,14,7.142857142857142
27,810,2004,1.0,28,3.571428571428571
27,810,2005,1.0,41,2.4390243902439024
27,810,2006,2.0,22,9.090909090909092
27,810,2007,0.0,47,0.0
27,810,2008,0.0,10,0.0
27,810,2009,0.0,25,0.0
27,810,2010,2.0,30,6.666666666666667
27,810,2011,0.0,37,0.0
27,810,2012,0.0,36,0.0
27,810,2013,2.0,41,4.878048780487805
27,810,2014,1.0,21,4.761904761904762
27,810,2015,2.0,32,6.25
27,810,2016,1.0,17,5.88235294117647
27,810,2017,0.0,4,0.0
27,810,2018,1.0,17,5.88235294117647
27,810,2019,1.0,17,5.88235294117647
27,810,2020,1.0,45,2.2222222222222223
27,810,2021,0.0,36,0.0
27,810,2022,0.0,38,0.0
27,810,2023,2.0,46,4.3478260869565215
27,810,2024,1.0,46,2.1739130434782608
27,86,2001,2.0,63,3.1746031746031744
27,86,2002,4.0,98,4.081632653061225
27,86,2003,8.0,129,6.2015503875969
27,86,2004,5.0,144,3.4722222222222223
27,86,2005,9.0,199,4.522613065326634
27,86,2006,5.0,199,2.512562814070352
27,86,2007,6.0,164,3.6585365853658534
27,99,1998,0.0,41,0.0
27,99,1999,1.0,35,2.857142857142857
27,99,2000,1.0,26,3.8461538461538463
27,99,2001,1.0,10,10.0
27,99,2002,0.0,2,0.0
27,99,2003,2.0,22,9.090909090909092
27,99,2004,0.0,25,0.0
27,99,2005,2.0,40,5.0
27,99,2006,3.0,34,8.823529411764707
27,99,2007,0.0,14,0.0
27,99,2012,0.0,19,0.0
27,99,2013,4.0,23,17.391304347826086
27,001,2008,276.0,3226,8.555486670799752
27,001,2009,351.0,3355,10.461997019374069
27,001,2010,360.0,3345,10.762331838565023
27,001,2011,367.0,3864,9.49792960662526
27,001,2014,409.0,4571,8.947713848173267
27,001,2015,379.0,4241,8.93657156331054
27,001,2016,372.0,3746,9.93059263214095
27,001,2017,344.0,3923,8.768799388223298
27,001,2018,366.0,3829,9.558631496474275
27,001,2019,338.0,3356,10.071513706793803
27,001,2020,310.0,3520,8.806818181818182
27,001,2021,370.0,3886,9.521358723623264
27,001,2022,337.0,3428,9.830805134189031
27,001,2023,311.0,3087,10.07450599287334
27,001,2024,288.0,2772,10.38961038961039
27,006,2008,2.0,127,1.574803149606299
27,006,2009,7.0,117,5.982905982905983
27,006,2010,3.0,73,4.10958904109589
27,006,2011,4.0,84,4.761904761904762
27,006,2014,4.0,75,5.333333333333334
27,006,2015,1.0,91,1.098901098901099
27,006,2016,2.0,67,2.9850746268656714
27,006,2017,0.0,19,0.0
27,006,2018,1.0,60,1.6666666666666667
27,006,2019,3.0,49,6.122448979591836
27,006,2020,7.0,92,7.608695652173914
27,006,2021,5.0,63,7.936507936507936
27,006,2022,4.0,45,8.88888888888889
27,006,2023,2.0,39,5.128205128205128
27,006,2024,3.0,40,7.5
27,025,2008,2.0,30,6.666666666666667
27,025,2009,0.0,12,0.0
27,025,2010,1.0,22,4.545454545454546
27,025,2011,0.0,8,0.0
27,025,2014,2.0,13,15.384615384615385
27,025,2015,0.0,9,0.0
27,025,2016,0.0,19,0.0
27,025,2017,0.0,26,0.0
27,025,2018,0.0,21,0.0
27,025,2019,0.0,50,0.0
27,025,2020,2.0,372,0.5376344086021506
27,025,2021,2.0,131,1.5267175572519083
27,025,2022,1.0,40,2.5
27,025,2023,2.0,47,4.25531914893617
27,025,2024,2.0,33,6.0606060606060606
27,050,2008,2.0,39,5.128205128205128
27,050,2009,2.0,34,5.88235294117647
27,050,2010,2.0,33,6.0606060606060606
27,050,2011,2.0,16,12.5
27,050,2014,0.0,18,0.0
27,050,2015,3.0,11,27.27272727272727
27,050,2016,0.0,16,0.0
27,050,2017,1.0,26,3.8461538461538463
27,050,2018,0.0,12,0.0
27,050,2019,0.0,7,0.0
27,050,2020,1.0,23,4.3478260869565215
27,050,2021,1.0,14,7.142857142857142
27,050,2022,1.0,9,11.11111111111111
27,050,2023,2.0,9,22.22222222222222
27,050,2024,0.0,7,0.0
27,073,2008,1.0,37,2.7027027027027026
27,073,2009,3.0,22,13.636363636363635
27,073,2010,1.0,21,4.761904761904762
27,073,2011,1.0,21,4.761904761904762
27,073,2014,14.0,86,16.27906976744186
27,073,2015,3.0,38,7.894736842105263
27,073,2016,2.0,28,7.142857142857142
27,073,2017,2.0,41,4.878048780487805
27,073,2018,1.0,30,3.3333333333333335
27,073,2019,1.0,95,1.0526315789473684
27,073,2020,5.0,159,3.1446540880503147
27,073,2021,2.0,105,1.9047619047619049
27,073,2022,1.0,12,8.333333333333332
27,073,2023,5.0,27,18.51851851851852
27,073,2024,1.0,34,2.941176470588235
27,075,2008,4.0,62,6.451612903225806
27,075,2009,3.0,84,3.571428571428571
27,075,2010,4.0,69,5.797101449275362
27,075,2011,7.0,74,9.45945945945946
27,075,2014,6.0,92,6.521739130434782
27,075,2015,11.0,82,13.414634146341465
27,075,2016,6.0,61,9.836065573770492
27,075,2017,4.0,90,4.444444444444445
27,075,2018,4.0,118,3.389830508474576
27,075,2019,6.0,143,4.195804195804196
27,075,2020,2.0,92,2.1739130434782608
27,075,2021,6.0,98,6.122448979591836
27,075,2022,6.0,84,7.142857142857142
27,075,2023,9.0,87,10.344827586206897
27,075,2024,8.0,72,11.11111111111111
27,077,2008,1.0,39,2.564102564102564
27,077,2009,0.0,30,0.0
27,077,2010,3.0,49,6.122448979591836
27,077,2011,4.0,47,8.51063829787234
27,077,2014,2.0,29,6.896551724137931
27,077,2015,1.0,29,3.4482758620689653
27,077,2016,4.0,32,12.5
27,077,2017,1.0,24,4.166666666666666
27,077,2018,0.0,15,0.0
27,077,2019,1.0,22,4.545454545454546
27,077,2020,1.0,263,0.38022813688212925
27,077,2021,46.0,230,20.0
27,077,2022,4.0,35,11.428571428571429
27,077,2023,4.0,45,8.88888888888889
27,077,2024,2.0,37,5.405405405405405
27,099,2008,0.0,4,0.0
27,099,2009,3.0,20,15.0
27,099,2010,0.0,12,0.0
27,099,2011,4.0,37,10.81081081081081
27,099,2014,2.0,13,15.384615384615385
27,099,2015,4.0,40,10.0
27,099,2016,0.0,9,0.0
27,099,2017,2.0,30,6.666666666666667
27,099,2018,1.0,36,2.7777777777777777
27,099,2019,1.0,19,5.263157894736842
27,099,2020,2.0,32,6.25
27,099,2021,2.0,28,7.142857142857142
27,099,2022,3.0,32,9.375
27,099,2023,4.0,36,11.11111111111111
27,099,2024,8.0,29,27.586206896551722
27,493,2024,3.0,55,5.454545454545454
41,1,1998,373.0,7178,5.19643354694901
41,1,1999,472.0,7796,6.054386865059005
41,1,2000,466.0,7364,6.328082563824008
41,1,2001,481.0,7537,6.381849542258193
41,1,2002,482.0,7597,6.344609714360932
41,1,2003,531.0,7727,6.872007247314611
41,1,2004,602.0,7822,7.69624137049348
41,1,2005,604.0,7825,7.718849840255591
41,1,2006,924.0,8561,10.793131643499592
41,1,2007,915.0,8912,10.267055655296229
41,1,2012,790.0,9864,8.008921330089214
41,1,2013,770.0,9965,7.72704465629704
41,13,1998,1.0,140,0.7142857142857143
41,13,1999,5.0,145,3.4482758620689653
41,13,2000,4.0,139,2.877697841726619
41,13,2001,3.0,124,2.4193548387096775
41,13,2002,5.0,109,4.587155963302752
41,13,2003,1.0,103,0.9708737864077669
41,13,2004,2.0,112,1.7857142857142856
41,13,2005,1.0,79,1.2658227848101267
41,13,2006,4.0,80,5.0
41,13,2007,3.0,60,5.0
41,13,2012,1.0,70,1.4285714285714286
41,13,2013,1.0,52,1.9230769230769231
41,132,1998,12.0,489,2.4539877300613497
41,132,1999,14.0,474,2.9535864978902953
41,132,2000,8.0,413,1.937046004842615
41,132,2001,6.0,359,1.6713091922005572
41,132,2002,14.0,316,4.430379746835443
41,132,2003,4.0,333,1.2012012012012012
41,132,2004,11.0,334,3.293413173652695
41,132,2005,5.0,267,1.8726591760299627
41,132,2006,6.0,232,2.586206896551724
41,132,2007,7.0,236,2.9661016949152543
41,132,2008,1.0,181,0.5524861878453038
41,132,2009,6.0,135,4.444444444444445
41,132,2010,3.0,118,2.5423728813559325
41,132,2011,7.0,120,5.833333333333333
41,132,2012,2.0,122,1.639344262295082
41,132,2013,7.0,177,3.954802259887006
41,132,2014,2.0,113,1.7699115044247788
41,132,2015,1.0,84,1.1904761904761905
41,132,2016,3.0,61,4.918032786885246
41,132,2017,1.0,91,1.098901098901099
41,132,2018,4.0,121,3.3057851239669422
41,132,2019,2.0,110,1.8181818181818181
41,132,2020,1.0,87,1.1494252873563218
41,132,2021,0.0,93,0.0
41,132,2022,3.0,80,3.75
41,132,2023,3.0,82,3.6585365853658534
41,132,2024,6.0,66,9.090909090909092
41,16,1998,5.0,131,3.816793893129771
41,16,1999,3.0,132,2.272727272727273
41,16,2000,7.0,154,4.545454545454546
41,16,2001,5.0,182,2.7472527472527473
41,16,2002,6.0,140,4.285714285714286
41,16,2003,4.0,135,2.9629629629629632
41,16,2004,4.0,132,3.0303030303030303
41,16,2005,1.0,122,0.819672131147541
41,16,2006,5.0,113,4.424778761061947
41,16,2007,0.0,76,0.0
41,16,2012,2.0,78,2.564102564102564
41,16,2013,2.0,80,2.5
41,20,1998,9.0,271,3.3210332103321036
41,20,1999,9.0,268,3.3582089552238807
41,20,2000,9.0,244,3.6885245901639343
41,20,2001,7.0,328,2.1341463414634148
41,20,2002,6.0,313,1.9169329073482428
41,20,2003,5.0,322,1.5527950310559007
41,20,2004,5.0,311,1.607717041800643
41,20,2005,6.0,249,2.4096385542168677
41,20,2006,2.0,292,0.684931506849315
41,20,2007,2.0,244,0.819672131147541
41,20,2012,5.0,132,3.787878787878788
41,20,2013,4.0,96,4.166666666666666
41,206,1998,0.0,62,0.0
41,206,1999,1.0,66,1.5151515151515151
41,206,2000,1.0,41,2.4390243902439024
41,206,2001,3.0,64,4.6875
41,206,2002,1.0,35,2.857142857142857
41,206,2003,1.0,39,2.564102564102564
41,206,2004,2.0,62,3.225806451612903
41,206,2005,0.0,50,0.0
41,206,2006,0.0,52,0.0
41,206,2007,4.0,54,7.4074074074074066
41,206,2008,2.0,48,4.166666666666666
41,206,2009,2.0,57,3.508771929824561
41,206,2010,2.0,34,5.88235294117647
41,206,2011,0.0,31,0.0
41,206,2012,1.0,35,2.857142857142857
41,206,2013,3.0,39,7.6923076923076925
41,206,2014,1.0,35,2.857142857142857
41,206,2015,0.0,13,0.0
41,206,2016,4.0,29,13.793103448275861
41,206,2017,3.0,38,7.894736842105263
41,206,2018,2.0,34,5.88235294117647
41,206,2019,2.0,20,10.0
41,206,2020,1.0,23,4.3478260869565215
41,206,2021,2.0,34,5.88235294117647
41,206,2022,2.0,19,10.526315789473683
41,206,2023,1.0,11,9.090909090909092
41,206,2024,1.0,10,10.0
41,244,1998,1.0,10,10.0
41,244,1999,0.0,12,0.0
41,244,2000,0.0,26,0.0
41,244,2001,1.0,19,5.263157894736842
41,244,2002,0.0,23,0.0
41,244,2003,0.0,15,0.0
41,244,2004,0.0,20,0.0
41,244,2005,1.0,31,3.225806451612903
41,244,2006,0.0,14,0.0
41,244,2007,0.0,16,0.0
41,244,2008,0.0,6,0.0
41,244,2009,1.0,10,10.0
41,244,2010,0.0,4,0.0
41,244,2011,0.0,3,0.0
41,244,2015,0.0,1,0.0
41,244,2020,0.0,1,0.0
41,244,2024,0.0,1,0.0
41,26,1998,1.0,7,14.285714285714285
41,26,1999,1.0,32,3.125
41,26,2000,1.0,24,4.166666666666666
41,26,2001,3.0,18,16.666666666666664
41,26,2002,1.0,16,6.25
41,26,2003,0.0,25,0.0
41,26,2004,1.0,17,5.88235294117647
41,26,2005,0.0,12,0.0
41,26,2006,2.0,27,7.4074074074074066
41,26,2007,1.0,14,7.142857142857142
41,298,1998,146.0,1929,7.568688439606014
41,298,1999,126.0,1865,6.756032171581769
41,298,2000,132.0,1932,6.832298136645963
41,298,2001,92.0,1903,4.834471886495008
41,298,2002,76.0,1962,3.873598369011213
41,298,2003,104.0,2209,4.7080126754187415
41,298,2004,87.0,2125,4.094117647058824
41,298,2005,81.0,2243,3.6112349531876946
41,298,2006,80.0,2428,3.2948929159802307
41,298,2007,107.0,2400,4.458333333333334
41,298,2008,112.0,2340,4.786324786324787
41,298,2009,172.0,2407,7.145824678022435
41,298,2010,193.0,2275,8.483516483516484
41,298,2011,175.0,2352,7.440476190476191
41,298,2012,204.0,2592,7.87037037037037
41,298,2013,222.0,2445,9.079754601226995
41,298,2014,183.0,2492,7.343499197431782
41,298,2015,186.0,2495,7.454909819639279
41,298,2016,172.0,2506,6.863527533918595
41,298,2017,155.0,2557,6.061791161517403
41,298,2018,171.0,2390,7.154811715481172
41,298,2019,188.0,2329,8.07213396307428
41,298,2020,150.0,2385,6.289308176100629
41,298,2021,170.0,2567,6.622516556291391
41,298,2022,144.0,2317,6.214933103150626
41,298,2023,123.0,2083,5.904944791166587
41,298,2024,136.0,1802,7.547169811320755
41,306,1998,20.0,315,6.349206349206349
41,306,1999,9.0,304,2.9605263157894735
41,306,2000,10.0,308,3.2467532467532463
41,306,2001,10.0,294,3.4013605442176873
41,306,2002,12.0,328,3.6585365853658534
41,306,2003,11.0,292,3.767123287671233
41,306,2004,10.0,285,3.508771929824561
41,306,2005,10.0,261,3.8314176245210727
41,306,2006,9.0,230,3.91304347826087
41,306,2007,8.0,212,3.7735849056603774
41,306,2008,4.0,152,2.631578947368421
41,306,2009,7.0,141,4.964539007092199
41,306,2010,2.0,108,1.8518518518518516
41,306,2011,2.0,98,2.0408163265306123
41,306,2012,4.0,105,3.8095238095238098
41,306,2013,2.0,91,2.197802197802198
41,306,2014,2.0,94,2.127659574468085
41,306,2015,2.0,78,2.564102564102564
41,306,2016,3.0,61,4.918032786885246
41,306,2017,3.0,52,5.769230769230769
41,306,2018,5.0,54,9.25925925925926
41,306,2019,2.0,28,7.142857142857142
41,306,2020,4.0,42,9.523809523809524
41,306,2021,2.0,33,6.0606060606060606
41,306,2022,2.0,28,7.142857142857142
41,306,2023,4.0,24,16.666666666666664
41,306,2024,1.0,9,11.11111111111111
41,319,1998,3.0,161,1.8633540372670807
41,319,1999,4.0,192,2.083333333333333
41,319,2000,5.0,181,2.7624309392265194
41,319,2001,9.0,230,3.91304347826087
41,319,2002,6.0,216,2.7777777777777777
41,319,2003,4.0,204,1.9607843137254901
41,319,2004,7.0,252,2.7777777777777777
41,319,2005,3.0,211,1.4218009478672986
41,319,2006,6.0,171,3.508771929824561
41,319,2007,1.0,141,0.7092198581560284
41,319,2008,3.0,104,2.8846153846153846
41,319,2009,1.0,96,1.0416666666666665
41,319,2010,6.0,144,4.166666666666666
41,319,2011,4.0,158,2.5316455696202533
41,319,2012,4.0,144,2.7777777777777777
41,319,2013,5.0,124,4.032258064516129
41,319,2014,6.0,129,4.651162790697675
41,319,2015,5.0,117,4.273504273504273
41,319,2016,2.0,87,2.2988505747126435
41,319,2017,2.0,115,1.7391304347826086
41,319,2018,6.0,107,5.607476635514018
41,319,2019,2.0,81,2.4691358024691357
41,319,2020,0.0,61,0.0
41,319,2021,0.0,58,0.0
41,319,2022,1.0,30,3.3333333333333335
41,319,2023,1.0,31,3.225806451612903
41,319,2024,1.0,29,3.4482758620689653
41,349,1998,1.0,49,2.0408163265306123
41,349,1999,1.0,79,1.2658227848101267
41,349,2000,1.0,81,1.2345679012345678
41,349,2001,1.0,103,0.9708737864077669
41,349,2002,2.0,101,1.9801980198019802
41,349,2003,5.0,106,4.716981132075472
41,349,2004,3.0,80,3.75
41,349,2005,2.0,76,2.631578947368421
41,349,2006,2.0,54,3.7037037037037033
41,349,2007,3.0,60,5.0
41,349,2008,2.0,42,4.761904761904762
41,349,2009,1.0,34,2.941176470588235
41,349,2010,2.0,26,7.6923076923076925
41,349,2011,1.0,37,2.7027027027027026
41,349,2012,0.0,25,0.0
41,349,2013,1.0,15,6.666666666666667
41,349,2014,3.0,54,5.555555555555555
41,349,2015,2.0,36,5.555555555555555
41,349,2016,2.0,29,6.896551724137931
41,349,2017,1.0,6,16.666666666666664
41,349,2018,1.0,16,6.25
41,349,2019,0.0,15,0.0
41,349,2020,0.0,17,0.0
41,349,2021,0.0,30,0.0
41,349,2022,1.0,16,6.25
41,349,2023,0.0,5,0.0
41,349,2024,0.0,4,0.0
41,357,1998,4.0,173,2.312138728323699
41,357,1999,8.0,186,4.301075268817205
41,357,2000,3.0,110,2.727272727272727
41,357,2001,6.0,90,6.666666666666667
41,357,2002,3.0,76,3.9473684210526314
41,357,2003,1.0,96,1.0416666666666665
41,357,2004,1.0,83,1.2048192771084338
41,357,2005,0.0,103,0.0
41,357,2006,4.0,124,3.225806451612903
41,357,2007,4.0,97,4.123711340206185
41,357,2008,5.0,81,6.172839506172839
41,357,2009,3.0,86,3.488372093023256
41,357,2010,5.0,56,8.928571428571429
41,357,2011,1.0,45,2.2222222222222223
41,357,2012,1.0,73,1.36986301369863
41,357,2013,0.0,69,0.0
41,357,2014,2.0,78,2.564102564102564
41,357,2015,3.0,91,3.296703296703297
41,357,2016,1.0,92,1.0869565217391304
41,357,2017,2.0,117,1.7094017094017095
41,357,2018,4.0,84,4.761904761904762
41,357,2019,6.0,88,6.8181818181818175
41,357,2020,3.0,91,3.296703296703297
41,357,2021,7.0,102,6.862745098039216
41,357,2022,2.0,57,3.508771929824561
41,357,2023,1.0,56,1.7857142857142856
41,357,2024,6.0,47,12.76595744680851
41,359,1998,5.0,232,2.1551724137931036
41,359,1999,8.0,195,4.102564102564102
41,359,2000,5.0,274,1.824817518248175
41,359,2001,9.0,209,4.30622009569378
41,359,2002,7.0,263,2.6615969581749046
41,359,2003,11.0,253,4.3478260869565215
41,359,2004,4.0,252,1.5873015873015872
41,359,2005,5.0,295,1.694915254237288
41,359,2006,2.0,168,1.1904761904761905
41,359,2007,1.0,151,0.6622516556291391
41,359,2008,2.0,101,1.9801980198019802
41,359,2009,4.0,98,4.081632653061225
41,359,2010,1.0,108,0.9259259259259258
41,359,2011,2.0,85,2.3529411764705883
41,359,2012,1.0,43,2.3255813953488373
41,359,2013,4.0,38,10.526315789473683
41,359,2014,2.0,28,7.142857142857142
41,359,2015,2.0,20,10.0
41,359,2016,1.0,28,3.571428571428571
41,359,2017,1.0,23,4.3478260869565215
41,359,2018,3.0,24,12.5
41,359,2019,5.0,51,9.803921568627452
41,359,2020,3.0,65,4.615384615384616
41,359,2021,0.0,37,0.0
41,359,2022,4.0,34,11.76470588235294
41,359,2023,1.0,40,2.5
41,359,2024,2.0,10,20.0
41,378,1998,6.0,194,3.0927835051546393
41,378,1999,5.0,189,2.6455026455026456
41,378,2000,14.0,236,5.932203389830509
41,378,2001,13.0,232,5.603448275862069
41,378,2002,5.0,208,2.403846153846154
41,378,2003,5.0,222,2.2522522522522523
41,378,2004,3.0,164,1.8292682926829267
41,378,2005,3.0,169,1.7751479289940828
41,378,2006,6.0,145,4.137931034482759
41,378,2007,2.0,165,1.2121212121212122
41,378,2008,3.0,187,1.6042780748663104
41,378,2009,3.0,158,1.89873417721519
41,378,2010,4.0,168,2.380952380952381
41,378,2011,3.0,142,2.112676056338028
41,378,2012,4.0,133,3.007518796992481
41,378,2013,1.0,104,0.9615384615384616
41,378,2014,3.0,109,2.7522935779816518
41,378,2015,1.0,84,1.1904761904761905
41,378,2016,3.0,75,4.0
41,378,2017,4.0,93,4.301075268817205
41,378,2018,1.0,110,0.9090909090909091
41,378,2019,3.0,93,3.225806451612903
41,378,2020,5.0,84,5.952380952380952
41,378,2021,3.0,100,3.0
41,378,2022,5.0,55,9.090909090909092
41,378,2023,1.0,45,2.2222222222222223
41,378,2024,0.0,34,0.0
41,396,1998,52.0,1034,5.029013539651837
41,396,1999,44.0,1122,3.9215686274509802
41,396,2000,55.0,1149,4.786771105308964
41,396,2001,81.0,1152,7.03125
41,396,2002,67.0,1176,5.697278911564626
41,396,2003,70.0,1204,5.813953488372093
41,396,2004,64.0,1337,4.786836200448766
41,396,2005,51.0,1327,3.8432554634513942
41,396,2006,71.0,1427,4.9754730203223545
41,396,2007,61.0,1535,3.973941368078176
41,396,2008,58.0,1416,4.096045197740112
41,396,2009,57.0,1474,3.8670284938941655
41,396,2010,65.0,1527,4.256712508185986
41,396,2011,93.0,1635,5.688073394495413
41,396,2012,79.0,1755,4.501424501424502
41,396,2013,66.0,1751,3.769274700171331
41,396,2014,60.0,1799,3.3351862145636466
41,396,2015,53.0,1829,2.8977583378895573
41,396,2016,92.0,1997,4.606910365548322
41,396,2017,73.0,1977,3.692463328275165
41,396,2018,65.0,1849,3.515413737155219
41,396,2019,65.0,1733,3.750721292556261
41,396,2020,54.0,1752,3.0821917808219177
41,396,2021,69.0,1890,3.650793650793651
41,396,2022,54.0,1829,2.952433023510115
41,396,2023,76.0,1704,4.460093896713615
41,396,2024,51.0,1468,3.474114441416894
41,483,1998,1.0,65,1.5384615384615385
41,483,1999,3.0,61,4.918032786885246
41,483,2000,1.0,75,1.3333333333333335
41,483,2001,1.0,59,1.694915254237288
41,483,2002,2.0,53,3.7735849056603774
41,483,2003,1.0,73,1.36986301369863
41,483,2004,0.0,64,0.0
41,483,2005,1.0,56,1.7857142857142856
41,483,2006,4.0,79,5.063291139240507
41,483,2007,1.0,61,1.639344262295082
41,483,2008,0.0,50,0.0
41,483,2009,2.0,59,3.389830508474576
41,483,2010,6.0,65,9.230769230769232
41,483,2011,1.0,48,2.083333333333333
41,483,2012,2.0,53,3.7735849056603774
41,483,2013,0.0,49,0.0
41,483,2014,0.0,41,0.0
41,483,2015,2.0,32,6.25
41,483,2016,2.0,63,3.1746031746031744
41,483,2017,5.0,55,9.090909090909092
41,483,2018,2.0,26,7.6923076923076925
41,483,2019,1.0,44,2.272727272727273
41,483,2020,1.0,46,2.1739130434782608
41,483,2021,1.0,29,3.4482758620689653
41,483,2022,2.0,28,7.142857142857142
41,483,2023,2.0,15,13.333333333333334
41,483,2024,0.0,12,0.0
41,503,1998,2.0,74,2.7027027027027026
41,503,1999,3.0,112,2.6785714285714284
41,503,2000,8.0,98,8.16326530612245
41,503,2001,2.0,100,2.0
41,503,2002,1.0,69,1.4492753623188406
41,503,2003,3.0,72,4.166666666666666
41,503,2004,4.0,101,3.9603960396039604
41,503,2005,2.0,157,1.2738853503184715
41,503,2006,6.0,130,4.615384615384616
41,503,2007,2.0,104,1.9230769230769231
41,503,2008,3.0,130,2.307692307692308
41,503,2009,4.0,128,3.125
41,503,2010,3.0,111,2.7027027027027026
41,503,2011,5.0,121,4.132231404958678
41,503,2012,5.0,75,6.666666666666667
41,503,2013,3.0,72,4.166666666666666
41,503,2014,0.0,28,0.0
41,503,2015,1.0,8,12.5
41,503,2016,0.0,19,0.0
41,503,2017,3.0,26,11.538461538461538
41,503,2018,1.0,32,3.125
41,503,2019,2.0,26,7.6923076923076925
41,503,2020,1.0,22,4.545454545454546
41,503,2021,0.0,24,0.0
41,503,2022,0.0,21,0.0
41,503,2023,2.0,18,11.11111111111111
41,503,2024,0.0,12,0.0
41,518,1998,0.0,36,0.0
41,518,1999,1.0,58,1.7241379310344827
41,518,2000,1.0,57,1.7543859649122806
41,518,2001,1.0,39,2.564102564102564
41,518,2002,2.0,55,3.6363636363636362
41,518,2003,1.0,49,2.0408163265306123
41,518,2004,1.0,53,1.8867924528301887
41,518,2005,2.0,46,4.3478260869565215
41,518,2006,1.0,42,2.380952380952381
41,518,2007,0.0,35,0.0
41,518,2008,0.0,41,0.0
41,518,2009,1.0,27,3.7037037037037033
41,518,2010,1.0,34,2.941176470588235
41,518,2011,1.0,11,9.090909090909092
41,518,2012,0.0,28,0.0
41,518,2013,0.0,11,0.0
41,518,2014,0.0,23,0.0
41,518,2015,0.0,8,0.0
41,518,2016,0.0,14,0.0
41,518,2017,0.0,17,0.0
41,518,2018,0.0,12,0.0
41,518,2019,0.0,21,0.0
41,518,2020,0.0,19,0.0
41,518,2021,1.0,8,12.5
41,518,2022,0.0,9,0.0
41,518,2023,0.0,6,0.0
41,518,2024,0.0,6,0.0
41,524,1998,2.0,208,0.9615384615384616
41,524,1999,3.0,279,1.0752688172043012
41,524,2000,7.0,244,2.8688524590163933
41,524,2001,5.0,247,2.0242914979757085
41,524,2002,8.0,182,4.395604395604396
41,524,2003,3.0,207,1.4492753623188406
41,524,2004,1.0,160,0.625
41,524,2005,4.0,156,2.564102564102564
41,524,2006,3.0,157,1.910828025477707
41,524,2007,2.0,101,1.9801980198019802
41,524,2008,3.0,128,2.34375
41,524,2009,2.0,90,2.2222222222222223
41,524,2010,0.0,74,0.0
41,524,2011,0.0,65,0.0
41,524,2012,3.0,56,5.357142857142857
41,524,2013,0.0,56,0.0
41,524,2014,1.0,40,2.5
41,524,2015,2.0,62,3.225806451612903
41,524,2016,2.0,41,4.878048780487805
41,524,2017,4.0,42,9.523809523809524
41,524,2018,6.0,68,8.823529411764707
41,524,2019,1.0,61,1.639344262295082
41,524,2020,3.0,48,6.25
41,524,2021,3.0,34,8.823529411764707
41,524,2022,3.0,48,6.25
41,524,2023,2.0,19,10.526315789473683
41,524,2024,1.0,13,7.6923076923076925
41,530,1998,3.0,105,2.857142857142857
41,530,1999,2.0,111,1.8018018018018018
41,530,2000,4.0,124,3.225806451612903
41,530,2001,3.0,90,3.3333333333333335
41,530,2002,5.0,120,4.166666666666666
41,530,2003,5.0,103,4.854368932038835
41,530,2004,4.0,115,3.4782608695652173
41,530,2005,3.0,135,2.2222222222222223
41,530,2006,5.0,72,6.944444444444445
41,530,2007,4.0,98,4.081632653061225
41,530,2008,2.0,81,2.4691358024691357
41,530,2009,1.0,71,1.4084507042253522
41,530,2010,1.0,46,2.1739130434782608
41,530,2011,0.0,45,0.0
41,530,2012,1.0,72,1.3888888888888888
41,530,2013,1.0,55,1.8181818181818181
41,530,2014,2.0,18,11.11111111111111
41,530,2015,0.0,20,0.0
41,530,2016,1.0,12,8.333333333333332
41,530,2017,1.0,13,7.6923076923076925
41,530,2018,0.0,4,0.0
41,530,2019,1.0,14,7.142857142857142
41,530,2020,0.0,11,0.0
41,530,2021,0.0,6,0.0
41,530,2022,2.0,3,66.66666666666666
41,530,2023,0.0,5,0.0
41,530,2024,0.0,2,0.0
41,548,1998,4.0,129,3.10077519379845
41,548,1999,3.0,198,1.5151515151515151
41,548,2000,7.0,198,3.535353535353535
41,548,2001,6.0,180,3.3333333333333335
41,548,2002,5.0,177,2.824858757062147
41,548,2003,11.0,156,7.051282051282051
41,548,2004,1.0,143,0.6993006993006993
41,548,2005,4.0,121,3.3057851239669422
41,548,2006,6.0,149,4.026845637583892
41,548,2007,4.0,116,3.4482758620689653
41,548,2008,2.0,104,1.9230769230769231
41,548,2009,10.0,119,8.403361344537815
41,548,2010,3.0,111,2.7027027027027026
41,548,2011,2.0,109,1.834862385321101
41,548,2012,0.0,91,0.0
41,548,2013,3.0,106,2.8301886792452833
41,548,2014,3.0,85,3.5294117647058822
41,548,2015,2.0,78,2.564102564102564
41,548,2016,3.0,79,3.79746835443038
41,548,2017,3.0,72,4.166666666666666
41,548,2018,2.0,74,2.7027027027027026
41,548,2019,2.0,41,4.878048780487805
41,548,2020,4.0,57,7.017543859649122
41,548,2021,0.0,47,0.0
41,548,2022,2.0,26,7.6923076923076925
41,548,2023,1.0,26,3.8461538461538463
41,548,2024,0.0,16,0.0
41,551,1998,168.0,2949,5.696846388606307
41,551,1999,175.0,3172,5.51702395964691
41,551,2000,197.0,2988,6.593038821954485
41,551,2001,203.0,3261,6.2250843299601355
41,551,2002,185.0,3187,5.804832130530279
41,551,2003,159.0,3190,4.984326018808778
41,551,2004,155.0,3166,4.895767530006316
41,551,2005,151.0,3461,4.362900895694886
41,551,2006,223.0,3926,5.680081507896078
41,551,2007,238.0,4173,5.703330936975797
41,551,2008,218.0,4206,5.183071802187351
41,551,2009,198.0,4045,4.8949320148331275
41,551,2010,157.0,3870,4.056847545219639
41,551,2011,180.0,4290,4.195804195804196
41,551,2012,237.0,4706,5.036124096897578
41,551,2013,259.0,4816,5.377906976744186
41,551,2014,206.0,4757,4.330460374185411
41,551,2015,213.0,4569,4.661851608667105
41,551,2016,271.0,4802,5.643481882548938
41,551,2017,223.0,4899,4.551949377423964
41,551,2018,285.0,4775,5.968586387434556
41,551,2019,247.0,4446,5.555555555555555
41,551,2020,255.0,4306,5.9219693450998605
41,551,2021,296.0,4553,6.50120799472875
41,551,2022,320.0,4249,7.531183807954813
41,551,2023,267.0,4133,6.460198403097024
41,551,2024,212.0,3494,6.067544361763022
41,6,1998,0.0,131,0.0
41,6,1999,9.0,356,2.528089887640449
41,6,2000,9.0,435,2.0689655172413794
41,6,2001,6.0,298,2.013422818791946
41,6,2002,9.0,324,2.7777777777777777
41,6,2003,9.0,389,2.313624678663239
41,6,2004,8.0,391,2.0460358056265986
41,6,2005,8.0,340,2.3529411764705883
41,6,2006,5.0,313,1.5974440894568689
41,6,2007,9.0,240,3.75
41,6,2012,4.0,96,4.166666666666666
41,6,2013,6.0,84,7.142857142857142
41,615,1998,4.0,199,2.0100502512562812
41,615,1999,2.0,207,0.966183574879227
41,615,2000,5.0,200,2.5
41,615,2001,5.0,195,2.564102564102564
41,615,2002,3.0,183,1.639344262295082
41,615,2003,1.0,200,0.5
41,615,2004,2.0,178,1.1235955056179776
41,615,2005,1.0,182,0.5494505494505495
41,615,2006,2.0,125,1.6
41,615,2007,3.0,93,3.225806451612903
41,615,2008,1.0,55,1.8181818181818181
41,615,2009,0.0,77,0.0
41,615,2010,0.0,75,0.0
41,615,2011,0.0,56,0.0
41,615,2012,0.0,42,0.0
41,615,2013,0.0,41,0.0
41,615,2014,1.0,53,1.8867924528301887
41,615,2015,1.0,42,2.380952380952381
41,615,2016,0.0,36,0.0
41,615,2017,0.0,36,0.0
41,615,2018,0.0,35,0.0
41,615,2019,3.0,23,13.043478260869565
41,615,2020,1.0,18,5.555555555555555
41,615,2021,0.0,19,0.0
41,615,2022,0.0,13,0.0
41,615,2023,1.0,11,9.090909090909092
41,615,2024,2.0,9,22.22222222222222
41,660,1998,1.0,117,0.8547008547008548
41,660,1999,1.0,85,1.1764705882352942
41,660,2000,1.0,103,0.9708737864077669
41,660,2001,7.0,139,5.0359712230215825
41,660,2002,3.0,125,2.4
41,660,2003,0.0,78,0.0
41,660,2004,3.0,80,3.75
41,660,2005,1.0,87,1.1494252873563218
41,660,2006,4.0,80,5.0
41,660,2007,4.0,104,3.8461538461538463
41,660,2008,3.0,72,4.166666666666666
41,660,2009,4.0,51,7.8431372549019605
41,660,2010,0.0,70,0.0
41,660,2011,1.0,58,1.7241379310344827
41,660,2012,0.0,32,0.0
41,660,2013,1.0,47,2.127659574468085
41,660,2014,4.0,46,8.695652173913043
41,660,2015,2.0,40,5.0
41,660,2016,1.0,24,4.166666666666666
41,660,2017,1.0,35,2.857142857142857
41,660,2018,1.0,23,4.3478260869565215
41,660,2019,2.0,15,13.333333333333334
41,660,2020,3.0,17,17.647058823529413
41,660,2021,2.0,20,10.0
41,660,2022,1.0,14,7.142857142857142
41,660,2023,2.0,12,16.666666666666664
41,660,2024,1.0,8,12.5
41,668,1998,11.0,334,3.293413173652695
41,668,1999,19.0,380,5.0
41,668,2000,18.0,351,5.128205128205128
41,668,2001,10.0,351,2.849002849002849
41,668,2002,10.0,331,3.0211480362537766
41,668,2003,17.0,375,4.533333333333333
41,668,2004,17.0,338,5.029585798816568
41,668,2005,12.0,271,4.428044280442804
41,668,2006,12.0,217,5.529953917050691
41,668,2007,9.0,234,3.8461538461538463
41,668,2008,6.0,146,4.10958904109589
41,668,2009,8.0,131,6.106870229007633
41,668,2010,7.0,121,5.785123966942149
41,668,2011,9.0,127,7.086614173228346
41,668,2012,9.0,150,6.0
41,668,2013,3.0,86,3.488372093023256
41,668,2014,5.0,52,9.615384615384617
41,668,2015,3.0,41,7.317073170731707
41,668,2016,3.0,30,10.0
41,668,2017,4.0,31,12.903225806451612
41,668,2018,3.0,37,8.108108108108109
41,668,2019,3.0,32,9.375
41,668,2020,5.0,35,14.285714285714285
41,668,2021,4.0,30,13.333333333333334
41,668,2022,2.0,22,9.090909090909092
41,668,2023,2.0,13,15.384615384615385
41,668,2024,2.0,21,9.523809523809524
41,676,1998,3.0,132,2.272727272727273
41,676,1999,6.0,167,3.592814371257485
41,676,2000,5.0,162,3.0864197530864197
41,676,2001,7.0,188,3.723404255319149
41,676,2002,3.0,184,1.6304347826086956
41,676,2003,4.0,169,2.366863905325444
41,676,2004,5.0,144,3.4722222222222223
41,676,2005,2.0,122,1.639344262295082
41,676,2006,3.0,144,2.083333333333333
41,676,2007,1.0,119,0.8403361344537815
41,676,2008,0.0,80,0.0
41,676,2009,1.0,68,1.4705882352941175
41,676,2010,3.0,80,3.75
41,676,2011,1.0,71,1.4084507042253522
41,676,2012,3.0,87,3.4482758620689653
41,676,2013,2.0,61,3.278688524590164
41,676,2014,2.0,44,4.545454545454546
41,676,2015,1.0,55,1.8181818181818181
41,676,2016,1.0,32,3.125
41,676,2017,2.0,28,7.142857142857142
41,676,2018,2.0,24,8.333333333333332
41,676,2019,3.0,29,10.344827586206897
41,676,2020,3.0,45,6.666666666666667
41,676,2021,0.0,26,0.0
41,676,2022,5.0,33,15.151515151515152
41,676,2023,0.0,14,0.0
41,676,2024,4.0,19,21.052631578947366
41,770,1998,9.0,221,4.072398190045249
41,770,1999,8.0,183,4.371584699453552
41,770,2000,2.0,223,0.8968609865470852
41,770,2001,11.0,172,6.395348837209303
41,770,2002,7.0,166,4.216867469879518
41,770,2003,2.0,174,1.1494252873563218
41,770,2004,9.0,173,5.202312138728324
41,770,2005,5.0,174,2.8735632183908044
41,770,2006,3.0,115,2.608695652173913
41,770,2007,4.0,112,3.571428571428571
41,770,2008,4.0,106,3.7735849056603774
41,770,2009,2.0,95,2.1052631578947367
41,770,2010,10.0,133,7.518796992481203
41,770,2011,5.0,141,3.546099290780142
41,770,2012,6.0,185,3.2432432432432434
41,770,2013,8.0,174,4.597701149425287
41,770,2014,3.0,114,2.631578947368421
41,770,2015,1.0,89,1.1235955056179776
41,770,2016,2.0,116,1.7241379310344827
41,770,2017,8.0,113,7.079646017699115
41,770,2018,4.0,103,3.8834951456310676
41,770,2019,5.0,87,5.747126436781609
41,770,2020,2.0,87,2.2988505747126435
41,770,2021,6.0,88,6.8181818181818175
41,770,2022,2.0,48,4.166666666666666
41,770,2023,2.0,32,6.25
41,770,2024,0.0,43,0.0
41,78,1998,3.0,106,2.8301886792452833
41,78,1999,3.0,107,2.803738317757009
41,78,2000,4.0,109,3.669724770642202
41,78,2001,5.0,111,4.504504504504505
41,78,2002,5.0,111,4.504504504504505
41,78,2003,3.0,126,2.380952380952381
41,78,2004,3.0,83,3.614457831325301
41,78,2005,3.0,71,4.225352112676056
41,78,2006,2.0,75,2.666666666666667
41,78,2007,2.0,55,3.6363636363636362
41,78,2012,1.0,24,4.166666666666666
41,78,2013,1.0,39,2.564102564102564
41,791,1998,5.0,192,2.604166666666667
41,791,1999,5.0,226,2.2123893805309733
41,791,2000,6.0,235,2.553191489361702
41,791,2001,4.0,211,1.8957345971563981
41,791,2002,6.0,191,3.1413612565445024
41,791,2003,8.0,172,4.651162790697675
41,791,2004,5.0,220,2.272727272727273
41,791,2005,1.0,141,0.7092198581560284
41,791,2006,5.0,174,2.8735632183908044
41,791,2007,3.0,149,2.013422818791946
41,791,2008,0.0,97,0.0
41,791,2009,0.0,95,0.0
41,791,2010,2.0,86,2.3255813953488373
41,791,2011,4.0,95,4.2105263157894735
41,791,2012,3.0,125,2.4
41,791,2013,3.0,110,2.727272727272727
41,791,2014,2.0,78,2.564102564102564
41,791,2015,1.0,56,1.7857142857142856
41,791,2016,3.0,51,5.88235294117647
41,791,2017,1.0,32,3.125
41,791,2018,1.0,33,3.0303030303030303
41,791,2019,2.0,27,7.4074074074074066
41,791,2020,1.0,28,3.571428571428571
41,791,2021,0.0,20,0.0
41,791,2022,0.0,20,0.0
41,791,2023,1.0,8,12.5
41,791,2024,2.0,14,14.285714285714285
41,797,1998,0.0,118,0.0
41,797,1999,0.0,107,0.0
41,797,2000,0.0,130,0.0
41,797,2001,1.0,116,0.8620689655172413
41,797,2002,1.0,119,0.8403361344537815
41,797,2003,1.0,117,0.8547008547008548
41,797,2004,3.0,129,2.3255813953488373
41,797,2005,2.0,102,1.9607843137254901
41,797,2006,2.0,91,2.197802197802198
41,797,2007,1.0,74,1.3513513513513513
41,797,2008,1.0,88,1.1363636363636365
41,797,2009,2.0,60,3.3333333333333335
41,797,2010,1.0,72,1.3888888888888888
41,797,2011,0.0,73,0.0
41,797,2012,1.0,47,2.127659574468085
41,797,2013,3.0,57,5.263157894736842
41,797,2014,0.0,68,0.0
41,797,2015,0.0,50,0.0
41,797,2016,1.0,35,2.857142857142857
41,797,2017,3.0,35,8.571428571428571
41,797,2018,1.0,34,2.941176470588235
41,797,2019,1.0,23,4.3478260869565215
41,797,2020,2.0,23,8.695652173913043
41,797,2021,1.0,28,3.571428571428571
41,797,2022,1.0,14,7.142857142857142
41,797,2023,1.0,8,12.5
41,797,2024,1.0,7,14.285714285714285
41,799,1998,0.0,5,0.0
41,799,2000,0.0,3,0.0
41,799,2001,1.0,69,1.4492753623188406
41,799,2002,3.0,108,2.7777777777777777
41,799,2003,1.0,89,1.1235955056179776
41,799,2004,0.0,83,0.0
41,799,2005,1.0,56,1.7857142857142856
41,799,2006,3.0,83,3.614457831325301
41,799,2007,0.0,86,0.0
41,799,2008,0.0,41,0.0
41,799,2009,1.0,50,2.0
41,799,2010,3.0,69,4.3478260869565215
41,799,2011,0.0,47,0.0
41,799,2012,0.0,29,0.0
41,799,2013,1.0,27,3.7037037037037033
41,799,2014,0.0,20,0.0
41,799,2015,1.0,22,4.545454545454546
41,799,2016,0.0,23,0.0
41,799,2017,0.0,22,0.0
41,799,2018,2.0,14,14.285714285714285
41,799,2019,0.0,11,0.0
41,799,2020,0.0,25,0.0
41,799,2021,1.0,11,9.090909090909092
41,799,2022,1.0,12,8.333333333333332
41,799,2023,2.0,14,14.285714285714285
41,799,2024,0.0,12,0.0
41,801,1998,0.0,69,0.0
41,801,1999,1.0,96,1.0416666666666665
41,801,2000,0.0,117,0.0
41,801,2001,4.0,105,3.8095238095238098
41,801,2002,0.0,92,0.0
41,801,2003,1.0,99,1.0101010101010102
41,801,2004,2.0,89,2.247191011235955
41,801,2005,2.0,66,3.0303030303030303
41,801,2006,0.0,55,0.0
41,801,2007,2.0,37,5.405405405405405
41,801,2008,1.0,41,2.4390243902439024
41,801,2009,1.0,29,3.4482758620689653
41,801,2010,1.0,32,3.125
41,801,2011,1.0,41,2.4390243902439024
41,801,2012,1.0,39,2.564102564102564
41,801,2013,0.0,21,0.0
41,801,2014,2.0,29,6.896551724137931
41,801,2015,1.0,19,5.263157894736842
41,801,2016,1.0,11,9.090909090909092
41,801,2017,2.0,20,10.0
41,801,2018,0.0,13,0.0
41,801,2019,0.0,7,0.0
41,801,2020,0.0,11,0.0
41,801,2021,1.0,18,5.555555555555555
41,801,2022,1.0,19,5.263157894736842
41,801,2023,1.0,9,11.11111111111111
41,801,2024,1.0,9,11.11111111111111
41,807,1998,5.0,268,1.8656716417910446
41,807,1999,10.0,317,3.1545741324921135
41,807,2000,7.0,318,2.20125786163522
41,807,2001,9.0,275,3.272727272727273
41,807,2002,5.0,269,1.858736059479554
41,807,2003,5.0,252,1.984126984126984
41,807,2004,5.0,242,2.066115702479339
41,807,2005,2.0,192,1.0416666666666665
41,807,2006,1.0,117,0.8547008547008548
41,807,2007,3.0,95,3.1578947368421053
41,807,2008,1.0,49,2.0408163265306123
41,807,2009,1.0,71,1.4084507042253522
41,807,2010,1.0,51,1.9607843137254901
41,807,2011,2.0,57,3.508771929824561
41,807,2012,2.0,48,4.166666666666666
41,807,2013,1.0,44,2.272727272727273
41,807,2014,0.0,22,0.0
41,807,2015,0.0,14,0.0
41,807,2016,1.0,16,6.25
41,807,2017,3.0,18,16.666666666666664
41,807,2018,1.0,9,11.11111111111111
41,807,2019,2.0,13,15.384615384615385
41,807,2020,1.0,16,6.25
41,807,2021,0.0,18,0.0
41,807,2022,0.0,9,0.0
41,807,2023,3.0,13,23.076923076923077
41,807,2024,1.0,22,4.545454545454546
41,872,1998,3.0,80,3.75
41,872,1999,1.0,89,1.1235955056179776
41,872,2000,3.0,92,3.260869565217391
41,872,2001,3.0,62,4.838709677419355
41,872,2002,4.0,69,5.797101449275362
41,872,2003,2.0,69,2.898550724637681
41,872,2004,1.0,47,2.127659574468085
41,872,2005,0.0,33,0.0
41,872,2006,1.0,36,2.7777777777777777
41,872,2007,1.0,47,2.127659574468085
41,872,2008,0.0,25,0.0
41,872,2009,0.0,20,0.0
41,872,2010,0.0,14,0.0
41,872,2011,0.0,35,0.0
41,872,2012,0.0,24,0.0
41,872,2013,0.0,22,0.0
41,872,2014,0.0,8,0.0
41,872,2015,0.0,13,0.0
41,872,2016,0.0,10,0.0
41,872,2017,0.0,6,0.0
41,872,2018,0.0,5,0.0
41,872,2019,0.0,3,0.0
41,872,2020,0.0,10,0.0
41,872,2021,0.0,3,0.0
41,872,2023,0.0,1,0.0
41,885,1998,0.0,32,0.0
41,885,1999,0.0,80,0.0
41,885,2000,1.0,62,1.6129032258064515
41,885,2001,4.0,92,4.3478260869565215
41,885,2002,2.0,73,2.73972602739726
41,885,2003,0.0,66,0.0
41,885,2004,0.0,50,0.0
41,885,2005,0.0,38,0.0
41,885,2006,1.0,43,2.3255813953488373
41,885,2007,2.0,44,4.545454545454546
41,885,2008,0.0,41,0.0
41,885,2009,0.0,16,0.0
41,885,2010,2.0,19,10.526315789473683
41,885,2011,0.0,19,0.0
41,885,2012,0.0,15,0.0
41,885,2013,0.0,17,0.0
41,885,2014,1.0,12,8.333333333333332
41,885,2015,0.0,12,0.0
41,885,2016,0.0,6,0.0
41,885,2017,1.0,11,9.090909090909092
41,885,2018,0.0,14,0.0
41,885,2019,0.0,4,0.0
41,885,2020,0.0,9,0.0
41,885,2021,0.0,5,0.0
41,885,2022,1.0,6,16.666666666666664
41,885,2024,0.0,3,0.0
41,001,2008,870.0,9408,9.247448979591837
41,001,2009,871.0,9050,9.624309392265193
41,001,2010,724.0,8424,8.594491927825262
41,001,2011,805.0,9562,8.41874084919473
41,001,2014,804.0,9844,8.167411621292157
41,001,2015,917.0,9673,9.479995864778248
41,001,2016,858.0,9425,9.10344827586207
41,001,2017,889.0,9490,9.367755532139094
41,001,2018,777.0,8821,8.808525110531686
41,001,2019,752.0,8091,9.294277592386603
41,001,2020,658.0,7604,8.653340347185692
41,001,2021,794.0,7751,10.243839504580055
41,001,2022,738.0,7537,9.791694308080139
41,001,2023,707.0,7109,9.945139963426643
41,001,2024,610.0,6185,9.862570735650769
41,006,2008,4.0,181,2.209944751381215
41,006,2009,3.0,197,1.5228426395939088
41,006,2010,4.0,196,2.0408163265306123
41,006,2011,5.0,162,3.0864197530864197
41,006,2014,6.0,45,13.333333333333334
41,006,2015,5.0,44,11.363636363636363
41,006,2016,2.0,39,5.128205128205128
41,006,2017,2.0,49,4.081632653061225
41,006,2018,4.0,60,6.666666666666667
41,006,2019,2.0,61,3.278688524590164
41,006,2020,3.0,61,4.918032786885246
41,006,2021,4.0,43,9.30232558139535
41,006,2022,1.0,33,3.0303030303030303
41,006,2023,3.0,21,14.285714285714285
41,006,2024,2.0,18,11.11111111111111
41,013,2008,0.0,69,0.0
41,013,2009,1.0,50,2.0
41,013,2010,1.0,79,1.2658227848101267
41,013,2011,0.0,59,0.0
41,013,2014,2.0,31,6.451612903225806
41,013,2015,0.0,46,0.0
41,013,2016,2.0,38,5.263157894736842
41,013,2017,0.0,48,0.0
41,013,2018,1.0,20,5.0
41,013,2019,0.0,21,0.0
41,013,2020,0.0,23,0.0
41,013,2021,0.0,6,0.0
41,013,2022,0.0,7,0.0
41,013,2023,0.0,5,0.0
41,013,2024,0.0,4,0.0
41,016,2008,2.0,76,2.631578947368421
41,016,2009,0.0,86,0.0
41,016,2010,3.0,110,2.727272727272727
41,016,2011,0.0,60,0.0
41,016,2014,2.0,66,3.0303030303030303
41,016,2015,0.0,55,0.0
41,016,2016,0.0,33,0.0
41,016,2017,4.0,34,11.76470588235294
41,016,2018,2.0,30,6.666666666666667
41,016,2019,0.0,29,0.0
41,016,2020,1.0,23,4.3478260869565215
41,016,2021,2.0,29,6.896551724137931
41,016,2022,1.0,24,4.166666666666666
41,016,2023,1.0,12,8.333333333333332
41,016,2024,1.0,10,10.0
41,020,2008,3.0,185,1.6216216216216217
41,020,2009,2.0,153,1.3071895424836601
41,020,2010,6.0,145,4.137931034482759
41,020,2011,2.0,113,1.7699115044247788
41,020,2014,2.0,86,2.3255813953488373
41,020,2015,2.0,85,2.3529411764705883
41,020,2016,3.0,92,3.260869565217391
41,020,2017,2.0,84,2.380952380952381
41,020,2018,2.0,129,1.550387596899225
41,020,2019,5.0,112,4.464285714285714
41,020,2020,2.0,104,1.9230769230769231
41,020,2021,1.0,105,0.9523809523809524
41,020,2022,3.0,110,2.727272727272727
41,020,2023,1.0,69,1.4492753623188406
41,020,2024,2.0,39,5.128205128205128
41,026,2008,0.0,15,0.0
41,026,2009,1.0,5,20.0
41,026,2010,0.0,3,0.0
41,026,2011,0.0,1,0.0
41,078,2008,0.0,45,0.0
41,078,2009,0.0,55,0.0
41,078,2010,1.0,20,5.0
41,078,2011,1.0,24,4.166666666666666
41,078,2014,1.0,33,3.0303030303030303
41,078,2015,1.0,28,3.571428571428571
41,078,2016,2.0,21,9.523809523809524
41,078,2017,1.0,18,5.555555555555555
41,078,2018,1.0,24,4.166666666666666
41,078,2019,2.0,21,9.523809523809524
41,078,2020,1.0,32,3.125
41,078,2021,1.0,26,3.8461538461538463
41,078,2022,1.0,8,12.5
41,078,2023,0.0,10,0.0
41,078,2024,0.0,9,0.0
44,1,1998,190.0,3105,6.119162640901772
44,1,1999,187.0,2971,6.294177044766072
44,1,2000,216.0,3104,6.958762886597938
44,1,2001,255.0,3249,7.848568790397045
44,1,2002,240.0,3319,7.231093702922567
44,1,2003,264.0,3466,7.6168493941142525
44,1,2004,220.0,3233,6.804825239715434
44,1,2005,368.0,3973,9.262522023659702
44,1,2006,410.0,4203,9.754936949797763
44,1,2007,515.0,4394,11.720527992717342
44,1,2012,453.0,5176,8.751931993817621
44,1,2013,491.0,5009,9.802355759632661
44,110,1998,3.0,53,5.660377358490567
44,110,1999,0.0,44,0.0
44,110,2000,3.0,60,5.0
44,110,2001,5.0,76,6.578947368421052
44,110,2002,3.0,58,5.172413793103448
44,110,2003,2.0,73,2.73972602739726
44,110,2004,1.0,62,1.6129032258064515
44,110,2005,6.0,51,11.76470588235294
44,110,2006,2.0,42,4.761904761904762
44,110,2007,3.0,36,8.333333333333332
44,110,2008,1.0,45,2.2222222222222223
44,110,2009,2.0,28,7.142857142857142
44,110,2010,3.0,33,9.090909090909092
44,110,2011,0.0,16,0.0
44,110,2012,0.0,29,0.0
44,110,2013,0.0,10,0.0
44,110,2014,1.0,8,12.5
44,110,2015,0.0,4,0.0
44,110,2017,0.0,3,0.0
44,110,2018,0.0,13,0.0
44,110,2019,0.0,12,0.0
44,110,2020,0.0,32,0.0
44,110,2021,2.0,22,9.090909090909092
44,110,2022,0.0,11,0.0
44,110,2023,0.0,7,0.0
44,110,2024,0.0,10,0.0
44,279,1998,18.0,360,5.0
44,279,1999,27.0,375,7.199999999999999
44,279,2000,19.0,317,5.993690851735016
44,279,2001,17.0,342,4.970760233918129
44,279,2002,12.0,363,3.3057851239669422
44,279,2003,15.0,377,3.978779840848806
44,279,2004,19.0,364,5.21978021978022
44,279,2005,19.0,319,5.956112852664576
44,279,2006,12.0,370,3.2432432432432434
44,279,2007,14.0,293,4.778156996587031
44,279,2008,14.0,207,6.763285024154589
44,279,2009,12.0,228,5.263157894736842
44,279,2010,7.0,202,3.4653465346534658
44,279,2011,9.0,177,5.084745762711865
44,279,2012,10.0,133,7.518796992481203
44,279,2013,7.0,100,7.000000000000001
44,279,2014,6.0,92,6.521739130434782
44,279,2015,3.0,68,4.411764705882353
44,279,2016,0.0,59,0.0
44,279,2017,2.0,69,2.898550724637681
44,279,2018,3.0,68,4.411764705882353
44,279,2019,4.0,51,7.8431372549019605
44,279,2020,7.0,89,7.865168539325842
44,279,2021,4.0,58,6.896551724137931
44,279,2022,3.0,46,6.521739130434782
44,279,2023,2.0,42,4.761904761904762
44,279,2024,3.0,46,6.521739130434782
44,35,2000,2.0,22,9.090909090909092
44,35,2001,0.0,54,0.0
44,35,2002,5.0,74,6.756756756756757
44,35,2003,5.0,63,7.936507936507936
44,35,2004,5.0,59,8.47457627118644
44,35,2005,2.0,156,1.282051282051282
44,35,2006,10.0,182,5.4945054945054945
44,35,2007,20.0,171,11.695906432748536
44,35,2012,11.0,147,7.482993197278912
44,35,2013,12.0,131,9.16030534351145
44,378,1998,4.0,79,5.063291139240507
44,378,1999,5.0,110,4.545454545454546
44,378,2000,5.0,99,5.05050505050505
44,378,2001,3.0,34,8.823529411764707
44,378,2002,1.0,2,50.0
44,378,2003,10.0,83,12.048192771084338
44,378,2004,5.0,81,6.172839506172839
44,378,2005,14.0,97,14.432989690721648
44,378,2006,8.0,63,12.698412698412698
44,378,2007,3.0,98,3.061224489795918
44,378,2008,2.0,102,1.9607843137254901
44,378,2009,1.0,77,1.2987012987012987
44,378,2010,4.0,79,5.063291139240507
44,378,2011,2.0,110,1.8181818181818181
44,378,2012,8.0,112,7.142857142857142
44,378,2013,1.0,104,0.9615384615384616
44,378,2014,3.0,42,7.142857142857142
44,378,2015,2.0,47,4.25531914893617
44,378,2016,0.0,43,0.0
44,378,2017,0.0,44,0.0
44,378,2018,5.0,78,6.41025641025641
44,378,2019,9.0,137,6.569343065693431
44,378,2020,6.0,101,5.9405940594059405
44,378,2021,11.0,121,9.090909090909092
44,378,2022,14.0,80,17.5
44,378,2023,6.0,73,8.21917808219178
44,378,2024,8.0,41,19.51219512195122
44,420,1998,0.0,4,0.0
44,420,1999,0.0,5,0.0
44,420,2000,0.0,5,0.0
44,420,2001,2.0,9,22.22222222222222
44,420,2002,0.0,7,0.0
44,420,2003,0.0,3,0.0
44,420,2004,0.0,9,0.0
44,420,2005,0.0,24,0.0
44,420,2006,0.0,16,0.0
44,420,2007,1.0,23,4.3478260869565215
44,420,2008,0.0,14,0.0
44,420,2009,2.0,20,10.0
44,420,2010,0.0,8,0.0
44,420,2011,0.0,10,0.0
44,420,2012,0.0,13,0.0
44,420,2013,0.0,9,0.0
44,420,2014,0.0,6,0.0
44,420,2015,0.0,2,0.0
44,420,2017,0.0,1,0.0
44,420,2018,0.0,4,0.0
44,420,2019,0.0,4,0.0
44,420,2020,2.0,4,50.0
44,420,2021,0.0,8,0.0
44,420,2022,1.0,11,9.090909090909092
44,420,2023,1.0,5,20.0
44,420,2024,0.0,4,0.0
44,430,1998,112.0,1617,6.926406926406926
44,430,1999,109.0,2027,5.377405032067094
44,430,2000,117.0,2342,4.995730145175064
44,430,2001,142.0,2463,5.765326837190418
44,430,2002,156.0,2667,5.849268841394826
44,430,2003,174.0,2823,6.163655685441021
44,430,2004,162.0,2816,5.752840909090909
44,430,2005,163.0,2869,5.681422098292088
44,430,2006,115.0,2961,3.883823032759203
44,430,2007,140.0,2933,4.77326968973747
44,430,2008,152.0,3047,4.98851329176239
44,430,2009,181.0,3354,5.396541443053071
44,430,2010,247.0,3214,7.685127566894836
44,430,2011,252.0,3536,7.126696832579185
44,430,2012,241.0,3323,7.252482696358712
44,430,2013,212.0,2929,7.237965175827927
44,430,2014,283.0,3585,7.894002789400279
44,430,2015,286.0,3414,8.37727006444054
44,430,2016,296.0,3680,8.043478260869565
44,430,2017,339.0,4353,7.787732598208132
44,430,2018,506.0,5907,8.56610800744879
44,430,2019,604.0,7284,8.292147171883581
44,430,2020,658.0,6664,9.873949579831933
44,430,2021,760.0,7316,10.38819026790596
44,430,2022,721.0,6667,10.814459277036148
44,430,2023,757.0,5960,12.701342281879194
44,430,2024,656.0,5026,13.052128929566257
44,560,1998,32.0,194,16.49484536082474
44,560,1999,31.0,269,11.524163568773234
44,560,2000,30.0,254,11.811023622047244
44,560,2001,16.0,120,13.333333333333334
44,560,2002,32.0,321,9.968847352024921
44,560,2003,38.0,357,10.644257703081232
44,560,2004,60.0,421,14.251781472684085
44,560,2005,58.0,403,14.392059553349876
44,560,2006,32.0,387,8.2687338501292
44,560,2007,46.0,414,11.11111111111111
44,560,2008,40.0,433,9.237875288683602
44,560,2009,45.0,358,12.569832402234638
44,560,2010,31.0,313,9.904153354632587
44,560,2011,29.0,274,10.583941605839415
44,560,2012,12.0,162,7.4074074074074066
44,560,2013,32.0,234,13.675213675213676
44,560,2014,25.0,374,6.684491978609626
44,560,2015,27.0,271,9.96309963099631
44,560,2016,50.0,444,11.26126126126126
44,560,2017,51.0,417,12.23021582733813
44,560,2018,39.0,386,10.103626943005182
44,560,2019,43.0,404,10.643564356435643
44,560,2020,72.0,505,14.257425742574256
44,560,2021,60.0,603,9.950248756218906
44,560,2022,61.0,537,11.359404096834265
44,560,2023,85.0,642,13.239875389408098
44,560,2024,90.0,637,14.128728414442701
44,650,1998,119.0,1069,11.131898971000934
44,650,1999,133.0,1517,8.767303889255109
44,650,2000,158.0,1622,9.741060419235511
44,650,2001,158.0,1498,10.54739652870494
44,650,2002,143.0,1546,9.249676584734798
44,650,2003,134.0,1446,9.266943291839558
44,650,2004,100.0,1339,7.468259895444361
44,650,2005,114.0,1521,7.495069033530571
44,650,2006,123.0,1594,7.716436637390213
44,650,2007,116.0,1519,7.636603028308098
44,650,2008,131.0,1627,8.051628764597417
44,650,2009,150.0,1722,8.710801393728223
44,650,2010,199.0,2073,9.599614085865895
44,650,2011,236.0,2338,10.094097519247219
44,650,2012,342.0,2821,12.123360510457285
44,650,2013,330.0,2709,12.181616832779623
44,650,2014,361.0,2918,12.371487320082249
44,650,2015,324.0,3213,10.084033613445378
44,650,2016,295.0,3177,9.285489455461127
44,650,2017,340.0,3445,9.869375907111756
44,650,2018,304.0,3520,8.636363636363637
44,650,2019,344.0,3817,9.012313335079906
44,650,2020,360.0,3743,9.617953513224686
44,650,2021,320.0,3717,8.609093354856066
44,650,2022,269.0,3142,8.56142584341184
44,650,2023,231.0,2885,8.006932409012132
44,650,2024,232.0,2414,9.610604805302403
44,78,1998,19.0,210,9.047619047619047
44,78,1999,19.0,274,6.934306569343065
44,78,2000,7.0,154,4.545454545454546
44,78,2001,24.0,335,7.164179104477612
44,78,2002,14.0,316,4.430379746835443
44,78,2003,1.0,7,14.285714285714285
44,78,2004,20.0,515,3.8834951456310676
44,78,2005,24.0,594,4.040404040404041
44,78,2006,20.0,628,3.1847133757961785
44,78,2007,27.0,616,4.383116883116883
44,78,2012,7.0,188,3.723404255319149
44,78,2013,7.0,157,4.45859872611465
44,847,1998,44.0,521,8.445297504798464
44,847,1999,55.0,554,9.927797833935017
44,847,2000,46.0,475,9.68421052631579
44,847,2001,42.0,418,10.047846889952153
44,847,2002,31.0,373,8.310991957104557
44,847,2003,31.0,306,10.130718954248366
44,847,2004,17.0,286,5.944055944055944
44,847,2005,25.0,316,7.9113924050632916
44,847,2006,54.0,592,9.121621621621621
44,847,2007,39.0,520,7.5
44,847,2008,56.0,708,7.909604519774012
44,847,2009,49.0,840,5.833333333333333
44,847,2010,24.0,933,2.572347266881029
44,847,2011,32.0,637,5.023547880690738
44,847,2012,45.0,849,5.30035335689046
44,847,2013,133.0,1506,8.831341301460824
44,847,2014,127.0,1707,7.439953134153486
44,847,2015,175.0,2061,8.49102377486657
44,847,2016,268.0,2336,11.472602739726028
44,847,2017,236.0,2757,8.560029017047516
44,847,2018,316.0,3646,8.667032364234778
44,847,2019,384.0,4118,9.324915007285089
44,847,2020,343.0,4089,8.38835901198337
44,847,2021,530.0,5239,10.1164344340523
44,847,2022,507.0,4784,10.597826086956522
44,847,2023,493.0,4622,10.666378191259195
44,847,2024,419.0,4081,10.26709139916687
44,855,1998,8.0,129,6.2015503875969
44,855,1999,7.0,132,5.303030303030303
44,855,2000,6.0,150,4.0
44,855,2001,9.0,131,6.870229007633588
44,855,2002,6.0,129,4.651162790697675
44,855,2003,1.0,105,0.9523809523809524
44,855,2004,5.0,87,5.747126436781609
44,855,2005,3.0,75,4.0
44,855,2006,5.0,67,7.462686567164178
44,855,2007,3.0,50,6.0
44,855,2008,2.0,20,10.0
44,855,2009,0.0,18,0.0
44,855,2010,1.0,32,3.125
44,855,2011,1.0,15,6.666666666666667
44,855,2012,1.0,17,5.88235294117647
44,855,2013,0.0,28,0.0
44,855,2014,0.0,8,0.0
44,855,2015,0.0,4,0.0
44,855,2016,0.0,3,0.0
44,855,2017,2.0,8,25.0
44,855,2018,2.0,9,22.22222222222222
44,855,2019,0.0,16,0.0
44,855,2020,1.0,9,11.11111111111111
44,855,2021,2.0,23,8.695652173913043
44,855,2022,2.0,15,13.333333333333334
44,855,2023,0.0,2,0.0
44,874,1998,19.0,331,5.740181268882175
44,874,1999,15.0,260,5.769230769230769
44,874,2000,16.0,258,6.2015503875969
44,874,2001,20.0,284,7.042253521126761
44,874,2002,28.0,275,10.181818181818182
44,874,2003,15.0,204,7.352941176470589
44,874,2004,10.0,239,4.184100418410042
44,874,2005,14.0,243,5.761316872427984
44,874,2006,8.0,188,4.25531914893617
44,874,2007,14.0,219,6.392694063926941
44,874,2008,13.0,192,6.770833333333333
44,874,2009,7.0,156,4.487179487179487
44,874,2010,9.0,108,8.333333333333332
44,874,2011,1.0,93,1.0752688172043012
44,874,2012,3.0,108,2.7777777777777777
44,874,2013,7.0,94,7.446808510638298
44,874,2014,2.0,81,2.4691358024691357
44,874,2015,3.0,76,3.9473684210526314
44,874,2016,2.0,91,2.197802197802198
44,874,2017,2.0,66,3.0303030303030303
44,874,2018,3.0,75,4.0
44,874,2019,1.0,77,1.2987012987012987
44,874,2020,1.0,113,0.8849557522123894
44,874,2021,4.0,104,3.8461538461538463
44,874,2022,1.0,76,1.3157894736842104
44,874,2023,5.0,51,9.803921568627452
44,874,2024,2.0,41,4.878048780487805
44,90,1998,0.0,44,0.0
44,90,1999,2.0,50,4.0
44,90,2000,2.0,68,2.941176470588235
44,90,2001,6.0,114,5.263157894736842
44,90,2002,2.0,102,1.9607843137254901
44,90,2003,11.0,148,7.4324324324324325
44,90,2004,2.0,61,3.278688524590164
44,90,2005,3.0,212,1.4150943396226416
44,90,2006,8.0,203,3.9408866995073892
44,90,2007,10.0,192,5.208333333333334
44,90,2012,0.0,98,0.0
44,90,2013,5.0,88,5.681818181818182
44,98,1998,0.0,4,0.0
44,98,1999,5.0,30,16.666666666666664
44,98,2000,1.0,126,0.7936507936507936
44,98,2001,0.0,107,0.0
44,98,2002,1.0,86,1.1627906976744187
44,98,2003,0.0,91,0.0
44,98,2004,2.0,93,2.1505376344086025
44,98,2005,2.0,71,2.8169014084507045
44,98,2006,0.0,64,0.0
44,98,2007,0.0,47,0.0
44,98,2012,0.0,48,0.0
44,98,2013,2.0,38,5.263157894736842
44,001,2008,584.0,4591,12.720540187323023
44,001,2009,476.0,4511,10.55198403901574
44,001,2010,422.0,4391,9.610567069004784
44,001,2011,464.0,4928,9.415584415584416
44,001,2014,491.0,5441,9.024076456533725
44,001,2015,479.0,5611,8.536802708964535
44,001,2016,524.0,5771,9.07988216946803
44,001,2017,592.0,6064,9.762532981530343
44,001,2018,708.0,6796,10.417892878163626
44,001,2019,764.0,7461,10.239914220613858
44,001,2020,694.0,6994,9.922790963683157
44,001,2021,754.0,7401,10.187812457775976
44,001,2022,783.0,6840,11.447368421052632
44,001,2023,808.0,6308,12.809131261889664
44,001,2024,653.0,5297,12.327732678874835
44,035,2008,8.0,197,4.060913705583756
44,035,2009,10.0,179,5.58659217877095
44,035,2010,9.0,180,5.0
44,035,2011,5.0,144,3.4722222222222223
44,035,2014,7.0,100,7.000000000000001
44,035,2015,8.0,97,8.24742268041237
44,035,2016,10.0,93,10.75268817204301
44,035,2017,8.0,135,5.9259259259259265
44,035,2018,19.0,173,10.982658959537572
44,035,2019,22.0,179,12.290502793296088
44,035,2020,18.0,199,9.045226130653267
44,035,2021,12.0,220,5.454545454545454
44,035,2022,10.0,153,6.535947712418301
44,035,2023,9.0,99,9.090909090909092
44,035,2024,18.0,131,13.740458015267176
44,078,2008,21.0,549,3.825136612021858
44,078,2009,14.0,547,2.5594149908592323
44,078,2010,5.0,251,1.9920318725099602
44,078,2011,3.0,92,3.260869565217391
44,078,2014,8.0,119,6.722689075630252
44,078,2015,7.0,100,7.000000000000001
44,078,2016,6.0,69,8.695652173913043
44,078,2017,6.0,71,8.450704225352112
44,078,2018,4.0,118,3.389830508474576
44,078,2019,13.0,152,8.552631578947368
44,078,2020,11.0,153,7.18954248366013
44,078,2021,16.0,142,11.267605633802818
44,078,2022,11.0,128,8.59375
44,078,2023,3.0,83,3.614457831325301
44,078,2024,6.0,80,7.5
44,090,2008,14.0,182,7.6923076923076925
44,090,2009,12.0,177,6.779661016949152
44,090,2010,4.0,153,2.6143790849673203
44,090,2011,3.0,112,2.6785714285714284
44,090,2014,6.0,94,6.382978723404255
44,090,2015,8.0,63,12.698412698412698
44,090,2016,1.0,46,2.1739130434782608
44,090,2017,4.0,92,4.3478260869565215
44,090,2018,9.0,113,7.964601769911504
44,090,2019,6.0,120,5.0
44,090,2020,6.0,152,3.9473684210526314
44,090,2021,8.0,166,4.819277108433735
44,090,2022,6.0,80,7.5
44,090,2023,7.0,96,7.291666666666667
44,090,2024,1.0,43,2.3255813953488373
44,098,2008,0.0,67,0.0
44,098,2009,0.0,46,0.0
44,098,2010,2.0,67,2.9850746268656714
44,098,2011,1.0,61,1.639344262295082
44,098,2014,2.0,32,6.25
44,098,2015,4.0,28,14.285714285714285
44,098,2016,1.0,28,3.571428571428571
44,098,2017,0.0,7,0.0
44,098,2018,1.0,18,5.555555555555555
44,098,2019,1.0,27,3.7037037037037033
44,098,2020,1.0,19,5.263157894736842
44,098,2021,1.0,19,5.263157894736842
44,098,2022,1.0,10,10.0
44,098,2023,0.0,7,0.0
44,098,2024,0.0,17,0.0
47,1,1998,602.0,8760,6.872146118721462
47,1,1999,568.0,9124,6.2253397632617276
47,1,2000,670.0,9734,6.883090199301417
47,1,2001,666.0,9887,6.736118134924649
47,1,2002,642.0,9309,6.896551724137931
47,1,2003,709.0,9767,7.259137913381795
47,1,2004,817.0,9914,8.24087149485576
47,1,2005,666.0,9474,7.029765674477517
47,1,2006,701.0,9315,7.525496511003757
47,1,2007,796.0,9551,8.334205842320177
47,1,2012,1102.0,10573,10.42277499290646
47,1,2013,1114.0,10374,10.73838442259495
47,161,1998,10.0,183,5.46448087431694
47,161,1999,8.0,151,5.298013245033113
47,161,2000,5.0,140,3.571428571428571
47,161,2001,2.0,112,1.7857142857142856
47,161,2002,5.0,147,3.4013605442176873
47,161,2003,4.0,114,3.508771929824561
47,161,2004,2.0,103,1.9417475728155338
47,161,2005,4.0,141,2.8368794326241136
47,161,2006,4.0,127,3.149606299212598
47,161,2007,3.0,100,3.0
47,161,2008,2.0,108,1.8518518518518516
47,161,2009,4.0,89,4.49438202247191
47,161,2010,2.0,97,2.0618556701030926
47,161,2011,4.0,84,4.761904761904762
47,161,2012,1.0,77,1.2987012987012987
47,161,2013,3.0,67,4.477611940298507
47,161,2014,0.0,31,0.0
47,161,2015,0.0,40,0.0
47,161,2016,0.0,39,0.0
47,161,2017,2.0,48,4.166666666666666
47,161,2018,3.0,44,6.8181818181818175
47,161,2019,1.0,33,3.0303030303030303
47,161,2020,0.0,30,0.0
47,161,2021,1.0,21,4.761904761904762
47,161,2022,0.0,13,0.0
47,161,2023,0.0,19,0.0
47,161,2024,0.0,4,0.0
47,170,1998,5.0,156,3.205128205128205
47,170,1999,2.0,135,1.4814814814814816
47,170,2000,10.0,292,3.4246575342465753
47,170,2001,12.0,222,5.405405405405405
47,170,2002,15.0,247,6.0728744939271255
47,170,2003,13.0,312,4.166666666666666
47,170,2004,18.0,310,5.806451612903226
47,170,2005,9.0,271,3.3210332103321036
47,170,2006,21.0,317,6.624605678233439
47,170,2007,10.0,284,3.5211267605633805
47,170,2008,13.0,243,5.349794238683128
47,170,2009,14.0,271,5.166051660516605
47,170,2010,10.0,223,4.484304932735426
47,170,2011,4.0,172,2.3255813953488373
47,170,2012,5.0,174,2.8735632183908044
47,170,2013,10.0,160,6.25
47,170,2014,9.0,135,6.666666666666667
47,170,2015,2.0,90,2.2222222222222223
47,170,2016,4.0,106,3.7735849056603774
47,170,2017,5.0,88,5.681818181818182
47,170,2018,2.0,100,2.0
47,170,2019,2.0,93,2.1505376344086025
47,170,2020,3.0,133,2.2556390977443606
47,170,2021,0.0,75,0.0
47,170,2022,4.0,90,4.444444444444445
47,170,2023,3.0,70,4.285714285714286
47,170,2024,1.0,31,3.225806451612903
47,189,1998,103.0,2039,5.051495831289848
47,189,1999,106.0,2087,5.079060852898898
47,189,2000,132.0,2184,6.043956043956044
47,189,2001,60.0,1641,3.656307129798903
47,189,2002,113.0,2155,5.243619489559165
47,189,2003,110.0,2444,4.500818330605565
47,189,2004,105.0,2356,4.456706281833616
47,189,2005,102.0,2331,4.375804375804376
47,189,2006,210.0,2500,8.4
47,189,2007,145.0,2615,5.544933078393881
47,189,2008,190.0,2282,8.326029798422436
47,189,2009,194.0,2606,7.444359171143515
47,189,2010,202.0,2233,9.046126287505597
47,189,2011,176.0,2274,7.739665787159191
47,189,2012,208.0,2409,8.634288086342881
47,189,2013,230.0,2442,9.41850941850942
47,189,2014,180.0,2498,7.205764611689351
47,189,2015,185.0,2349,7.875691783737761
47,189,2016,210.0,2465,8.519269776876268
47,189,2017,228.0,3066,7.436399217221135
47,189,2018,195.0,3386,5.759007678676905
47,189,2019,248.0,3529,7.027486540096345
47,189,2020,229.0,3489,6.5634852393235885
47,189,2021,325.0,3680,8.831521739130435
47,189,2022,190.0,3114,6.101477199743096
47,189,2023,208.0,2663,7.810739767179872
47,189,2024,153.0,1909,8.014667365112624
47,205,1998,0.0,12,0.0
47,205,1999,6.0,87,6.896551724137931
47,205,2000,4.0,144,2.7777777777777777
47,205,2001,7.0,112,6.25
47,205,2002,3.0,66,4.545454545454546
47,205,2003,7.0,88,7.954545454545454
47,205,2004,7.0,99,7.07070707070707
47,205,2005,10.0,121,8.264462809917356
47,205,2006,7.0,109,6.422018348623854
47,205,2007,7.0,118,5.932203389830509
47,205,2008,5.0,115,4.3478260869565215
47,205,2009,4.0,103,3.8834951456310676
47,205,2010,5.0,109,4.587155963302752
47,205,2011,5.0,113,4.424778761061947
47,205,2012,3.0,93,3.225806451612903
47,205,2013,1.0,51,1.9607843137254901
47,205,2014,0.0,31,0.0
47,205,2015,0.0,45,0.0
47,205,2016,1.0,26,3.8461538461538463
47,205,2017,1.0,26,3.8461538461538463
47,205,2018,1.0,18,5.555555555555555
47,205,2019,0.0,27,0.0
47,205,2020,3.0,44,6.8181818181818175
47,205,2021,3.0,52,5.769230769230769
47,205,2022,1.0,30,3.3333333333333335
47,205,2023,0.0,24,0.0
47,205,2024,1.0,10,10.0
47,245,1998,27.0,833,3.241296518607443
47,245,1999,60.0,1186,5.059021922428331
47,245,2000,30.0,939,3.1948881789137378
47,245,2001,19.0,806,2.357320099255583
47,245,2002,38.0,1061,3.581526861451461
47,245,2003,57.0,1332,4.2792792792792795
47,245,2004,55.0,1600,3.4375000000000004
47,245,2005,52.0,1577,3.2974001268230815
47,245,2006,42.0,1503,2.7944111776447107
47,245,2007,45.0,1448,3.1077348066298343
47,245,2008,49.0,1590,3.0817610062893084
47,245,2009,63.0,1802,3.4961154273029966
47,245,2010,51.0,1644,3.102189781021898
47,245,2011,107.0,2048,5.224609375
47,245,2012,140.0,2320,6.0344827586206895
47,245,2013,100.0,2023,4.9431537320810675
47,245,2014,173.0,2457,7.041107041107041
47,245,2015,197.0,2503,7.87055533359968
47,245,2016,193.0,2997,6.439773106439774
47,245,2017,252.0,3541,7.1166337192883375
47,245,2018,208.0,3206,6.487835308796007
47,245,2019,181.0,2970,6.094276094276094
47,245,2020,186.0,2920,6.36986301369863
47,245,2021,203.0,3434,5.911473500291206
47,245,2022,182.0,3004,6.058588548601864
47,245,2023,197.0,2505,7.864271457085828
47,245,2024,168.0,2087,8.049832295160519
47,258,1998,5.0,125,4.0
47,258,1999,7.0,182,3.8461538461538463
47,258,2000,20.0,218,9.174311926605505
47,258,2001,4.0,68,5.88235294117647
47,258,2002,6.0,139,4.316546762589928
47,258,2003,1.0,183,0.546448087431694
47,258,2004,8.0,168,4.761904761904762
47,258,2005,13.0,154,8.441558441558442
47,258,2006,13.0,114,11.403508771929824
47,258,2007,9.0,146,6.164383561643835
47,258,2008,8.0,123,6.504065040650407
47,258,2009,4.0,140,2.857142857142857
47,258,2010,4.0,124,3.225806451612903
47,258,2011,1.0,106,0.9433962264150944
47,258,2012,5.0,130,3.8461538461538463
47,258,2013,4.0,109,3.669724770642202
47,258,2014,1.0,67,1.4925373134328357
47,258,2015,1.0,82,1.2195121951219512
47,258,2016,1.0,57,1.7543859649122806
47,258,2017,1.0,51,1.9607843137254901
47,258,2018,1.0,50,2.0
47,258,2019,0.0,58,0.0
47,258,2020,2.0,42,4.761904761904762
47,258,2021,1.0,39,2.564102564102564
47,258,2022,0.0,46,0.0
47,258,2023,0.0,22,0.0
47,258,2024,0.0,6,0.0
47,268,1998,4.0,114,3.508771929824561
47,268,1999,1.0,168,0.5952380952380952
47,268,2000,4.0,143,2.797202797202797
47,268,2001,0.0,75,0.0
47,268,2002,2.0,82,2.4390243902439024
47,268,2003,6.0,138,4.3478260869565215
47,268,2004,6.0,204,2.941176470588235
47,268,2005,2.0,261,0.7662835249042145
47,268,2006,7.0,228,3.070175438596491
47,268,2007,3.0,212,1.4150943396226416
47,268,2008,4.0,162,2.4691358024691357
47,268,2009,2.0,117,1.7094017094017095
47,268,2010,2.0,99,2.0202020202020203
47,268,2011,5.0,113,4.424778761061947
47,268,2012,3.0,66,4.545454545454546
47,268,2013,4.0,50,8.0
47,268,2014,1.0,28,3.571428571428571
47,268,2015,2.0,28,7.142857142857142
47,268,2016,2.0,48,4.166666666666666
47,268,2017,0.0,38,0.0
47,268,2018,1.0,21,4.761904761904762
47,268,2019,2.0,34,5.88235294117647
47,268,2020,1.0,65,1.5384615384615385
47,268,2021,2.0,54,3.7037037037037033
47,268,2022,3.0,71,4.225352112676056
47,268,2023,0.0,39,0.0
47,268,2024,0.0,17,0.0
47,288,1998,20.0,260,7.6923076923076925
47,288,1999,10.0,248,4.032258064516129
47,288,2000,9.0,349,2.5787965616045847
47,288,2001,18.0,721,2.496532593619972
47,288,2002,20.0,761,2.628120893561104
47,288,2003,33.0,1629,2.0257826887661143
47,288,2004,57.0,1712,3.3294392523364484
47,288,2005,48.0,1654,2.902055622732769
47,288,2006,53.0,1761,3.0096536059057355
47,288,2007,44.0,1732,2.5404157043879905
47,288,2008,84.0,1772,4.740406320541761
47,288,2009,67.0,1789,3.7451089994410283
47,288,2010,80.0,2293,3.488879197557784
47,288,2011,61.0,2166,2.816251154201293
47,288,2012,23.0,2283,1.0074463425317566
47,288,2013,59.0,2347,2.513847464848743
47,288,2014,57.0,2239,2.5457793657882983
47,288,2015,57.0,2236,2.5491949910554563
47,288,2016,36.0,2041,1.7638412542871142
47,288,2017,55.0,2327,2.3635582294800175
47,288,2018,76.0,2476,3.0694668820678515
47,288,2019,68.0,2560,2.65625
47,288,2020,79.0,2660,2.9699248120300754
47,288,2021,121.0,2601,4.652056901191849
47,288,2022,88.0,2249,3.9128501556247217
47,288,2023,89.0,1843,4.829083016820402
47,288,2024,56.0,1573,3.560076287349015
47,30,1999,0.0,4,0.0
47,30,2000,1.0,6,16.666666666666664
47,30,2001,3.0,89,3.3707865168539324
47,30,2002,7.0,116,6.0344827586206895
47,30,2003,2.0,130,1.5384615384615385
47,30,2004,7.0,131,5.343511450381679
47,30,2005,5.0,156,3.205128205128205
47,30,2006,5.0,112,4.464285714285714
47,30,2007,2.0,163,1.2269938650306749
47,30,2012,6.0,122,4.918032786885246
47,30,2013,1.0,75,1.3333333333333335
47,318,1998,20.0,296,6.756756756756757
47,318,1999,35.0,365,9.58904109589041
47,318,2000,25.0,341,7.331378299120235
47,318,2001,10.0,205,4.878048780487805
47,318,2002,6.0,155,3.870967741935484
47,318,2003,8.0,149,5.369127516778524
47,318,2004,8.0,181,4.41988950276243
47,318,2005,16.0,221,7.239819004524888
47,318,2006,3.0,194,1.5463917525773196
47,318,2007,15.0,205,7.317073170731707
47,318,2008,10.0,200,5.0
47,318,2009,12.0,242,4.958677685950414
47,318,2010,15.0,204,7.352941176470589
47,318,2011,7.0,197,3.5532994923857872
47,318,2012,4.0,171,2.3391812865497075
47,318,2013,3.0,169,1.7751479289940828
47,318,2014,10.0,173,5.780346820809249
47,318,2015,3.0,158,1.89873417721519
47,318,2016,6.0,128,4.6875
47,318,2017,10.0,108,9.25925925925926
47,318,2018,3.0,121,2.479338842975207
47,318,2019,1.0,109,0.9174311926605505
47,318,2020,4.0,104,3.8461538461538463
47,318,2021,1.0,83,1.2048192771084338
47,318,2022,4.0,58,6.896551724137931
47,318,2023,2.0,34,5.88235294117647
47,318,2024,1.0,38,2.631578947368421
47,460,2001,2.0,36,5.555555555555555
47,460,2002,4.0,92,4.3478260869565215
47,460,2003,4.0,111,3.6036036036036037
47,460,2004,3.0,132,2.272727272727273
47,460,2005,1.0,138,0.7246376811594203
47,460,2006,4.0,208,1.9230769230769231
47,460,2007,4.0,211,1.8957345971563981
47,460,2008,5.0,193,2.5906735751295336
47,460,2009,5.0,216,2.314814814814815
47,460,2010,11.0,270,4.074074074074074
47,460,2011,2.0,257,0.7782101167315175
47,460,2012,2.0,192,1.0416666666666665
47,460,2013,5.0,154,3.2467532467532463
47,460,2014,1.0,116,0.8620689655172413
47,460,2015,2.0,109,1.834862385321101
47,460,2016,1.0,79,1.2658227848101267
47,460,2017,2.0,80,2.5
47,460,2018,1.0,81,1.2345679012345678
47,460,2019,2.0,85,2.3529411764705883
47,460,2020,0.0,63,0.0
47,460,2021,3.0,77,3.896103896103896
47,460,2022,2.0,56,3.571428571428571
47,460,2023,2.0,58,3.4482758620689653
47,460,2024,1.0,34,2.941176470588235
47,53,1998,9.0,179,5.027932960893855
47,53,1999,6.0,182,3.296703296703297
47,53,2000,7.0,173,4.046242774566474
47,53,2001,6.0,168,3.571428571428571
47,53,2002,6.0,117,5.128205128205128
47,53,2003,5.0,211,2.3696682464454977
47,53,2004,7.0,224,3.125
47,53,2005,2.0,109,1.834862385321101
47,53,2006,13.0,280,4.642857142857143
47,53,2007,6.0,187,3.2085561497326207
47,53,2012,2.0,96,2.083333333333333
47,53,2013,0.0,101,0.0
47,541,1998,4.0,123,3.2520325203252036
47,541,1999,3.0,167,1.7964071856287425
47,541,2000,5.0,115,4.3478260869565215
47,541,2001,4.0,121,3.3057851239669422
47,541,2002,4.0,134,2.9850746268656714
47,541,2003,5.0,125,4.0
47,541,2004,4.0,105,3.8095238095238098
47,541,2005,2.0,128,1.5625
47,541,2006,2.0,84,2.380952380952381
47,541,2007,7.0,49,14.285714285714285
47,541,2008,2.0,32,6.25
47,541,2009,6.0,60,10.0
47,541,2010,0.0,22,0.0
47,541,2011,4.0,63,6.349206349206349
47,541,2012,3.0,69,4.3478260869565215
47,541,2013,1.0,42,2.380952380952381
47,541,2014,0.0,34,0.0
47,541,2015,0.0,37,0.0
47,541,2016,1.0,26,3.8461538461538463
47,541,2017,0.0,15,0.0
47,541,2018,1.0,30,3.3333333333333335
47,541,2019,1.0,27,3.7037037037037033
47,541,2020,0.0,41,0.0
47,541,2021,1.0,42,2.380952380952381
47,541,2022,0.0,23,0.0
47,541,2023,0.0,11,0.0
47,541,2024,0.0,9,0.0
47,545,1998,0.0,52,0.0
47,545,1999,3.0,59,5.084745762711865
47,545,2000,2.0,43,4.651162790697675
47,545,2001,0.0,7,0.0
47,545,2002,3.0,65,4.615384615384616
47,545,2003,3.0,109,2.7522935779816518
47,545,2004,2.0,119,1.680672268907563
47,545,2005,8.0,125,6.4
47,545,2006,7.0,162,4.320987654320987
47,545,2007,8.0,155,5.161290322580645
47,545,2008,5.0,119,4.201680672268908
47,545,2009,6.0,120,5.0
47,545,2010,4.0,138,2.898550724637681
47,545,2011,5.0,159,3.1446540880503147
47,545,2012,7.0,146,4.794520547945205
47,545,2013,0.0,128,0.0
47,545,2014,4.0,128,3.125
47,545,2015,6.0,127,4.724409448818897
47,545,2016,5.0,87,5.747126436781609
47,545,2017,2.0,87,2.2988505747126435
47,545,2018,1.0,52,1.9230769230769231
47,545,2019,0.0,56,0.0
47,545,2020,1.0,56,1.7857142857142856
47,545,2021,0.0,51,0.0
47,545,2022,1.0,18,5.555555555555555
47,545,2023,0.0,12,0.0
47,545,2024,0.0,8,0.0
47,551,1998,38.0,661,5.748865355521937
47,551,1999,50.0,773,6.468305304010349
47,551,2000,36.0,739,4.871447902571042
47,551,2001,51.0,715,7.1328671328671325
47,551,2002,21.0,723,2.904564315352697
47,551,2003,46.0,935,4.919786096256685
47,551,2004,45.0,995,4.522613065326634
47,551,2005,57.0,954,5.9748427672955975
47,551,2006,63.0,1031,6.110572259941804
47,551,2007,45.0,1086,4.143646408839778
47,551,2008,54.0,1127,4.791481810115351
47,551,2009,61.0,1037,5.88235294117647
47,551,2010,28.0,672,4.166666666666666
47,551,2011,59.0,1032,5.717054263565891
47,551,2012,48.0,994,4.82897384305835
47,551,2013,57.0,931,6.122448979591836
47,551,2014,54.0,945,5.714285714285714
47,551,2015,42.0,910,4.615384615384616
47,551,2016,27.0,852,3.169014084507042
47,551,2017,32.0,962,3.3264033264033266
47,551,2018,33.0,861,3.8327526132404177
47,551,2019,32.0,903,3.5437430786267994
47,551,2020,45.0,1082,4.1589648798521255
47,551,2021,50.0,1147,4.3591979075850045
47,551,2022,48.0,963,4.984423676012461
47,551,2023,35.0,740,4.72972972972973
47,551,2024,33.0,586,5.631399317406143
47,555,1998,71.0,746,9.517426273458444
47,555,1999,37.0,497,7.44466800804829
47,555,2000,37.0,544,6.8014705882352935
47,555,2001,37.0,346,10.69364161849711
47,555,2002,34.0,439,7.744874715261959
47,555,2003,44.0,606,7.2607260726072615
47,555,2004,34.0,437,7.780320366132723
47,555,2005,73.0,814,8.968058968058969
47,555,2006,127.0,1229,10.333604556550041
47,555,2007,119.0,1574,7.560355781448538
47,555,2008,117.0,1554,7.5289575289575295
47,555,2009,106.0,1714,6.18436406067678
47,555,2010,110.0,1656,6.642512077294686
47,555,2011,113.0,1817,6.219042377545405
47,555,2012,134.0,2113,6.341694273544723
47,555,2013,82.0,2127,3.8551951104842503
47,555,2014,78.0,2156,3.6178107606679033
47,555,2015,41.0,2056,1.9941634241245134
47,555,2016,65.0,2298,2.8285465622280244
47,555,2017,81.0,2392,3.38628762541806
47,555,2018,89.0,2377,3.7442153975599495
47,555,2019,76.0,2259,3.3643204957946
47,555,2020,77.0,2287,3.3668561434193265
47,555,2021,88.0,2640,3.3333333333333335
47,555,2022,78.0,2305,3.383947939262473
47,555,2023,68.0,2035,3.341523341523341
47,555,2024,66.0,1647,4.007285974499089
47,570,1998,4.0,140,2.857142857142857
47,570,1999,6.0,99,6.0606060606060606
47,570,2000,2.0,40,5.0
47,570,2001,1.0,19,5.263157894736842
47,570,2002,11.0,170,6.470588235294119
47,570,2003,7.0,152,4.605263157894736
47,570,2004,6.0,180,3.3333333333333335
47,570,2005,4.0,138,2.898550724637681
47,570,2006,4.0,176,2.272727272727273
47,570,2007,5.0,140,3.571428571428571
47,570,2008,9.0,128,7.03125
47,570,2009,2.0,187,1.06951871657754
47,570,2010,5.0,173,2.8901734104046244
47,570,2011,8.0,171,4.678362573099415
47,570,2012,7.0,165,4.242424242424243
47,570,2013,0.0,117,0.0
47,570,2014,3.0,78,3.8461538461538463
47,570,2015,0.0,48,0.0
47,570,2016,1.0,45,2.2222222222222223
47,570,2017,0.0,44,0.0
47,570,2018,1.0,20,5.0
47,570,2019,0.0,7,0.0
47,570,2020,0.0,18,0.0
47,570,2021,2.0,50,4.0
47,570,2022,1.0,17,5.88235294117647
47,570,2023,2.0,19,10.526315789473683
47,570,2024,0.0,6,0.0
47,58,1998,2.0,125,1.6
47,58,1999,0.0,92,0.0
47,58,2000,1.0,113,0.8849557522123894
47,58,2001,1.0,136,0.7352941176470588
47,58,2002,2.0,175,1.1428571428571428
47,58,2003,7.0,356,1.9662921348314606
47,58,2004,6.0,368,1.6304347826086956
47,58,2005,8.0,348,2.2988505747126435
47,58,2006,9.0,361,2.4930747922437675
47,58,2007,13.0,414,3.140096618357488
47,58,2012,6.0,209,2.8708133971291865
47,58,2013,5.0,201,2.4875621890547266
47,605,1998,0.0,77,0.0
47,605,1999,5.0,42,11.904761904761903
47,605,2001,0.0,5,0.0
47,605,2002,0.0,32,0.0
47,605,2003,6.0,131,4.580152671755725
47,605,2004,7.0,79,8.860759493670885
47,605,2005,0.0,61,0.0
47,605,2006,2.0,51,3.9215686274509802
47,605,2007,3.0,63,4.761904761904762
47,605,2008,2.0,58,3.4482758620689653
47,605,2009,1.0,51,1.9607843137254901
47,605,2010,2.0,51,3.9215686274509802
47,605,2011,0.0,16,0.0
47,605,2012,1.0,37,2.7027027027027026
47,605,2013,0.0,16,0.0
47,605,2014,0.0,6,0.0
47,605,2015,0.0,9,0.0
47,605,2016,0.0,11,0.0
47,605,2017,0.0,16,0.0
47,605,2018,0.0,19,0.0
47,605,2019,0.0,18,0.0
47,605,2020,0.0,27,0.0
47,605,2021,0.0,10,0.0
47,605,2022,0.0,5,0.0
47,605,2023,0.0,9,0.0
47,605,2024,0.0,5,0.0
47,660,1999,0.0,5,0.0
47,660,2002,1.0,35,2.857142857142857
47,660,2003,2.0,101,1.9801980198019802
47,660,2005,3.0,82,3.6585365853658534
47,660,2006,4.0,67,5.970149253731343
47,660,2007,2.0,66,3.0303030303030303
47,660,2008,4.0,74,5.405405405405405
47,660,2009,3.0,52,5.769230769230769
47,660,2010,4.0,58,6.896551724137931
47,660,2011,4.0,54,7.4074074074074066
47,660,2012,1.0,71,1.4084507042253522
47,660,2013,3.0,80,3.75
47,660,2014,2.0,99,2.0202020202020203
47,660,2015,2.0,83,2.4096385542168677
47,660,2016,1.0,37,2.7027027027027026
47,660,2017,0.0,55,0.0
47,660,2018,2.0,26,7.6923076923076925
47,660,2019,1.0,36,2.7777777777777777
47,660,2020,1.0,47,2.127659574468085
47,660,2021,6.0,62,9.67741935483871
47,660,2022,3.0,45,6.666666666666667
47,660,2023,8.0,48,16.666666666666664
47,660,2024,4.0,40,10.0
47,675,1998,4.0,96,4.166666666666666
47,675,1999,5.0,125,4.0
47,675,2000,4.0,113,3.5398230088495577
47,675,2001,2.0,122,1.639344262295082
47,675,2002,4.0,107,3.7383177570093453
47,675,2003,4.0,114,3.508771929824561
47,675,2004,2.0,104,1.9230769230769231
47,675,2005,7.0,97,7.216494845360824
47,675,2006,3.0,90,3.3333333333333335
47,675,2007,1.0,52,1.9230769230769231
47,675,2008,1.0,58,1.7241379310344827
47,675,2009,0.0,45,0.0
47,675,2010,1.0,45,2.2222222222222223
47,675,2011,0.0,55,0.0
47,675,2012,0.0,45,0.0
47,675,2013,0.0,22,0.0
47,675,2014,0.0,18,0.0
47,675,2015,1.0,16,6.25
47,675,2016,0.0,13,0.0
47,675,2017,1.0,29,3.4482758620689653
47,675,2018,1.0,19,5.263157894736842
47,675,2019,0.0,23,0.0
47,675,2020,0.0,22,0.0
47,675,2021,0.0,17,0.0
47,675,2022,0.0,7,0.0
47,675,2023,0.0,5,0.0
47,675,2024,0.0,3,0.0
47,692,1998,11.0,192,5.729166666666666
47,692,1999,16.0,317,5.047318611987381
47,692,2000,27.0,417,6.474820143884892
47,692,2001,14.0,380,3.684210526315789
47,692,2002,13.0,253,5.138339920948617
47,692,2003,14.0,312,4.487179487179487
47,692,2004,22.0,306,7.18954248366013
47,692,2005,16.0,314,5.095541401273886
47,692,2006,22.0,326,6.748466257668712
47,692,2007,15.0,335,4.477611940298507
47,692,2008,19.0,336,5.654761904761905
47,692,2009,14.0,294,4.761904761904762
47,692,2010,11.0,264,4.166666666666666
47,692,2011,9.0,233,3.862660944206009
47,692,2012,13.0,248,5.241935483870968
47,692,2013,13.0,215,6.046511627906977
47,692,2014,5.0,173,2.8901734104046244
47,692,2015,9.0,162,5.555555555555555
47,692,2016,6.0,140,4.285714285714286
47,692,2017,5.0,130,3.8461538461538463
47,692,2018,8.0,156,5.128205128205128
47,692,2019,5.0,137,3.64963503649635
47,692,2020,2.0,151,1.3245033112582782
47,692,2021,8.0,172,4.651162790697675
47,692,2022,6.0,107,5.607476635514018
47,692,2023,2.0,74,2.7027027027027026
47,692,2024,1.0,31,3.225806451612903
47,703,1998,6.0,76,7.894736842105263
47,703,1999,5.0,104,4.807692307692308
47,703,2000,0.0,45,0.0
47,703,2001,5.0,87,5.747126436781609
47,703,2002,4.0,104,3.8461538461538463
47,703,2003,3.0,139,2.158273381294964
47,703,2004,2.0,110,1.8181818181818181
47,703,2005,4.0,79,5.063291139240507
47,703,2006,3.0,73,4.10958904109589
47,703,2007,1.0,57,1.7543859649122806
47,703,2008,2.0,45,4.444444444444445
47,703,2009,6.0,59,10.16949152542373
47,703,2010,3.0,55,5.454545454545454
47,703,2011,1.0,53,1.8867924528301887
47,703,2012,1.0,29,3.4482758620689653
47,703,2013,1.0,28,3.571428571428571
47,703,2014,2.0,52,3.8461538461538463
47,703,2015,0.0,43,0.0
47,703,2016,1.0,41,2.4390243902439024
47,703,2017,1.0,53,1.8867924528301887
47,703,2018,0.0,31,0.0
47,703,2019,1.0,20,5.0
47,703,2020,0.0,18,0.0
47,703,2021,0.0,5,0.0
47,703,2023,0.0,1,0.0
47,707,1998,10.0,269,3.717472118959108
47,707,1999,10.0,376,2.6595744680851063
47,707,2000,34.0,436,7.79816513761468
47,707,2001,29.0,350,8.285714285714285
47,707,2002,15.0,271,5.535055350553505
47,707,2003,9.0,262,3.435114503816794
47,707,2004,14.0,265,5.283018867924529
47,707,2005,14.0,315,4.444444444444445
47,707,2006,13.0,316,4.113924050632911
47,707,2007,11.0,317,3.4700315457413247
47,707,2008,10.0,324,3.0864197530864197
47,707,2009,18.0,353,5.099150141643059
47,707,2010,11.0,260,4.230769230769231
47,707,2011,7.0,282,2.4822695035460995
47,707,2012,9.0,271,3.3210332103321036
47,707,2013,9.0,249,3.614457831325301
47,707,2014,12.0,224,5.357142857142857
47,707,2015,9.0,249,3.614457831325301
47,707,2016,5.0,205,2.4390243902439024
47,707,2017,2.0,174,1.1494252873563218
47,707,2018,4.0,178,2.247191011235955
47,707,2019,4.0,121,3.3057851239669422
47,707,2020,7.0,128,5.46875
47,707,2021,6.0,113,5.3097345132743365
47,707,2022,9.0,106,8.49056603773585
47,707,2023,5.0,77,6.493506493506493
47,707,2024,0.0,27,0.0
47,720,2000,0.0,7,0.0
47,720,2001,3.0,49,6.122448979591836
47,720,2002,4.0,73,5.47945205479452
47,720,2003,7.0,111,6.306306306306306
47,720,2004,4.0,124,3.225806451612903
47,720,2005,6.0,115,5.217391304347826
47,720,2006,5.0,145,3.4482758620689653
47,720,2007,2.0,113,1.7699115044247788
47,720,2008,1.0,133,0.7518796992481203
47,720,2009,4.0,89,4.49438202247191
47,720,2010,4.0,95,4.2105263157894735
47,720,2011,4.0,101,3.9603960396039604
47,720,2012,5.0,74,6.756756756756757
47,720,2013,0.0,63,0.0
47,720,2014,2.0,41,4.878048780487805
47,720,2015,2.0,40,5.0
47,720,2016,0.0,39,0.0
47,720,2017,0.0,26,0.0
47,720,2018,2.0,21,9.523809523809524
47,720,2019,2.0,14,14.285714285714285
47,720,2020,0.0,66,0.0
47,720,2021,8.0,56,14.285714285714285
47,720,2022,0.0,34,0.0
47,720,2023,1.0,10,10.0
47,720,2024,2.0,14,14.285714285714285
47,745,1998,5.0,91,5.4945054945054945
47,745,1999,6.0,144,4.166666666666666
47,745,2000,9.0,191,4.712041884816754
47,745,2001,1.0,107,0.9345794392523363
47,745,2002,7.0,115,6.086956521739131
47,745,2003,6.0,136,4.411764705882353
47,745,2004,10.0,125,8.0
47,745,2005,4.0,101,3.9603960396039604
47,745,2006,10.0,123,8.130081300813007
47,745,2007,8.0,124,6.451612903225806
47,745,2008,7.0,97,7.216494845360824
47,745,2009,3.0,75,4.0
47,745,2010,3.0,56,5.357142857142857
47,745,2011,1.0,64,1.5625
47,745,2012,4.0,64,6.25
47,745,2013,2.0,40,5.0
47,745,2014,1.0,27,3.7037037037037033
47,745,2015,0.0,28,0.0
47,745,2016,0.0,25,0.0
47,745,2017,1.0,23,4.3478260869565215
47,745,2018,0.0,26,0.0
47,745,2019,1.0,27,3.7037037037037033
47,745,2020,0.0,36,0.0
47,745,2021,1.0,27,3.7037037037037033
47,745,2022,1.0,15,6.666666666666667
47,745,2023,0.0,12,0.0
47,745,2024,0.0,8,0.0
47,798,1998,2.0,103,1.9417475728155338
47,798,1999,4.0,103,3.8834951456310676
47,798,2000,2.0,113,1.7699115044247788
47,798,2001,8.0,99,8.080808080808081
47,798,2002,2.0,94,2.127659574468085
47,798,2003,1.0,87,1.1494252873563218
47,798,2004,5.0,129,3.875968992248062
47,798,2005,6.0,112,5.357142857142857
47,798,2006,5.0,121,4.132231404958678
47,798,2007,7.0,117,5.982905982905983
47,798,2008,0.0,103,0.0
47,798,2009,4.0,109,3.669724770642202
47,798,2010,2.0,101,1.9801980198019802
47,798,2011,1.0,95,1.0526315789473684
47,798,2012,4.0,82,4.878048780487805
47,798,2013,1.0,63,1.5873015873015872
47,798,2014,1.0,40,2.5
47,798,2015,3.0,46,6.521739130434782
47,798,2016,0.0,33,0.0
47,798,2017,1.0,29,3.4482758620689653
47,798,2018,0.0,49,0.0
47,798,2019,3.0,30,10.0
47,798,2020,2.0,47,4.25531914893617
47,798,2021,1.0,46,2.1739130434782608
47,798,2022,1.0,24,4.166666666666666
47,798,2023,1.0,28,3.571428571428571
47,798,2024,1.0,16,6.25
47,960,2000,4.0,47,8.51063829787234
47,960,2001,9.0,110,8.181818181818182
47,960,2002,3.0,70,4.285714285714286
47,960,2003,4.0,92,4.3478260869565215
47,960,2004,9.0,83,10.843373493975903
47,960,2005,4.0,109,3.669724770642202
47,960,2006,7.0,73,9.58904109589041
47,960,2007,11.0,94,11.702127659574469
47,960,2008,5.0,83,6.024096385542169
47,960,2009,8.0,93,8.60215053763441
47,960,2010,0.0,10,0.0
47,960,2011,1.0,69,1.4492753623188406
47,960,2012,3.0,72,4.166666666666666
47,960,2013,1.0,53,1.8867924528301887
47,960,2014,1.0,51,1.9607843137254901
47,960,2015,0.0,34,0.0
47,960,2016,0.0,31,0.0
47,960,2017,2.0,33,6.0606060606060606
47,960,2018,0.0,11,0.0
47,960,2019,1.0,30,3.3333333333333335
47,960,2020,2.0,37,5.405405405405405
47,960,2021,3.0,33,9.090909090909092
47,960,2022,2.0,25,8.0
47,960,2023,2.0,14,14.285714285714285
47,960,2024,1.0,10,10.0
47,980,2000,0.0,19,0.0
47,980,2001,5.0,97,5.154639175257731
47,980,2002,10.0,279,3.584229390681003
47,980,2003,16.0,405,3.950617283950617
47,980,2004,20.0,448,4.464285714285714
47,980,2005,14.0,402,3.482587064676617
47,980,2006,14.0,443,3.160270880361174
47,980,2007,20.0,409,4.88997555012225
47,980,2008,13.0,330,3.939393939393939
47,980,2009,14.0,361,3.8781163434903045
47,980,2010,9.0,338,2.6627218934911245
47,980,2011,13.0,339,3.8348082595870205
47,980,2012,23.0,341,6.744868035190615
47,980,2013,19.0,248,7.661290322580645
47,980,2014,6.0,185,3.2432432432432434
47,980,2015,6.0,151,3.9735099337748347
47,980,2016,6.0,130,4.615384615384616
47,980,2017,4.0,115,3.4782608695652173
47,980,2018,3.0,67,4.477611940298507
47,980,2019,5.0,74,6.756756756756757
47,980,2020,6.0,140,4.285714285714286
47,980,2021,10.0,207,4.830917874396135
47,980,2022,5.0,109,4.587155963302752
47,980,2023,3.0,63,4.761904761904762
47,980,2024,3.0,31,9.67741935483871
47,001,2008,976.0,10287,9.487702926023136
47,001,2009,989.0,10057,9.833946504921945
47,001,2010,958.0,9327,10.271255494800043
47,001,2011,1066.0,10300,10.349514563106796
47,001,2014,1038.0,10404,9.976931949250288
47,001,2015,1024.0,10235,10.004885197850513
47,001,2016,993.0,9962,9.967877936157397
47,001,2017,1091.0,10304,10.588121118012422
47,001,2018,1177.0,10275,11.454987834549879
47,001,2019,1320.0,11029,11.96844682201469
47,001,2020,1036.0,9955,10.406830738322451
47,001,2021,1075.0,9779,10.992944063810207
47,001,2022,1170.0,9545,12.257726558407542
47,001,2023,1075.0,8680,12.38479262672811
47,001,2024,871.0,7150,12.181818181818182
47,030,2008,4.0,152,2.631578947368421
47,030,2009,1.0,94,1.0638297872340425
47,030,2010,1.0,131,0.7633587786259541
47,030,2011,3.0,85,3.5294117647058822
47,030,2014,1.0,31,3.225806451612903
47,030,2015,1.0,26,3.8461538461538463
47,030,2016,2.0,54,3.7037037037037033
47,030,2017,3.0,67,4.477611940298507
47,030,2018,4.0,45,8.88888888888889
47,030,2019,2.0,39,5.128205128205128
47,030,2020,1.0,62,1.6129032258064515
47,030,2021,4.0,82,4.878048780487805
47,030,2022,4.0,61,6.557377049180328
47,030,2023,4.0,33,12.121212121212121
47,030,2024,0.0,18,0.0
47,053,2008,5.0,150,3.3333333333333335
47,053,2009,7.0,176,3.977272727272727
47,053,2010,4.0,126,3.1746031746031744
47,053,2011,0.0,105,0.0
47,053,2014,2.0,65,3.076923076923077
47,053,2015,0.0,43,0.0
47,053,2016,1.0,44,2.272727272727273
47,053,2017,5.0,70,7.142857142857142
47,053,2018,0.0,47,0.0
47,053,2019,2.0,43,4.651162790697675
47,053,2020,1.0,58,1.7241379310344827
47,053,2021,5.0,83,6.024096385542169
47,053,2022,4.0,79,5.063291139240507
47,053,2023,1.0,33,3.0303030303030303
47,053,2024,0.0,16,0.0
47,058,2008,7.0,393,1.7811704834605597
47,058,2009,8.0,354,2.2598870056497176
47,058,2010,5.0,307,1.6286644951140066
47,058,2011,4.0,236,1.694915254237288
47,058,2014,6.0,219,2.73972602739726
47,058,2015,8.0,117,6.837606837606838
47,058,2016,2.0,131,1.5267175572519083
47,058,2017,4.0,125,3.2
47,058,2018,4.0,107,3.7383177570093453
47,058,2019,5.0,148,3.3783783783783785
47,058,2020,11.0,155,7.096774193548387
47,058,2021,3.0,145,2.0689655172413794
47,058,2022,10.0,109,9.174311926605505
47,058,2023,12.0,80,15.0
47,058,2024,4.0,58,6.896551724137931
5,1,1998,3687.0,34730,10.616181975237547
5,1,1999,3942.0,36992,10.65635813148789
5,1,2000,4434.0,39704,11.16764053999597
5,1,2001,4929.0,43597,11.305823795215266
5,1,2002,5109.0,43084,11.858230433571627
5,1,2003,5113.0,42606,12.000657184434118
5,1,2004,5551.0,42926,12.931556632344035
5,1,2005,5881.0,43086,13.649445295455601
5,1,2006,5735.0,42787,13.403603898380348
5,1,2007,5631.0,43107,13.062843621685575
5,1,2012,4710.0,39467,11.934020827526796
5,1,2013,4581.0,39135,11.705634342660023
5,101,1998,85.0,958,8.872651356993737
5,101,1999,97.0,1006,9.642147117296222
5,101,2000,105.0,1092,9.615384615384617
5,101,2001,91.0,1091,8.340971585701192
5,101,2002,78.0,1001,7.792207792207792
5,101,2003,75.0,940,7.9787234042553195
5,101,2004,62.0,866,7.159353348729793
5,101,2005,64.0,1021,6.268364348677767
5,101,2006,44.0,1040,4.230769230769231
5,101,2007,56.0,939,5.963791267305645
5,101,2012,28.0,767,3.650586701434159
5,101,2013,22.0,644,3.4161490683229814
5,107,1998,2.0,92,2.1739130434782608
5,107,1999,9.0,111,8.108108108108109
5,107,2000,13.0,127,10.236220472440944
5,107,2001,6.0,113,5.3097345132743365
5,107,2002,1.0,124,0.8064516129032258
5,107,2003,12.0,150,8.0
5,107,2004,9.0,128,7.03125
5,107,2005,5.0,135,3.7037037037037033
5,107,2006,9.0,145,6.206896551724138
5,107,2007,7.0,132,5.303030303030303
5,107,2012,6.0,83,7.228915662650602
5,107,2013,4.0,61,6.557377049180328
5,113,1998,1.0,57,1.7543859649122806
5,113,1999,2.0,50,4.0
5,113,2000,6.0,72,8.333333333333332
5,113,2001,4.0,97,4.123711340206185
5,113,2002,1.0,59,1.694915254237288
5,113,2003,2.0,69,2.898550724637681
5,113,2004,3.0,70,4.285714285714286
5,113,2005,1.0,64,1.5625
5,113,2006,3.0,65,4.615384615384616
5,113,2007,2.0,52,3.8461538461538463
5,113,2012,2.0,47,4.25531914893617
5,113,2013,0.0,42,0.0
5,120,1998,7.0,334,2.095808383233533
5,120,1999,10.0,338,2.9585798816568047
5,120,2000,13.0,361,3.6011080332409975
5,120,2001,9.0,312,2.8846153846153846
5,120,2002,18.0,361,4.986149584487535
5,120,2003,14.0,473,2.9598308668076108
5,120,2004,17.0,492,3.4552845528455287
5,120,2005,12.0,509,2.357563850687623
5,120,2006,24.0,468,5.128205128205128
5,120,2007,8.0,328,2.4390243902439024
5,120,2012,9.0,227,3.9647577092511015
5,120,2013,14.0,177,7.909604519774012
5,125,1998,4.0,96,4.166666666666666
5,125,1999,6.0,109,5.5045871559633035
5,125,2000,12.0,164,7.317073170731707
5,125,2001,13.0,150,8.666666666666668
5,125,2002,9.0,117,7.6923076923076925
5,125,2003,10.0,128,7.8125
5,125,2004,14.0,131,10.687022900763358
5,125,2005,3.0,109,2.7522935779816518
5,125,2006,8.0,114,7.017543859649122
5,125,2007,11.0,112,9.821428571428571
5,125,2012,4.0,53,7.547169811320755
5,125,2013,3.0,32,9.375
5,129,1998,68.0,1140,5.964912280701754
5,129,1999,83.0,1256,6.60828025477707
5,129,2000,101.0,1444,6.9944598337950135
5,129,2001,74.0,1132,6.5371024734982335
5,129,2002,44.0,602,7.308970099667775
5,129,2003,34.0,572,5.944055944055944
5,129,2004,19.0,533,3.564727954971857
5,129,2005,41.0,1124,3.6476868327402134
5,129,2006,87.0,1728,5.034722222222222
5,129,2007,74.0,1686,4.389086595492289
5,129,2012,41.0,1323,3.0990173847316704
5,129,2013,40.0,1261,3.1720856463124503
5,134,1998,2.0,84,2.380952380952381
5,134,1999,5.0,130,3.8461538461538463
5,134,2000,5.0,116,4.310344827586207
5,134,2001,7.0,123,5.691056910569105
5,134,2002,3.0,88,3.4090909090909087
5,134,2003,1.0,90,1.1111111111111112
5,134,2004,4.0,88,4.545454545454546
5,134,2005,2.0,99,2.0202020202020203
5,134,2006,2.0,81,2.4691358024691357
5,134,2007,4.0,99,4.040404040404041
5,134,2012,1.0,65,1.5384615384615385
5,134,2013,3.0,48,6.25
5,138,1998,8.0,210,3.8095238095238098
5,138,1999,11.0,175,6.2857142857142865
5,138,2000,7.0,215,3.255813953488372
5,138,2001,4.0,180,2.2222222222222223
5,138,2002,10.0,192,5.208333333333334
5,138,2003,4.0,198,2.0202020202020203
5,138,2004,9.0,191,4.712041884816754
5,138,2005,13.0,163,7.975460122699387
5,138,2006,3.0,145,2.0689655172413794
5,138,2007,2.0,136,1.4705882352941175
5,138,2012,2.0,103,1.9417475728155338
5,138,2013,4.0,84,4.761904761904762
5,142,1998,7.0,83,8.433734939759036
5,142,1999,5.0,86,5.813953488372093
5,142,2000,2.0,86,2.3255813953488373
5,142,2001,0.0,69,0.0
5,142,2002,0.0,60,0.0
5,142,2003,2.0,51,3.9215686274509802
5,142,2004,2.0,52,3.8461538461538463
5,142,2005,1.0,48,2.083333333333333
5,142,2006,1.0,49,2.0408163265306123
5,142,2007,1.0,51,1.9607843137254901
5,142,2012,3.0,34,8.823529411764707
5,142,2013,0.0,28,0.0
5,145,1998,7.0,92,7.608695652173914
5,145,1999,6.0,88,6.8181818181818175
5,145,2000,3.0,105,2.857142857142857
5,145,2001,4.0,81,4.938271604938271
5,145,2002,2.0,60,3.3333333333333335
5,145,2003,1.0,80,1.25
5,145,2004,0.0,67,0.0
5,145,2005,1.0,77,1.2987012987012987
5,145,2006,1.0,48,2.083333333333333
5,145,2007,2.0,35,5.714285714285714
5,145,2012,2.0,15,13.333333333333334
5,145,2013,0.0,11,0.0
5,147,1998,11.0,384,2.864583333333333
5,147,1999,14.0,444,3.153153153153153
5,147,2000,18.0,613,2.936378466557912
5,147,2001,23.0,619,3.715670436187399
5,147,2002,12.0,583,2.0583190394511153
5,147,2003,12.0,623,1.9261637239165328
5,147,2004,12.0,632,1.89873417721519
5,147,2005,16.0,601,2.6622296173044924
5,147,2006,30.0,481,6.237006237006238
5,147,2007,23.0,462,4.978354978354979
5,147,2012,12.0,215,5.5813953488372094
5,147,2013,5.0,166,3.0120481927710845
5,148,1998,19.0,403,4.714640198511166
5,148,1999,12.0,365,3.287671232876712
5,148,2000,17.0,408,4.166666666666666
5,148,2001,13.0,349,3.7249283667621778
5,148,2002,7.0,292,2.3972602739726026
5,148,2003,10.0,327,3.058103975535168
5,148,2004,14.0,305,4.590163934426229
5,148,2005,8.0,301,2.6578073089700998
5,148,2006,7.0,282,2.4822695035460995
5,148,2007,19.0,338,5.621301775147929
5,148,2012,0.0,78,0.0
5,148,2013,2.0,87,2.2988505747126435
5,150,1998,1.0,34,2.941176470588235
5,150,1999,1.0,34,2.941176470588235
5,150,2000,0.0,38,0.0
5,150,2001,1.0,41,2.4390243902439024
5,150,2002,0.0,40,0.0
5,150,2003,2.0,37,5.405405405405405
5,150,2004,1.0,29,3.4482758620689653
5,150,2005,2.0,25,8.0
5,150,2006,3.0,17,17.647058823529413
5,150,2007,1.0,21,4.761904761904762
5,150,2012,0.0,4,0.0
5,150,2013,0.0,8,0.0
5,154,1998,140.0,2035,6.87960687960688
5,154,1999,191.0,2492,7.664526484751204
5,154,2000,198.0,2531,7.8229948636902416
5,154,2001,187.0,2658,7.035364936042137
5,154,2002,177.0,2553,6.933019976498238
5,154,2003,151.0,2865,5.270506108202444
5,154,2004,132.0,3006,4.39121756487026
5,154,2005,169.0,3168,5.334595959595959
5,154,2006,161.0,3578,4.499720514253773
5,154,2007,124.0,3452,3.5921205098493627
5,154,2012,114.0,3215,3.5458786936236395
5,154,2013,115.0,3501,3.284775778349043
5,172,1998,32.0,813,3.936039360393604
5,172,1999,31.0,966,3.2091097308488616
5,172,2000,40.0,1197,3.341687552213868
5,172,2001,26.0,1168,2.2260273972602738
5,172,2002,21.0,755,2.781456953642384
5,172,2003,43.0,1032,4.166666666666666
5,172,2004,39.0,1089,3.581267217630854
5,172,2005,30.0,1004,2.9880478087649402
5,172,2006,27.0,800,3.375
5,172,2007,142.0,1109,12.804328223624886
5,172,2012,219.0,2273,9.63484381874175
5,172,2013,235.0,2494,9.42261427425822
5,190,1998,5.0,148,3.3783783783783785
5,190,1999,7.0,185,3.783783783783784
5,190,2000,5.0,136,3.6764705882352944
5,190,2001,6.0,120,5.0
5,190,2002,8.0,155,5.161290322580645
5,190,2003,3.0,153,1.9607843137254901
5,190,2004,6.0,130,4.615384615384616
5,190,2005,7.0,110,6.363636363636363
5,190,2006,5.0,101,4.9504950495049505
5,190,2007,2.0,83,2.4096385542168677
5,190,2012,1.0,72,1.3888888888888888
5,190,2013,1.0,29,3.4482758620689653
5,197,1998,23.0,303,7.590759075907591
5,197,1999,9.0,273,3.296703296703297
5,197,2000,5.0,247,2.0242914979757085
5,197,2001,17.0,231,7.35930735930736
5,197,2002,5.0,206,2.4271844660194173
5,197,2003,5.0,135,3.7037037037037033
5,197,2004,8.0,136,5.88235294117647
5,197,2005,4.0,99,4.040404040404041
5,197,2006,4.0,113,3.5398230088495577
5,197,2007,5.0,109,4.587155963302752
5,197,2012,1.0,66,1.5151515151515151
5,197,2013,3.0,67,4.477611940298507
5,2,1998,36.0,387,9.30232558139535
5,2,1999,20.0,385,5.194805194805195
5,2,2000,20.0,363,5.5096418732782375
5,2,2001,23.0,320,7.187499999999999
5,2,2002,14.0,254,5.511811023622047
5,2,2003,9.0,296,3.040540540540541
5,2,2004,14.0,283,4.946996466431095
5,2,2005,22.0,270,8.148148148148149
5,2,2006,23.0,217,10.599078341013826
5,2,2007,12.0,177,6.779661016949152
5,2,2012,6.0,132,4.545454545454546
5,2,2013,8.0,102,7.8431372549019605
5,206,1998,7.0,77,9.090909090909092
5,206,1999,3.0,74,4.054054054054054
5,206,2000,2.0,54,3.7037037037037033
5,206,2001,0.0,36,0.0
5,206,2002,1.0,44,2.272727272727273
5,206,2003,2.0,46,4.3478260869565215
5,206,2004,1.0,34,2.941176470588235
5,206,2005,4.0,36,11.11111111111111
5,206,2006,0.0,34,0.0
5,206,2007,0.0,32,0.0
5,206,2012,1.0,19,5.263157894736842
5,206,2013,0.0,14,0.0
5,209,1998,23.0,363,6.336088154269973
5,209,1999,24.0,414,5.797101449275362
5,209,2000,25.0,402,6.218905472636816
5,209,2001,32.0,396,8.080808080808081
5,209,2002,21.0,324,6.481481481481481
5,209,2003,17.0,342,4.970760233918129
5,209,2004,24.0,340,7.0588235294117645
5,209,2005,17.0,287,5.923344947735192
5,209,2006,14.0,263,5.323193916349809
5,209,2007,13.0,231,5.627705627705628
5,209,2012,2.0,126,1.5873015873015872
5,209,2013,4.0,111,3.6036036036036037
5,21,1998,4.0,67,5.970149253731343
5,21,1999,2.0,69,2.898550724637681
5,21,2000,1.0,43,2.3255813953488373
5,21,2001,2.0,70,2.857142857142857
5,21,2002,2.0,45,4.444444444444445
5,21,2003,1.0,33,3.0303030303030303
5,21,2004,1.0,46,2.1739130434782608
5,21,2005,2.0,40,5.0
5,21,2006,0.0,40,0.0
5,21,2007,0.0,49,0.0
5,21,2012,1.0,15,6.666666666666667
5,21,2013,0.0,11,0.0
5,212,1998,5.0,291,1.718213058419244
5,212,1999,8.0,333,2.4024024024024024
5,212,2000,14.0,323,4.3343653250774
5,212,2001,8.0,279,2.867383512544803
5,212,2002,8.0,247,3.2388663967611335
5,212,2003,10.0,250,4.0
5,212,2004,8.0,222,3.6036036036036037
5,212,2005,3.0,213,1.4084507042253522
5,212,2006,2.0,173,1.1560693641618496
5,212,2007,6.0,152,3.9473684210526314
5,212,2012,6.0,71,8.450704225352112
5,212,2013,1.0,56,1.7857142857142856
5,234,1998,14.0,258,5.426356589147287
5,234,1999,11.0,222,4.954954954954955
5,234,2000,16.0,248,6.451612903225806
5,234,2001,19.0,301,6.312292358803987
5,234,2002,9.0,198,4.545454545454546
5,234,2003,9.0,248,3.6290322580645165
5,234,2004,15.0,237,6.329113924050633
5,234,2005,11.0,206,5.339805825242718
5,234,2006,17.0,228,7.456140350877193
5,234,2007,17.0,205,8.292682926829269
5,234,2012,12.0,191,6.282722513089005
5,234,2013,5.0,153,3.2679738562091507
5,237,1998,11.0,202,5.445544554455446
5,237,1999,3.0,205,1.4634146341463417
5,237,2000,8.0,191,4.18848167539267
5,237,2001,4.0,178,2.247191011235955
5,237,2002,12.0,173,6.9364161849710975
5,237,2003,8.0,210,3.8095238095238098
5,237,2004,12.0,219,5.47945205479452
5,237,2005,8.0,183,4.371584699453552
5,237,2006,6.0,173,3.4682080924855487
5,237,2007,7.0,133,5.263157894736842
5,237,2012,3.0,21,14.285714285714285
5,237,2013,2.0,21,9.523809523809524
5,240,1998,10.0,145,6.896551724137931
5,240,1999,12.0,149,8.053691275167784
5,240,2000,8.0,154,5.194805194805195
5,240,2001,7.0,185,3.783783783783784
5,240,2002,12.0,172,6.976744186046512
5,240,2003,4.0,120,3.3333333333333335
5,240,2004,7.0,122,5.737704918032787
5,240,2005,5.0,136,3.6764705882352944
5,240,2006,7.0,109,6.422018348623854
5,240,2007,2.0,89,2.247191011235955
5,240,2012,2.0,55,3.6363636363636362
5,240,2013,6.0,40,15.0
5,250,1998,42.0,900,4.666666666666667
5,250,1999,35.0,734,4.768392370572207
5,250,2000,35.0,823,4.25273390036452
5,250,2001,65.0,896,7.2544642857142865
5,250,2002,34.0,742,4.5822102425876015
5,250,2003,38.0,700,5.428571428571429
5,250,2004,45.0,738,6.097560975609756
5,250,2005,41.0,731,5.60875512995896
5,250,2006,34.0,719,4.728789986091794
5,250,2007,47.0,731,6.429548563611491
5,250,2012,19.0,632,3.0063291139240507
5,250,2013,17.0,475,3.578947368421052
5,264,1998,2.0,106,1.8867924528301887
5,264,1999,8.0,103,7.766990291262135
5,264,2000,0.0,66,0.0
5,264,2001,5.0,88,5.681818181818182
5,264,2002,3.0,81,3.7037037037037033
5,264,2003,5.0,67,7.462686567164178
5,264,2004,2.0,36,5.555555555555555
5,264,2005,1.0,46,2.1739130434782608
5,264,2006,2.0,61,3.278688524590164
5,264,2007,6.0,68,8.823529411764707
5,264,2012,2.0,21,9.523809523809524
5,264,2013,0.0,19,0.0
5,266,1998,62.0,1286,4.821150855365474
5,266,1999,61.0,1170,5.213675213675214
5,266,2000,55.0,1304,4.217791411042945
5,266,2001,69.0,1583,4.358812381554012
5,266,2002,81.0,1707,4.745166959578207
5,266,2003,63.0,1699,3.7080635668040025
5,266,2004,88.0,1807,4.8699501936912
5,266,2005,158.0,2310,6.8398268398268405
5,266,2006,340.0,2616,12.996941896024463
5,266,2007,304.0,2098,14.489990467111536
5,266,2012,256.0,2256,11.347517730496454
5,266,2013,233.0,2253,10.341766533510874
5,282,1998,19.0,308,6.1688311688311686
5,282,1999,16.0,292,5.47945205479452
5,282,2000,16.0,252,6.349206349206349
5,282,2001,22.0,299,7.357859531772576
5,282,2002,10.0,245,4.081632653061225
5,282,2003,18.0,251,7.171314741035857
5,282,2004,20.0,221,9.049773755656108
5,282,2005,10.0,109,9.174311926605505
5,282,2006,11.0,151,7.28476821192053
5,282,2007,11.0,152,7.236842105263158
5,282,2012,4.0,56,7.142857142857142
5,282,2013,8.0,71,11.267605633802818
5,284,1998,10.0,324,3.0864197530864197
5,284,1999,13.0,349,3.7249283667621778
5,284,2000,7.0,286,2.4475524475524475
5,284,2001,8.0,246,3.2520325203252036
5,284,2002,8.0,268,2.9850746268656714
5,284,2003,7.0,221,3.167420814479638
5,284,2004,9.0,207,4.3478260869565215
5,284,2005,16.0,213,7.511737089201878
5,284,2006,9.0,237,3.79746835443038
5,284,2007,5.0,138,3.6231884057971016
5,284,2012,5.0,130,3.8461538461538463
5,284,2013,3.0,103,2.912621359223301
5,30,1998,15.0,335,4.477611940298507
5,30,1999,15.0,309,4.854368932038835
5,30,2000,9.0,272,3.308823529411765
5,30,2001,22.0,311,7.07395498392283
5,30,2002,13.0,279,4.659498207885305
5,30,2003,11.0,255,4.313725490196078
5,30,2004,9.0,208,4.326923076923077
5,30,2005,12.0,221,5.429864253393665
5,30,2006,6.0,204,2.941176470588235
5,30,2007,11.0,201,5.472636815920398
5,30,2012,4.0,70,5.714285714285714
5,30,2013,1.0,43,2.3255813953488373
5,306,1998,3.0,55,5.454545454545454
5,306,1999,1.0,45,2.2222222222222223
5,306,2000,2.0,69,2.898550724637681
5,306,2001,7.0,63,11.11111111111111
5,306,2002,0.0,58,0.0
5,306,2003,0.0,55,0.0
5,306,2004,1.0,52,1.9230769230769231
5,306,2005,0.0,37,0.0
5,306,2006,4.0,51,7.8431372549019605
5,306,2007,1.0,36,2.7777777777777777
5,306,2012,3.0,35,8.571428571428571
5,306,2013,1.0,29,3.4482758620689653
5,308,1998,17.0,403,4.218362282878412
5,308,1999,18.0,343,5.247813411078718
5,308,2000,17.0,324,5.246913580246913
5,308,2001,16.0,252,6.349206349206349
5,308,2002,8.0,218,3.669724770642202
5,308,2003,7.0,232,3.0172413793103448
5,308,2004,8.0,200,4.0
5,308,2005,9.0,162,5.555555555555555
5,308,2006,8.0,171,4.678362573099415
5,308,2007,4.0,167,2.3952095808383236
5,308,2012,3.0,52,5.769230769230769
5,308,2013,2.0,54,3.7037037037037033
5,31,1998,20.0,279,7.168458781362006
5,31,1999,17.0,334,5.089820359281437
5,31,2000,18.0,338,5.325443786982249
5,31,2001,17.0,353,4.815864022662889
5,31,2002,18.0,348,5.172413793103448
5,31,2003,19.0,334,5.688622754491018
5,31,2004,15.0,346,4.335260115606936
5,31,2005,20.0,298,6.7114093959731544
5,31,2006,10.0,303,3.3003300330033
5,31,2007,24.0,295,8.135593220338983
5,31,2012,7.0,186,3.763440860215054
5,31,2013,8.0,183,4.371584699453552
5,310,1998,3.0,129,2.3255813953488373
5,310,1999,5.0,126,3.968253968253968
5,310,2000,5.0,137,3.64963503649635
5,310,2001,5.0,104,4.807692307692308
5,310,2002,6.0,117,5.128205128205128
5,310,2003,1.0,99,1.0101010101010102
5,310,2004,1.0,94,1.0638297872340425
5,310,2005,4.0,95,4.2105263157894735
5,310,2006,2.0,87,2.2988505747126435
5,310,2007,1.0,67,1.4925373134328357
5,310,2012,1.0,38,2.631578947368421
5,310,2013,0.0,28,0.0
5,313,1998,10.0,341,2.932551319648094
5,313,1999,9.0,329,2.735562310030395
5,313,2000,8.0,273,2.93040293040293
5,313,2001,5.0,163,3.067484662576687
5,313,2002,6.0,123,4.878048780487805
5,313,2003,5.0,99,5.05050505050505
5,313,2004,3.0,90,3.3333333333333335
5,313,2005,0.0,72,0.0
5,313,2006,3.0,63,4.761904761904762
5,313,2007,4.0,72,5.555555555555555
5,313,2012,1.0,24,4.166666666666666
5,313,2013,2.0,25,8.0
5,315,1998,9.0,89,10.112359550561797
5,315,1999,5.0,96,5.208333333333334
5,315,2000,7.0,79,8.860759493670885
5,315,2001,1.0,91,1.098901098901099
5,315,2002,2.0,80,2.5
5,315,2003,4.0,81,4.938271604938271
5,315,2004,2.0,75,2.666666666666667
5,315,2005,3.0,54,5.555555555555555
5,315,2006,4.0,69,5.797101449275362
5,315,2007,0.0,49,0.0
5,315,2012,0.0,23,0.0
5,315,2013,0.0,18,0.0
5,318,1998,11.0,319,3.4482758620689653
5,318,1999,15.0,285,5.263157894736842
5,318,2000,13.0,279,4.659498207885305
5,318,2001,12.0,282,4.25531914893617
5,318,2002,3.0,250,1.2
5,318,2003,8.0,236,3.389830508474576
5,318,2004,10.0,220,4.545454545454546
5,318,2005,10.0,165,6.0606060606060606
5,318,2006,10.0,172,5.813953488372093
5,318,2007,2.0,143,1.3986013986013985
5,318,2012,2.0,83,2.4096385542168677
5,318,2013,1.0,65,1.5384615384615385
5,321,1998,5.0,80,6.25
5,321,1999,0.0,67,0.0
5,321,2000,3.0,67,4.477611940298507
5,321,2001,1.0,68,1.4705882352941175
5,321,2002,3.0,48,6.25
5,321,2003,1.0,45,2.2222222222222223
5,321,2004,2.0,58,3.4482758620689653
5,321,2005,3.0,54,5.555555555555555
5,321,2006,0.0,26,0.0
5,321,2007,1.0,27,3.7037037037037033
5,321,2012,0.0,12,0.0
5,321,2013,0.0,13,0.0
5,34,1998,53.0,784,6.760204081632653
5,34,1999,37.0,742,4.986522911051213
5,34,2000,49.0,767,6.388526727509778
5,34,2001,57.0,739,7.7131258457374825
5,34,2002,42.0,719,5.84144645340751
5,34,2003,46.0,727,6.327372764786795
5,34,2004,36.0,674,5.341246290801187
5,34,2005,36.0,548,6.569343065693431
5,34,2006,31.0,437,7.093821510297483
5,34,2007,38.0,524,7.251908396946565
5,34,2012,10.0,256,3.90625
5,34,2013,16.0,256,6.25
5,347,1998,2.0,87,2.2988505747126435
5,347,1999,0.0,85,0.0
5,347,2000,2.0,86,2.3255813953488373
5,347,2001,5.0,59,8.47457627118644
5,347,2002,2.0,65,3.076923076923077
5,347,2003,5.0,66,7.575757575757576
5,347,2004,4.0,83,4.819277108433735
5,347,2005,8.0,67,11.940298507462686
5,347,2006,1.0,56,1.7857142857142856
5,347,2007,3.0,45,6.666666666666667
5,347,2012,1.0,16,6.25
5,347,2013,1.0,19,5.263157894736842
5,353,1998,6.0,70,8.571428571428571
5,353,1999,6.0,57,10.526315789473683
5,353,2000,2.0,61,3.278688524590164
5,353,2001,4.0,42,9.523809523809524
5,353,2002,4.0,58,6.896551724137931
5,353,2003,3.0,54,5.555555555555555
5,353,2004,6.0,64,9.375
5,353,2005,2.0,52,3.8461538461538463
5,353,2006,1.0,57,1.7543859649122806
5,353,2007,0.0,30,0.0
5,353,2012,0.0,10,0.0
5,353,2013,1.0,18,5.555555555555555
5,36,1998,5.0,87,5.747126436781609
5,36,1999,0.0,63,0.0
5,36,2000,7.0,75,9.333333333333334
5,36,2001,2.0,53,3.7735849056603774
5,36,2002,4.0,73,5.47945205479452
5,36,2003,4.0,55,7.2727272727272725
5,36,2004,4.0,46,8.695652173913043
5,36,2005,3.0,37,8.108108108108109
5,36,2006,1.0,26,3.8461538461538463
5,36,2007,3.0,54,5.555555555555555
5,36,2012,0.0,16,0.0
5,36,2013,1.0,11,9.090909090909092
5,360,1998,790.0,9914,7.968529352430906
5,360,1999,749.0,8981,8.339828526890102
5,360,2000,447.0,6161,7.255315695503977
5,360,2001,263.0,3860,6.813471502590673
5,360,2002,112.0,2701,4.146612365790448
5,360,2003,116.0,2673,4.339693228582117
5,360,2004,101.0,2557,3.9499413375048884
5,360,2005,83.0,2337,3.551561831407788
5,360,2006,91.0,2275,4.0
5,360,2007,62.0,2376,2.6094276094276094
5,360,2012,10.0,244,4.098360655737705
5,360,2013,3.0,223,1.345291479820628
5,361,1998,19.0,354,5.367231638418079
5,361,1999,20.0,347,5.763688760806916
5,361,2000,27.0,474,5.69620253164557
5,361,2001,34.0,410,8.292682926829269
5,361,2002,26.0,459,5.664488017429194
5,361,2003,31.0,429,7.226107226107226
5,361,2004,33.0,378,8.73015873015873
5,361,2005,28.0,386,7.253886010362693
5,361,2006,18.0,283,6.36042402826855
5,361,2007,19.0,288,6.597222222222222
5,361,2012,9.0,211,4.265402843601896
5,361,2013,3.0,180,1.6666666666666667
5,364,1998,9.0,251,3.5856573705179287
5,364,1999,16.0,242,6.6115702479338845
5,364,2000,13.0,292,4.4520547945205475
5,364,2001,7.0,226,3.0973451327433628
5,364,2002,16.0,221,7.239819004524888
5,364,2003,9.0,228,3.9473684210526314
5,364,2004,8.0,225,3.5555555555555554
5,364,2005,6.0,188,3.1914893617021276
5,364,2006,5.0,149,3.3557046979865772
5,364,2007,8.0,164,4.878048780487805
5,364,2012,1.0,83,1.2048192771084338
5,364,2013,2.0,62,3.225806451612903
5,368,1998,17.0,210,8.095238095238095
5,368,1999,18.0,209,8.61244019138756
5,368,2000,8.0,205,3.902439024390244
5,368,2001,4.0,150,2.666666666666667
5,368,2002,7.0,135,5.185185185185185
5,368,2003,6.0,143,4.195804195804196
5,368,2004,3.0,130,2.307692307692308
5,368,2005,3.0,88,3.4090909090909087
5,368,2006,3.0,114,2.631578947368421
5,368,2007,3.0,100,3.0
5,368,2012,2.0,49,4.081632653061225
5,368,2013,2.0,21,9.523809523809524
5,376,1998,50.0,1272,3.930817610062893
5,376,1999,34.0,990,3.4343434343434343
5,376,2000,33.0,870,3.793103448275862
5,376,2001,27.0,744,3.6290322580645165
5,376,2002,30.0,691,4.341534008683068
5,376,2003,22.0,729,3.017832647462277
5,376,2004,39.0,739,5.2774018944519625
5,376,2005,31.0,695,4.460431654676259
5,376,2006,42.0,766,5.483028720626632
5,376,2007,43.0,836,5.143540669856459
5,376,2012,19.0,740,2.5675675675675675
5,376,2013,26.0,863,3.0127462340672073
5,38,1998,10.0,176,5.681818181818182
5,38,1999,14.0,196,7.142857142857142
5,38,2000,8.0,202,3.9603960396039604
5,38,2001,17.0,207,8.212560386473431
5,38,2002,12.0,209,5.741626794258373
5,38,2003,11.0,186,5.913978494623656
5,38,2004,6.0,148,4.054054054054054
5,38,2005,4.0,119,3.361344537815126
5,38,2006,6.0,111,5.405405405405405
5,38,2007,2.0,104,1.9230769230769231
5,38,2012,3.0,64,4.6875
5,38,2013,3.0,60,5.0
5,380,1998,10.0,154,6.493506493506493
5,380,1999,6.0,175,3.428571428571429
5,380,2000,7.0,212,3.30188679245283
5,380,2001,5.0,184,2.717391304347826
5,380,2002,4.0,165,2.4242424242424243
5,380,2003,8.0,165,4.848484848484849
5,380,2004,6.0,147,4.081632653061225
5,380,2005,6.0,125,4.8
5,380,2006,3.0,91,3.296703296703297
5,380,2007,5.0,72,6.944444444444445
5,380,2012,4.0,32,12.5
5,380,2013,0.0,36,0.0
5,390,1998,11.0,122,9.01639344262295
5,390,1999,7.0,107,6.5420560747663545
5,390,2000,5.0,105,4.761904761904762
5,390,2001,4.0,104,3.8461538461538463
5,390,2002,6.0,95,6.315789473684211
5,390,2003,9.0,102,8.823529411764707
5,390,2004,2.0,85,2.3529411764705883
5,390,2005,4.0,109,3.669724770642202
5,390,2006,1.0,85,1.1764705882352942
5,390,2007,2.0,57,3.508771929824561
5,390,2012,2.0,39,5.128205128205128
5,390,2013,1.0,31,3.225806451612903
5,4,1998,0.0,29,0.0
5,4,1999,0.0,29,0.0
5,4,2000,3.0,33,9.090909090909092
5,4,2001,1.0,21,4.761904761904762
5,4,2002,0.0,31,0.0
5,4,2003,2.0,25,8.0
5,4,2004,3.0,22,13.636363636363635
5,4,2005,0.0,16,0.0
5,4,2006,0.0,18,0.0
5,4,2007,1.0,12,8.333333333333332
5,4,2012,0.0,6,0.0
5,4,2013,0.0,3,0.0
5,40,1998,3.0,141,2.127659574468085
5,40,1999,5.0,170,2.941176470588235
5,40,2000,8.0,186,4.301075268817205
5,40,2001,6.0,180,3.3333333333333335
5,40,2002,4.0,170,2.3529411764705883
5,40,2003,3.0,189,1.5873015873015872
5,40,2004,5.0,231,2.1645021645021645
5,40,2005,3.0,212,1.4150943396226416
5,40,2006,3.0,196,1.530612244897959
5,40,2007,6.0,176,3.4090909090909087
5,40,2012,7.0,161,4.3478260869565215
5,40,2013,2.0,134,1.4925373134328357
5,400,1998,9.0,246,3.6585365853658534
5,400,1999,11.0,274,4.014598540145985
5,400,2000,7.0,241,2.904564315352697
5,400,2001,5.0,230,2.1739130434782608
5,400,2002,13.0,213,6.103286384976526
5,400,2003,10.0,178,5.617977528089887
5,400,2004,7.0,211,3.3175355450236967
5,400,2005,3.0,146,2.054794520547945
5,400,2006,5.0,148,3.3783783783783785
5,400,2007,4.0,116,3.4482758620689653
5,400,2012,2.0,56,3.571428571428571
5,400,2013,4.0,64,6.25
5,411,1998,4.0,137,2.9197080291970803
5,411,1999,5.0,126,3.968253968253968
5,411,2000,11.0,146,7.534246575342466
5,411,2001,4.0,147,2.7210884353741496
5,411,2002,7.0,154,4.545454545454546
5,411,2003,7.0,130,5.384615384615385
5,411,2004,3.0,129,2.3255813953488373
5,411,2005,3.0,133,2.2556390977443606
5,411,2006,5.0,108,4.62962962962963
5,411,2007,1.0,113,0.8849557522123894
5,411,2012,2.0,43,4.651162790697675
5,411,2013,0.0,36,0.0
5,42,1998,20.0,456,4.385964912280701
5,42,1999,53.0,611,8.674304418985269
5,42,2000,56.0,823,6.804374240583232
5,42,2001,91.0,948,9.599156118143458
5,42,2002,68.0,848,8.018867924528301
5,42,2003,63.0,845,7.455621301775148
5,42,2004,51.0,811,6.288532675709001
5,42,2005,32.0,829,3.8600723763570564
5,42,2006,63.0,878,7.175398633257403
5,42,2007,55.0,952,5.777310924369748
5,42,2012,19.0,741,2.564102564102564
5,42,2013,41.0,878,4.669703872437358
5,425,1998,4.0,95,4.2105263157894735
5,425,1999,9.0,108,8.333333333333332
5,425,2000,3.0,88,3.4090909090909087
5,425,2001,3.0,101,2.9702970297029703
5,425,2002,6.0,118,5.084745762711865
5,425,2003,7.0,100,7.000000000000001
5,425,2004,4.0,117,3.418803418803419
5,425,2005,3.0,88,3.4090909090909087
5,425,2006,3.0,80,3.75
5,425,2007,0.0,62,0.0
5,425,2012,1.0,45,2.2222222222222223
5,425,2013,2.0,38,5.263157894736842
5,44,1998,4.0,90,4.444444444444445
5,44,1999,6.0,99,6.0606060606060606
5,44,2000,2.0,138,1.4492753623188406
5,44,2001,4.0,113,3.5398230088495577
5,44,2002,5.0,127,3.937007874015748
5,44,2003,2.0,117,1.7094017094017095
5,44,2004,9.0,114,7.894736842105263
5,44,2005,5.0,93,5.376344086021505
5,44,2006,4.0,86,4.651162790697675
5,44,2007,2.0,71,2.8169014084507045
5,44,2012,0.0,37,0.0
5,44,2013,3.0,26,11.538461538461538
5,440,1998,21.0,468,4.487179487179487
5,440,1999,14.0,423,3.309692671394799
5,440,2000,12.0,432,2.7777777777777777
5,440,2001,7.0,363,1.9283746556473829
5,440,2002,9.0,276,3.260869565217391
5,440,2003,11.0,267,4.119850187265917
5,440,2004,13.0,261,4.980842911877394
5,440,2005,7.0,241,2.904564315352697
5,440,2006,14.0,239,5.857740585774058
5,440,2007,7.0,256,2.734375
5,440,2012,5.0,96,5.208333333333334
5,440,2013,4.0,93,4.301075268817205
5,45,1998,300.0,3417,8.779631255487269
5,45,1999,314.0,4242,7.402168788307402
5,45,2000,363.0,4973,7.2994168509953745
5,45,2001,311.0,4674,6.653829696191699
5,45,2002,290.0,4219,6.8736667456743294
5,45,2003,290.0,4531,6.40035312293092
5,45,2004,356.0,4984,7.142857142857142
5,45,2005,361.0,5390,6.697588126159555
5,45,2006,483.0,5504,8.775436046511627
5,45,2007,319.0,5192,6.1440677966101696
5,45,2012,180.0,3527,5.10348738304508
5,45,2013,147.0,2828,5.198019801980198
5,467,1998,2.0,139,1.4388489208633095
5,467,1999,11.0,118,9.322033898305085
5,467,2000,5.0,123,4.0650406504065035
5,467,2001,5.0,117,4.273504273504273
5,467,2002,8.0,111,7.207207207207207
5,467,2003,2.0,106,1.8867924528301887
5,467,2004,3.0,82,3.6585365853658534
5,467,2005,8.0,85,9.411764705882353
5,467,2006,1.0,56,1.7857142857142856
5,467,2007,6.0,52,11.538461538461538
5,467,2012,0.0,39,0.0
5,467,2013,0.0,17,0.0
5,475,1998,1.0,8,12.5
5,475,1999,0.0,4,0.0
5,475,2000,1.0,39,2.564102564102564
5,475,2001,2.0,76,2.631578947368421
5,475,2002,1.0,48,2.083333333333333
5,475,2003,3.0,23,13.043478260869565
5,475,2004,4.0,30,13.333333333333334
5,475,2005,1.0,29,3.4482758620689653
5,475,2006,1.0,17,5.88235294117647
5,475,2007,1.0,31,3.225806451612903
5,475,2012,3.0,43,6.976744186046512
5,475,2013,2.0,50,4.0
5,480,1998,8.0,124,6.451612903225806
5,480,1999,3.0,118,2.5423728813559325
5,480,2000,2.0,187,1.06951871657754
5,480,2001,4.0,103,3.8834951456310676
5,480,2002,4.0,115,3.4782608695652173
5,480,2003,4.0,101,3.9603960396039604
5,480,2004,2.0,106,1.8867924528301887
5,480,2005,8.0,109,7.339449541284404
5,480,2006,4.0,115,3.4782608695652173
5,480,2007,8.0,139,5.755395683453238
5,480,2012,5.0,184,2.717391304347826
5,480,2013,11.0,194,5.670103092783505
5,483,1998,7.0,200,3.5000000000000004
5,483,1999,14.0,267,5.2434456928838955
5,483,2000,15.0,222,6.756756756756757
5,483,2001,15.0,176,8.522727272727272
5,483,2002,17.0,210,8.095238095238095
5,483,2003,5.0,197,2.5380710659898478
5,483,2004,15.0,183,8.19672131147541
5,483,2005,3.0,173,1.7341040462427744
5,483,2006,9.0,112,8.035714285714286
5,483,2007,6.0,101,5.9405940594059405
5,483,2012,2.0,78,2.564102564102564
5,483,2013,2.0,52,3.8461538461538463
5,490,1998,18.0,380,4.736842105263158
5,490,1999,13.0,409,3.1784841075794623
5,490,2000,6.0,218,2.7522935779816518
5,490,2001,24.0,423,5.673758865248227
5,490,2002,18.0,519,3.4682080924855487
5,490,2003,26.0,611,4.25531914893617
5,490,2004,22.0,606,3.6303630363036308
5,490,2005,17.0,513,3.313840155945419
5,490,2006,19.0,589,3.225806451612903
5,490,2007,10.0,659,1.5174506828528074
5,490,2012,18.0,560,3.214285714285714
5,490,2013,10.0,399,2.506265664160401
5,495,1998,8.0,203,3.9408866995073892
5,495,1999,11.0,205,5.365853658536586
5,495,2000,11.0,262,4.198473282442748
5,495,2001,15.0,290,5.172413793103448
5,495,2002,10.0,258,3.875968992248062
5,495,2003,15.0,276,5.434782608695652
5,495,2004,17.0,339,5.014749262536873
5,495,2005,16.0,341,4.69208211143695
5,495,2006,19.0,410,4.634146341463414
5,495,2007,14.0,389,3.5989717223650386
5,495,2012,5.0,266,1.8796992481203008
5,495,2013,5.0,140,3.571428571428571
5,501,1998,1.0,9,11.11111111111111
5,501,1999,1.0,24,4.166666666666666
5,501,2000,4.0,22,18.181818181818183
5,501,2001,1.0,19,5.263157894736842
5,501,2002,2.0,32,6.25
5,501,2003,0.0,19,0.0
5,501,2004,0.0,26,0.0
5,501,2005,0.0,30,0.0
5,501,2006,0.0,23,0.0
5,501,2007,1.0,22,4.545454545454546
5,501,2012,0.0,9,0.0
5,501,2013,0.0,4,0.0
5,51,1998,14.0,411,3.40632603406326
5,51,1999,8.0,505,1.5841584158415842
5,51,2000,12.0,452,2.6548672566371683
5,51,2001,11.0,426,2.5821596244131455
5,51,2002,8.0,438,1.82648401826484
5,51,2003,16.0,400,4.0
5,51,2004,10.0,418,2.3923444976076556
5,51,2005,9.0,370,2.4324324324324325
5,51,2006,5.0,333,1.5015015015015014
5,51,2007,8.0,275,2.909090909090909
5,51,2012,1.0,179,0.5586592178770949
5,51,2013,0.0,123,0.0
5,541,1998,16.0,225,7.111111111111111
5,541,1999,9.0,219,4.10958904109589
5,541,2000,12.0,227,5.286343612334802
5,541,2001,9.0,211,4.265402843601896
5,541,2002,10.0,158,6.329113924050633
5,541,2003,3.0,155,1.935483870967742
5,541,2004,4.0,131,3.0534351145038165
5,541,2005,3.0,126,2.380952380952381
5,541,2006,6.0,121,4.958677685950414
5,541,2007,3.0,121,2.479338842975207
5,541,2012,2.0,58,3.4482758620689653
5,541,2013,1.0,71,1.4084507042253522
5,543,1998,8.0,102,7.8431372549019605
5,543,1999,5.0,97,5.154639175257731
5,543,2000,6.0,118,5.084745762711865
5,543,2001,3.0,117,2.564102564102564
5,543,2002,4.0,79,5.063291139240507
5,543,2003,5.0,60,8.333333333333332
5,543,2004,4.0,67,5.970149253731343
5,543,2005,7.0,75,9.333333333333334
5,543,2006,3.0,58,5.172413793103448
5,543,2007,4.0,61,6.557377049180328
5,543,2012,3.0,73,4.10958904109589
5,543,2013,1.0,57,1.7543859649122806
5,55,1998,7.0,125,5.6000000000000005
5,55,1999,11.0,161,6.832298136645963
5,55,2000,6.0,162,3.7037037037037033
5,55,2001,3.0,170,1.7647058823529411
5,55,2002,4.0,146,2.73972602739726
5,55,2003,5.0,118,4.23728813559322
5,55,2004,3.0,107,2.803738317757009
5,55,2005,4.0,117,3.418803418803419
5,55,2006,3.0,77,3.896103896103896
5,55,2007,3.0,89,3.3707865168539324
5,55,2012,1.0,39,2.564102564102564
5,55,2013,2.0,36,5.555555555555555
5,576,1998,4.0,137,2.9197080291970803
5,576,1999,9.0,124,7.258064516129033
5,576,2000,6.0,140,4.285714285714286
5,576,2001,3.0,114,2.631578947368421
5,576,2002,9.0,131,6.870229007633588
5,576,2003,7.0,126,5.555555555555555
5,576,2004,2.0,125,1.6
5,576,2005,6.0,103,5.825242718446602
5,576,2006,1.0,70,1.4285714285714286
5,576,2007,1.0,75,1.3333333333333335
5,576,2012,3.0,59,5.084745762711865
5,576,2013,0.0,28,0.0
5,579,1998,58.0,931,6.229860365198711
5,579,1999,67.0,1178,5.68760611205433
5,579,2000,79.0,1321,5.980317940953823
5,579,2001,78.0,1206,6.467661691542288
5,579,2002,60.0,1115,5.381165919282512
5,579,2003,66.0,1157,5.704407951598963
5,579,2004,79.0,1356,5.825958702064897
5,579,2005,65.0,1289,5.04266873545384
5,579,2006,75.0,1332,5.63063063063063
5,579,2007,63.0,1206,5.223880597014925
5,579,2012,39.0,864,4.513888888888888
5,579,2013,27.0,668,4.04191616766467
5,585,1998,6.0,181,3.314917127071823
5,585,1999,8.0,228,3.508771929824561
5,585,2000,10.0,232,4.310344827586207
5,585,2001,10.0,233,4.291845493562231
5,585,2002,7.0,181,3.867403314917127
5,585,2003,9.0,239,3.765690376569038
5,585,2004,7.0,170,4.117647058823529
5,585,2005,9.0,197,4.568527918781726
5,585,2006,5.0,159,3.1446540880503147
5,585,2007,6.0,157,3.821656050955414
5,585,2012,1.0,37,2.7027027027027026
5,585,2013,0.0,31,0.0
5,59,1998,6.0,76,7.894736842105263
5,59,1999,7.0,67,10.44776119402985
5,59,2000,6.0,63,9.523809523809524
5,59,2001,4.0,41,9.75609756097561
5,59,2002,3.0,57,5.263157894736842
5,59,2003,1.0,37,2.7027027027027026
5,59,2004,2.0,34,5.88235294117647
5,59,2005,3.0,38,7.894736842105263
5,59,2006,0.0,37,0.0
5,59,2007,2.0,32,6.25
5,59,2012,0.0,19,0.0
5,59,2013,0.0,17,0.0
5,591,1998,9.0,159,5.660377358490567
5,591,1999,8.0,201,3.9800995024875623
5,591,2000,8.0,245,3.2653061224489797
5,591,2001,6.0,217,2.7649769585253456
5,591,2002,5.0,224,2.232142857142857
5,591,2003,5.0,192,2.604166666666667
5,591,2004,3.0,233,1.2875536480686696
5,591,2005,6.0,206,2.912621359223301
5,591,2006,4.0,207,1.932367149758454
5,591,2007,6.0,157,3.821656050955414
5,591,2012,1.0,57,1.7543859649122806
5,591,2013,5.0,41,12.195121951219512
5,604,1998,5.0,191,2.6178010471204187
5,604,1999,20.0,300,6.666666666666667
5,604,2000,21.0,369,5.691056910569105
5,604,2001,15.0,317,4.73186119873817
5,604,2002,16.0,304,5.263157894736842
5,604,2003,8.0,302,2.6490066225165565
5,604,2004,11.0,300,3.6666666666666665
5,604,2005,18.0,351,5.128205128205128
5,604,2006,13.0,366,3.551912568306011
5,604,2007,6.0,363,1.6528925619834711
5,604,2012,4.0,213,1.8779342723004695
5,604,2013,4.0,173,2.312138728323699
5,607,1998,6.0,106,5.660377358490567
5,607,1999,1.0,99,1.0101010101010102
5,607,2000,3.0,94,3.1914893617021276
5,607,2001,4.0,107,3.7383177570093453
5,607,2002,2.0,89,2.247191011235955
5,607,2003,1.0,70,1.4285714285714286
5,607,2004,3.0,66,4.545454545454546
5,607,2005,1.0,60,1.6666666666666667
5,607,2006,0.0,56,0.0
5,607,2007,2.0,54,3.7037037037037033
5,607,2012,0.0,7,0.0
5,607,2013,3.0,7,42.857142857142854
5,615,1998,180.0,2852,6.311360448807854
5,615,1999,251.0,3141,7.991085641515442
5,615,2000,301.0,3539,8.505227465385703
5,615,2001,304.0,3471,8.758282915586287
5,615,2002,349.0,3739,9.334046536507087
5,615,2003,358.0,3621,9.886771610052472
5,615,2004,275.0,3689,7.454594741122255
5,615,2005,272.0,3756,7.24174653887114
5,615,2006,277.0,3553,7.796228539262595
5,615,2007,293.0,3603,8.132112128781571
5,615,2012,619.0,4409,14.039464731231572
5,615,2013,636.0,4520,14.07079646017699
5,628,1998,5.0,144,3.4722222222222223
5,628,1999,9.0,150,6.0
5,628,2000,4.0,122,3.278688524590164
5,628,2001,8.0,112,7.142857142857142
5,628,2002,7.0,142,4.929577464788732
5,628,2003,3.0,123,2.4390243902439024
5,628,2004,15.0,127,11.811023622047244
5,628,2005,6.0,122,4.918032786885246
5,628,2006,9.0,112,8.035714285714286
5,628,2007,2.0,111,1.8018018018018018
5,628,2012,3.0,69,4.3478260869565215
5,628,2013,5.0,61,8.19672131147541
5,631,1998,3.0,143,2.097902097902098
5,631,1999,6.0,133,4.511278195488721
5,631,2000,6.0,100,6.0
5,631,2001,5.0,99,5.05050505050505
5,631,2002,1.0,79,1.2658227848101267
5,631,2003,2.0,62,3.225806451612903
5,631,2004,2.0,82,2.4390243902439024
5,631,2005,2.0,47,4.25531914893617
5,631,2006,2.0,62,3.225806451612903
5,631,2007,2.0,69,2.898550724637681
5,631,2012,8.0,131,6.106870229007633
5,631,2013,7.0,174,4.022988505747127
5,642,1998,14.0,287,4.878048780487805
5,642,1999,14.0,270,5.185185185185185
5,642,2000,16.0,306,5.228758169934641
5,642,2001,22.0,322,6.832298136645963
5,642,2002,13.0,265,4.905660377358491
5,642,2003,17.0,299,5.68561872909699
5,642,2004,11.0,230,4.782608695652174
5,642,2005,15.0,261,5.747126436781609
5,642,2006,5.0,209,2.3923444976076556
5,642,2007,6.0,175,3.428571428571429
5,642,2012,5.0,112,4.464285714285714
5,642,2013,2.0,127,1.574803149606299
5,647,1998,2.0,107,1.8691588785046727
5,647,1999,5.0,121,4.132231404958678
5,647,2000,6.0,116,5.172413793103448
5,647,2001,13.0,141,9.219858156028367
5,647,2002,3.0,89,3.3707865168539324
5,647,2003,6.0,118,5.084745762711865
5,647,2004,4.0,112,3.571428571428571
5,647,2005,5.0,119,4.201680672268908
5,647,2006,5.0,82,6.097560975609756
5,647,2007,8.0,103,7.766990291262135
5,647,2012,2.0,44,4.545454545454546
5,647,2013,2.0,47,4.25531914893617
5,649,1998,15.0,350,4.285714285714286
5,649,1999,12.0,301,3.9867109634551494
5,649,2000,9.0,281,3.202846975088968
5,649,2001,9.0,243,3.7037037037037033
5,649,2002,8.0,144,5.555555555555555
5,649,2003,9.0,155,5.806451612903226
5,649,2004,5.0,153,3.2679738562091507
5,649,2005,4.0,136,2.941176470588235
5,649,2006,1.0,139,0.7194244604316548
5,649,2007,3.0,107,2.803738317757009
5,649,2012,2.0,49,4.081632653061225
5,649,2013,0.0,46,0.0
5,652,1998,2.0,79,2.5316455696202533
5,652,1999,1.0,50,2.0
5,652,2000,8.0,73,10.95890410958904
5,652,2001,0.0,96,0.0
5,652,2002,3.0,94,3.1914893617021276
5,652,2003,6.0,69,8.695652173913043
5,652,2004,1.0,48,2.083333333333333
5,652,2005,4.0,49,8.16326530612245
5,652,2006,2.0,57,3.508771929824561
5,652,2007,0.0,63,0.0
5,652,2012,1.0,18,5.555555555555555
5,652,2013,1.0,26,3.8461538461538463
5,656,1998,2.0,107,1.8691588785046727
5,656,1999,8.0,91,8.791208791208792
5,656,2000,3.0,139,2.158273381294964
5,656,2001,2.0,108,1.8518518518518516
5,656,2002,4.0,147,2.7210884353741496
5,656,2003,2.0,123,1.6260162601626018
5,656,2004,10.0,115,8.695652173913043
5,656,2005,3.0,107,2.803738317757009
5,656,2006,2.0,107,1.8691588785046727
5,656,2007,4.0,86,4.651162790697675
5,656,2012,1.0,48,2.083333333333333
5,656,2013,0.0,39,0.0
5,658,1998,4.0,73,5.47945205479452
5,658,1999,2.0,60,3.3333333333333335
5,658,2000,2.0,73,2.73972602739726
5,658,2001,3.0,54,5.555555555555555
5,658,2002,2.0,61,3.278688524590164
5,658,2003,1.0,54,1.8518518518518516
5,658,2004,5.0,71,7.042253521126761
5,658,2005,6.0,53,11.320754716981133
5,658,2006,0.0,40,0.0
5,658,2007,2.0,33,6.0606060606060606
5,658,2012,0.0,10,0.0
5,658,2013,3.0,28,10.714285714285714
5,659,1998,6.0,102,5.88235294117647
5,659,1999,5.0,158,3.1645569620253164
5,659,2000,10.0,177,5.649717514124294
5,659,2001,9.0,183,4.918032786885246
5,659,2002,7.0,234,2.9914529914529915
5,659,2003,10.0,219,4.5662100456621
5,659,2004,14.0,240,5.833333333333333
5,659,2005,13.0,246,5.284552845528456
5,659,2006,9.0,229,3.9301310043668125
5,659,2007,9.0,261,3.4482758620689653
5,659,2012,7.0,249,2.8112449799196786
5,659,2013,5.0,154,3.2467532467532463
5,660,1998,6.0,248,2.4193548387096775
5,660,1999,0.0,207,0.0
5,660,2000,3.0,161,1.8633540372670807
5,660,2001,7.0,210,3.3333333333333335
5,660,2002,9.0,164,5.487804878048781
5,660,2003,6.0,139,4.316546762589928
5,660,2004,2.0,138,1.4492753623188406
5,660,2005,3.0,116,2.586206896551724
5,660,2006,5.0,136,3.6764705882352944
5,660,2007,2.0,153,1.3071895424836601
5,660,2012,5.0,101,4.9504950495049505
5,660,2013,0.0,111,0.0
5,664,1998,20.0,315,6.349206349206349
5,664,1999,13.0,295,4.406779661016949
5,664,2000,16.0,255,6.2745098039215685
5,664,2001,19.0,344,5.523255813953488
5,664,2002,18.0,294,6.122448979591836
5,664,2003,9.0,253,3.557312252964427
5,664,2004,8.0,218,3.669724770642202
5,664,2005,11.0,191,5.7591623036649215
5,664,2006,9.0,162,5.555555555555555
5,664,2007,13.0,188,6.914893617021277
5,664,2012,2.0,99,2.0202020202020203
5,664,2013,5.0,126,3.968253968253968
5,665,1998,21.0,402,5.223880597014925
5,665,1999,25.0,380,6.578947368421052
5,665,2000,31.0,381,8.136482939632545
5,665,2001,21.0,483,4.3478260869565215
5,665,2002,19.0,474,4.008438818565401
5,665,2003,21.0,530,3.9622641509433962
5,665,2004,23.0,534,4.307116104868914
5,665,2005,22.0,453,4.856512141280353
5,665,2006,13.0,464,2.8017241379310347
5,665,2007,11.0,460,2.391304347826087
5,665,2012,18.0,290,6.206896551724138
5,665,2013,3.0,225,1.3333333333333335
5,667,1998,15.0,266,5.639097744360902
5,667,1999,6.0,308,1.948051948051948
5,667,2000,17.0,321,5.29595015576324
5,667,2001,9.0,228,3.9473684210526314
5,667,2002,12.0,217,5.529953917050691
5,667,2003,14.0,211,6.6350710900473935
5,667,2004,6.0,183,3.278688524590164
5,667,2005,5.0,168,2.976190476190476
5,667,2006,4.0,168,2.380952380952381
5,667,2007,3.0,140,2.142857142857143
5,667,2012,2.0,77,2.5974025974025974
5,667,2013,1.0,42,2.380952380952381
5,670,1998,20.0,261,7.662835249042145
5,670,1999,19.0,302,6.291390728476822
5,670,2000,15.0,305,4.918032786885246
5,670,2001,21.0,330,6.363636363636363
5,670,2002,16.0,257,6.22568093385214
5,670,2003,11.0,237,4.641350210970464
5,670,2004,11.0,273,4.029304029304029
5,670,2005,12.0,249,4.819277108433735
5,670,2006,14.0,198,7.07070707070707
5,670,2007,10.0,198,5.05050505050505
5,670,2012,6.0,143,4.195804195804196
5,670,2013,4.0,111,3.6036036036036037
5,674,1998,17.0,286,5.944055944055944
5,674,1999,12.0,274,4.37956204379562
5,674,2000,15.0,246,6.097560975609756
5,674,2001,7.0,250,2.8000000000000003
5,674,2002,9.0,191,4.712041884816754
5,674,2003,10.0,231,4.329004329004329
5,674,2004,9.0,223,4.0358744394618835
5,674,2005,7.0,163,4.294478527607362
5,674,2006,5.0,121,4.132231404958678
5,674,2007,10.0,156,6.41025641025641
5,674,2012,2.0,59,3.389830508474576
5,674,2013,2.0,51,3.9215686274509802
5,679,1998,25.0,545,4.587155963302752
5,679,1999,15.0,356,4.213483146067416
5,679,2000,24.0,348,6.896551724137931
5,679,2001,14.0,296,4.72972972972973
5,679,2002,15.0,281,5.338078291814947
5,679,2003,10.0,269,3.717472118959108
5,679,2004,8.0,257,3.11284046692607
5,679,2005,8.0,221,3.619909502262444
5,679,2006,10.0,208,4.807692307692308
5,679,2007,3.0,192,1.5625
5,679,2012,7.0,131,5.343511450381679
5,679,2013,4.0,100,4.0
5,686,1998,39.0,426,9.15492957746479
5,686,1999,29.0,417,6.954436450839328
5,686,2000,39.0,434,8.986175115207374
5,686,2001,30.0,382,7.853403141361256
5,686,2002,26.0,403,6.451612903225806
5,686,2003,38.0,495,7.6767676767676765
5,686,2004,46.0,609,7.55336617405583
5,686,2005,49.0,580,8.448275862068966
5,686,2006,55.0,642,8.566978193146417
5,686,2007,30.0,635,4.724409448818897
5,686,2012,7.0,366,1.912568306010929
5,686,2013,6.0,298,2.013422818791946
5,690,1998,6.0,134,4.477611940298507
5,690,1999,4.0,129,3.10077519379845
5,690,2000,5.0,146,3.4246575342465753
5,690,2001,5.0,126,3.968253968253968
5,690,2002,5.0,128,3.90625
5,690,2003,5.0,123,4.0650406504065035
5,690,2004,3.0,107,2.803738317757009
5,690,2005,0.0,107,0.0
5,690,2006,2.0,105,1.9047619047619049
5,690,2007,2.0,104,1.9230769230769231
5,690,2012,0.0,14,0.0
5,690,2013,1.0,13,7.6923076923076925
5,697,1998,13.0,433,3.0023094688221708
5,697,1999,11.0,393,2.7989821882951653
5,697,2000,10.0,325,3.076923076923077
5,697,2001,14.0,304,4.605263157894736
5,697,2002,11.0,284,3.873239436619718
5,697,2003,8.0,298,2.684563758389262
5,697,2004,7.0,293,2.3890784982935154
5,697,2005,3.0,246,1.2195121951219512
5,697,2006,5.0,265,1.8867924528301887
5,697,2007,8.0,216,3.7037037037037033
5,697,2012,4.0,61,6.557377049180328
5,697,2013,3.0,81,3.7037037037037033
5,736,1998,29.0,515,5.631067961165048
5,736,1999,14.0,339,4.129793510324483
5,736,2000,30.0,567,5.291005291005291
5,736,2001,27.0,488,5.532786885245901
5,736,2002,20.0,436,4.587155963302752
5,736,2003,19.0,485,3.917525773195876
5,736,2004,18.0,561,3.2085561497326207
5,736,2005,22.0,531,4.143126177024483
5,736,2006,10.0,454,2.2026431718061676
5,736,2007,17.0,323,5.263157894736842
5,736,2012,4.0,228,1.7543859649122806
5,736,2013,3.0,207,1.4492753623188406
5,756,1998,39.0,623,6.260032102728733
5,756,1999,37.0,618,5.9870550161812295
5,756,2000,37.0,586,6.313993174061433
5,756,2001,36.0,556,6.474820143884892
5,756,2002,37.0,520,7.115384615384615
5,756,2003,51.0,594,8.585858585858585
5,756,2004,36.0,549,6.557377049180328
5,756,2005,32.0,438,7.30593607305936
5,756,2006,29.0,411,7.0559610705596105
5,756,2007,21.0,393,5.343511450381679
5,756,2012,10.0,195,5.128205128205128
5,756,2013,6.0,174,3.4482758620689653
5,761,1998,4.0,107,3.7383177570093453
5,761,1999,5.0,113,4.424778761061947
5,761,2000,6.0,154,3.896103896103896
5,761,2001,9.0,141,6.382978723404255
5,761,2002,5.0,129,3.875968992248062
5,761,2003,9.0,144,6.25
5,761,2004,6.0,114,5.263157894736842
5,761,2005,4.0,114,3.508771929824561
5,761,2006,4.0,105,3.8095238095238098
5,761,2007,6.0,79,7.59493670886076
5,761,2012,1.0,58,1.7241379310344827
5,761,2013,2.0,37,5.405405405405405
5,789,1998,3.0,224,1.3392857142857142
5,789,1999,12.0,253,4.743083003952568
5,789,2000,6.0,235,2.553191489361702
5,789,2001,6.0,234,2.564102564102564
5,789,2002,4.0,226,1.7699115044247788
5,789,2003,3.0,202,1.4851485148514851
5,789,2004,2.0,219,0.91324200913242
5,789,2005,5.0,172,2.9069767441860463
5,789,2006,0.0,149,0.0
5,789,2007,1.0,127,0.7874015748031495
5,789,2012,8.0,78,10.256410256410255
5,789,2013,2.0,78,2.564102564102564
5,79,1998,26.0,553,4.701627486437613
5,79,1999,26.0,610,4.2622950819672125
5,79,2000,23.0,553,4.159132007233273
5,79,2001,26.0,481,5.405405405405405
5,79,2002,17.0,438,3.881278538812785
5,79,2003,17.0,401,4.239401496259352
5,79,2004,11.0,396,2.7777777777777777
5,79,2005,19.0,350,5.428571428571429
5,79,2006,4.0,270,1.4814814814814816
5,79,2007,8.0,263,3.041825095057034
5,79,2012,6.0,135,4.444444444444445
5,79,2013,7.0,115,6.086956521739131
5,790,1998,12.0,257,4.669260700389105
5,790,1999,12.0,353,3.39943342776204
5,790,2000,20.0,447,4.47427293064877
5,790,2001,18.0,481,3.7422037422037424
5,790,2002,27.0,492,5.487804878048781
5,790,2003,15.0,571,2.626970227670753
5,790,2004,22.0,600,3.6666666666666665
5,790,2005,16.0,793,2.01765447667087
5,790,2006,21.0,685,3.065693430656934
5,790,2007,20.0,572,3.4965034965034967
5,790,2012,17.0,347,4.899135446685879
5,790,2013,8.0,218,3.669724770642202
5,792,1998,3.0,101,2.9702970297029703
5,792,1999,10.0,112,8.928571428571429
5,792,2000,2.0,79,2.5316455696202533
5,792,2001,6.0,86,6.976744186046512
5,792,2002,6.0,114,5.263157894736842
5,792,2003,8.0,106,7.547169811320755
5,792,2004,3.0,78,3.8461538461538463
5,792,2005,4.0,56,7.142857142857142
5,792,2006,4.0,55,7.2727272727272725
5,792,2007,2.0,54,3.7037037037037033
5,792,2012,3.0,24,12.5
5,792,2013,1.0,19,5.263157894736842
5,809,1998,9.0,103,8.737864077669903
5,809,1999,4.0,133,3.007518796992481
5,809,2000,5.0,107,4.672897196261682
5,809,2001,6.0,128,4.6875
5,809,2002,10.0,122,8.19672131147541
5,809,2003,7.0,92,7.608695652173914
5,809,2004,4.0,105,3.8095238095238098
5,809,2005,4.0,67,5.970149253731343
5,809,2006,2.0,54,3.7037037037037033
5,809,2007,2.0,70,2.857142857142857
5,809,2012,2.0,40,5.0
5,809,2013,0.0,43,0.0
5,819,1998,3.0,82,3.6585365853658534
5,819,1999,5.0,82,6.097560975609756
5,819,2000,4.0,108,3.7037037037037033
5,819,2001,1.0,73,1.36986301369863
5,819,2002,4.0,101,3.9603960396039604
5,819,2003,2.0,63,3.1746031746031744
5,819,2004,3.0,94,3.1914893617021276
5,819,2005,1.0,64,1.5625
5,819,2006,4.0,68,5.88235294117647
5,819,2007,2.0,68,2.941176470588235
5,819,2012,0.0,47,0.0
5,819,2013,2.0,26,7.6923076923076925
5,837,1998,77.0,1340,5.746268656716418
5,837,1999,88.0,1704,5.164319248826291
5,837,2000,86.0,1873,4.591564335290977
5,837,2001,99.0,1778,5.568053993250844
5,837,2002,169.0,2222,7.605760576057606
5,837,2003,160.0,2164,7.393715341959335
5,837,2004,150.0,2422,6.193228736581338
5,837,2005,149.0,2420,6.1570247933884295
5,837,2006,222.0,2816,7.8835227272727275
5,837,2007,175.0,2659,6.581421587062805
5,837,2012,130.0,2495,5.210420841683367
5,837,2013,140.0,2333,6.000857265323618
5,842,1998,5.0,92,5.434782608695652
5,842,1999,10.0,133,7.518796992481203
5,842,2000,8.0,114,7.017543859649122
5,842,2001,7.0,85,8.235294117647058
5,842,2002,4.0,92,4.3478260869565215
5,842,2003,5.0,100,5.0
5,842,2004,6.0,72,8.333333333333332
5,842,2005,4.0,109,3.669724770642202
5,842,2006,3.0,95,3.1578947368421053
5,842,2007,8.0,75,10.666666666666668
5,842,2012,2.0,59,3.389830508474576
5,842,2013,4.0,61,6.557377049180328
5,847,1998,30.0,452,6.637168141592921
5,847,1999,18.0,540,3.3333333333333335
5,847,2000,27.0,520,5.1923076923076925
5,847,2001,23.0,448,5.133928571428571
5,847,2002,34.0,457,7.439824945295405
5,847,2003,31.0,441,7.029478458049887
5,847,2004,19.0,412,4.611650485436893
5,847,2005,17.0,369,4.607046070460704
5,847,2006,17.0,354,4.80225988700565
5,847,2007,9.0,296,3.040540540540541
5,847,2012,16.0,237,6.751054852320674
5,847,2013,9.0,198,4.545454545454546
5,854,1998,2.0,64,3.125
5,854,1999,8.0,186,4.301075268817205
5,854,2000,12.0,203,5.911330049261084
5,854,2001,10.0,172,5.813953488372093
5,854,2002,12.0,204,5.88235294117647
5,854,2003,14.0,199,7.035175879396985
5,854,2004,10.0,227,4.405286343612335
5,854,2005,11.0,235,4.680851063829787
5,854,2006,10.0,240,4.166666666666666
5,854,2007,11.0,241,4.564315352697095
5,854,2012,8.0,89,8.98876404494382
5,854,2013,3.0,56,5.357142857142857
5,856,1998,2.0,110,1.8181818181818181
5,856,1999,2.0,91,2.197802197802198
5,856,2000,3.0,75,4.0
5,856,2001,3.0,69,4.3478260869565215
5,856,2002,0.0,76,0.0
5,856,2003,7.0,73,9.58904109589041
5,856,2004,1.0,63,1.5873015873015872
5,856,2005,2.0,49,4.081632653061225
5,856,2006,0.0,58,0.0
5,856,2007,4.0,61,6.557377049180328
5,856,2012,1.0,21,4.761904761904762
5,856,2013,3.0,22,13.636363636363635
5,858,1998,10.0,204,4.901960784313726
5,858,1999,12.0,230,5.217391304347826
5,858,2000,11.0,204,5.392156862745098
5,858,2001,11.0,208,5.288461538461538
5,858,2002,14.0,192,7.291666666666667
5,858,2003,6.0,192,3.125
5,858,2004,5.0,182,2.7472527472527473
5,858,2005,7.0,207,3.3816425120772946
5,858,2006,6.0,179,3.35195530726257
5,858,2007,2.0,147,1.3605442176870748
5,858,2012,4.0,111,3.6036036036036037
5,858,2013,2.0,82,2.4390243902439024
5,86,1998,1.0,83,1.2048192771084338
5,86,1999,3.0,83,3.614457831325301
5,86,2000,2.0,84,2.380952380952381
5,86,2001,0.0,76,0.0
5,86,2002,4.0,87,4.597701149425287
5,86,2003,3.0,96,3.125
5,86,2004,5.0,75,6.666666666666667
5,86,2005,1.0,64,1.5625
5,86,2006,6.0,59,10.16949152542373
5,86,2007,0.0,47,0.0
5,86,2012,2.0,50,4.0
5,86,2013,1.0,28,3.571428571428571
5,861,1998,9.0,212,4.245283018867925
5,861,1999,8.0,139,5.755395683453238
5,861,2000,14.0,173,8.092485549132949
5,861,2001,1.0,167,0.5988023952095809
5,861,2002,8.0,170,4.705882352941177
5,861,2003,5.0,143,3.4965034965034967
5,861,2004,3.0,138,2.1739130434782608
5,861,2005,4.0,128,3.125
5,861,2006,7.0,110,6.363636363636363
5,861,2007,6.0,103,5.825242718446602
5,861,2012,2.0,29,6.896551724137931
5,861,2013,1.0,12,8.333333333333332
5,873,1998,2.0,37,5.405405405405405
5,873,1999,5.0,96,5.208333333333334
5,873,2000,6.0,80,7.5
5,873,2001,9.0,73,12.32876712328767
5,873,2002,14.0,75,18.666666666666668
5,873,2003,7.0,63,11.11111111111111
5,873,2004,6.0,71,8.450704225352112
5,873,2005,7.0,93,7.526881720430108
5,873,2006,2.0,125,1.6
5,873,2007,7.0,75,9.333333333333334
5,873,2012,4.0,72,5.555555555555555
5,873,2013,2.0,50,4.0
5,88,1998,878.0,10861,8.083970168492773
5,88,1999,762.0,9987,7.629918894562931
5,88,2000,496.0,7020,7.065527065527065
5,88,2001,254.0,3656,6.947483588621445
5,88,2002,195.0,2913,6.694129763130793
5,88,2003,200.0,2935,6.814310051107325
5,88,2004,205.0,3160,6.487341772151899
5,88,2005,147.0,3048,4.822834645669291
5,88,2006,129.0,2822,4.571226080793763
5,88,2007,110.0,2769,3.9725532683279163
5,88,2012,84.0,2233,3.761755485893417
5,88,2013,92.0,1863,4.938271604938271
5,885,1998,4.0,76,5.263157894736842
5,885,1999,7.0,141,4.964539007092199
5,885,2000,1.0,106,0.9433962264150944
5,885,2001,3.0,110,2.727272727272727
5,885,2002,3.0,67,4.477611940298507
5,885,2003,6.0,98,6.122448979591836
5,885,2004,5.0,82,6.097560975609756
5,885,2005,6.0,81,7.4074074074074066
5,885,2006,4.0,55,7.2727272727272725
5,885,2007,3.0,83,3.614457831325301
5,885,2012,2.0,53,3.7735849056603774
5,885,2013,2.0,34,5.88235294117647
5,887,1998,94.0,1030,9.12621359223301
5,887,1999,134.0,1283,10.44427123928293
5,887,2000,127.0,1327,9.570459683496608
5,887,2001,128.0,1220,10.491803278688524
5,887,2002,119.0,1206,9.867330016583747
5,887,2003,106.0,1228,8.631921824104234
5,887,2004,101.0,1344,7.514880952380952
5,887,2005,100.0,1338,7.473841554559043
5,887,2006,123.0,1479,8.316430020283976
5,887,2007,132.0,1462,9.028727770177838
5,887,2012,47.0,993,4.733131923464249
5,887,2013,68.0,997,6.820461384152457
5,890,1998,34.0,496,6.854838709677419
5,890,1999,32.0,535,5.981308411214954
5,890,2000,41.0,590,6.9491525423728815
5,890,2001,31.0,523,5.927342256214149
5,890,2002,27.0,518,5.212355212355212
5,890,2003,21.0,577,3.6395147313691507
5,890,2004,19.0,589,3.225806451612903
5,890,2005,26.0,538,4.83271375464684
5,890,2006,22.0,595,3.697478991596639
5,890,2007,38.0,765,4.967320261437909
5,890,2012,6.0,545,1.1009174311926606
5,890,2013,17.0,664,2.5602409638554215
5,893,1998,2.0,134,1.4925373134328357
5,893,1999,4.0,186,2.1505376344086025
5,893,2000,6.0,220,2.727272727272727
5,893,2001,5.0,193,2.5906735751295336
5,893,2002,5.0,177,2.824858757062147
5,893,2003,7.0,188,3.723404255319149
5,893,2004,6.0,206,2.912621359223301
5,893,2005,7.0,179,3.910614525139665
5,893,2006,5.0,159,3.1446540880503147
5,893,2007,5.0,176,2.840909090909091
5,893,2012,2.0,87,2.2988505747126435
5,893,2013,0.0,103,0.0
5,895,1998,16.0,379,4.221635883905013
5,895,1999,18.0,430,4.186046511627907
5,895,2000,28.0,386,7.253886010362693
5,895,2001,16.0,383,4.177545691906006
5,895,2002,22.0,451,4.878048780487805
5,895,2003,31.0,487,6.365503080082135
5,895,2004,16.0,440,3.6363636363636362
5,895,2005,18.0,429,4.195804195804196
5,895,2006,10.0,372,2.6881720430107525
5,895,2007,16.0,386,4.145077720207254
5,895,2012,7.0,255,2.7450980392156863
5,895,2013,8.0,238,3.361344537815126
5,91,1998,9.0,101,8.91089108910891
5,91,1999,4.0,106,3.7735849056603774
5,91,2000,4.0,106,3.7735849056603774
5,91,2001,6.0,156,3.8461538461538463
5,91,2002,7.0,141,4.964539007092199
5,91,2003,6.0,116,5.172413793103448
5,91,2004,11.0,126,8.73015873015873
5,91,2005,5.0,116,4.310344827586207
5,91,2006,9.0,121,7.43801652892562
5,91,2007,4.0,106,3.7735849056603774
5,91,2012,1.0,49,2.0408163265306123
5,91,2013,1.0,38,2.631578947368421
5,93,1998,21.0,314,6.687898089171974
5,93,1999,19.0,296,6.418918918918918
5,93,2000,16.0,335,4.776119402985075
5,93,2001,17.0,314,5.414012738853503
5,93,2002,12.0,288,4.166666666666666
5,93,2003,20.0,320,6.25
5,93,2004,21.0,277,7.581227436823104
5,93,2005,12.0,242,4.958677685950414
5,93,2006,9.0,214,4.205607476635514
5,93,2007,10.0,236,4.23728813559322
5,93,2012,7.0,156,4.487179487179487
5,93,2013,5.0,147,3.4013605442176873
50,1,1998,308.0,7546,4.081632653061225
50,1,1999,371.0,8282,4.4795943008935035
50,1,2000,349.0,8260,4.225181598062954
50,1,2001,386.0,8726,4.423561769424707
50,1,2002,439.0,8855,4.957651044607567
50,1,2003,502.0,9575,5.242819843342036
50,1,2004,565.0,9980,5.661322645290581
50,1,2005,647.0,10240,6.318359375
50,1,2006,650.0,9471,6.863055643543449
50,1,2007,750.0,10703,7.007381108100533
50,1,2012,732.0,11726,6.2425379498550235
50,1,2013,748.0,11584,6.457182320441988
50,110,1998,2.0,20,10.0
50,110,1999,0.0,17,0.0
50,110,2000,0.0,8,0.0
50,110,2003,0.0,1,0.0
50,110,2004,0.0,3,0.0
50,110,2005,2.0,29,6.896551724137931
50,110,2006,1.0,25,4.0
50,110,2007,0.0,23,0.0
50,110,2008,2.0,38,5.263157894736842
50,110,2009,1.0,36,2.7777777777777777
50,110,2010,2.0,34,5.88235294117647
50,110,2011,1.0,30,3.3333333333333335
50,110,2012,1.0,37,2.7027027027027026
50,110,2013,0.0,34,0.0
50,110,2014,0.0,32,0.0
50,110,2015,0.0,19,0.0
50,110,2016,0.0,13,0.0
50,110,2017,2.0,26,7.6923076923076925
50,110,2018,0.0,18,0.0
50,110,2019,2.0,25,8.0
50,110,2020,0.0,56,0.0
50,110,2021,2.0,58,3.4482758620689653
50,110,2022,1.0,34,2.941176470588235
50,110,2023,0.0,16,0.0
50,110,2024,1.0,11,9.090909090909092
50,124,1998,1.0,40,2.5
50,124,1999,2.0,43,4.651162790697675
50,124,2000,0.0,35,0.0
50,124,2001,1.0,29,3.4482758620689653
50,124,2002,0.0,33,0.0
50,124,2003,1.0,34,2.941176470588235
50,124,2004,1.0,41,2.4390243902439024
50,124,2005,0.0,46,0.0
50,124,2006,0.0,44,0.0
50,124,2007,2.0,44,4.545454545454546
50,124,2008,0.0,7,0.0
50,124,2009,0.0,14,0.0
50,124,2010,0.0,19,0.0
50,124,2011,2.0,20,10.0
50,124,2012,0.0,21,0.0
50,124,2013,0.0,20,0.0
50,124,2014,0.0,17,0.0
50,124,2015,0.0,18,0.0
50,124,2016,0.0,19,0.0
50,124,2017,0.0,16,0.0
50,124,2018,0.0,20,0.0
50,124,2019,0.0,20,0.0
50,124,2020,0.0,16,0.0
50,124,2021,1.0,17,5.88235294117647
50,124,2022,2.0,11,18.181818181818183
50,124,2023,2.0,14,14.285714285714285
50,124,2024,2.0,17,11.76470588235294
50,150,1998,0.0,38,0.0
50,150,1999,0.0,32,0.0
50,150,2000,3.0,38,7.894736842105263
50,150,2001,7.0,69,10.144927536231885
50,150,2002,1.0,55,1.8181818181818181
50,150,2003,0.0,47,0.0
50,150,2004,0.0,44,0.0
50,150,2005,2.0,70,2.857142857142857
50,150,2006,2.0,54,3.7037037037037033
50,150,2007,0.0,54,0.0
50,150,2008,2.0,77,2.5974025974025974
50,150,2009,3.0,54,5.555555555555555
50,150,2010,2.0,43,4.651162790697675
50,150,2011,2.0,50,4.0
50,150,2012,4.0,52,7.6923076923076925
50,150,2013,1.0,50,2.0
50,150,2014,1.0,41,2.4390243902439024
50,150,2015,2.0,39,5.128205128205128
50,150,2016,1.0,37,2.7027027027027026
50,150,2017,1.0,45,2.2222222222222223
50,150,2018,2.0,46,4.3478260869565215
50,150,2019,0.0,25,0.0
50,150,2020,3.0,27,11.11111111111111
50,150,2021,1.0,22,4.545454545454546
50,150,2022,1.0,13,7.6923076923076925
50,150,2023,0.0,9,0.0
50,150,2024,1.0,6,16.666666666666664
50,223,1998,0.0,78,0.0
50,223,1999,0.0,42,0.0
50,223,2000,2.0,66,3.0303030303030303
50,223,2001,5.0,54,9.25925925925926
50,223,2002,0.0,50,0.0
50,223,2003,0.0,58,0.0
50,223,2004,2.0,40,5.0
50,223,2005,4.0,41,9.75609756097561
50,223,2006,3.0,55,5.454545454545454
50,223,2007,0.0,35,0.0
50,223,2008,2.0,22,9.090909090909092
50,223,2009,1.0,30,3.3333333333333335
50,223,2010,1.0,18,5.555555555555555
50,223,2011,2.0,20,10.0
50,223,2012,0.0,22,0.0
50,223,2013,0.0,14,0.0
50,223,2014,3.0,20,15.0
50,223,2015,4.0,24,16.666666666666664
50,223,2016,2.0,24,8.333333333333332
50,223,2017,0.0,20,0.0
50,223,2018,0.0,9,0.0
50,223,2019,0.0,11,0.0
50,223,2020,1.0,14,7.142857142857142
50,223,2021,1.0,9,11.11111111111111
50,223,2022,0.0,7,0.0
50,223,2023,0.0,4,0.0
50,223,2024,0.0,3,0.0
50,226,1998,2.0,181,1.1049723756906076
50,226,1999,6.0,179,3.35195530726257
50,226,2000,3.0,126,2.380952380952381
50,226,2001,3.0,124,2.4193548387096775
50,226,2002,1.0,143,0.6993006993006993
50,226,2003,1.0,130,0.7692307692307693
50,226,2004,3.0,148,2.027027027027027
50,226,2005,6.0,143,4.195804195804196
50,226,2006,3.0,133,2.2556390977443606
50,226,2007,3.0,104,2.8846153846153846
50,226,2008,6.0,115,5.217391304347826
50,226,2009,5.0,96,5.208333333333334
50,226,2010,2.0,75,2.666666666666667
50,226,2011,1.0,63,1.5873015873015872
50,226,2012,2.0,66,3.0303030303030303
50,226,2013,3.0,46,6.521739130434782
50,226,2014,0.0,30,0.0
50,226,2015,0.0,25,0.0
50,226,2016,0.0,26,0.0
50,226,2017,2.0,26,7.6923076923076925
50,226,2018,0.0,42,0.0
50,226,2019,2.0,24,8.333333333333332
50,226,2020,0.0,64,0.0
50,226,2021,1.0,46,2.1739130434782608
50,226,2022,1.0,42,2.380952380952381
50,226,2023,4.0,32,12.5
50,226,2024,1.0,21,4.761904761904762
50,245,1998,0.0,18,0.0
50,245,1999,3.0,38,7.894736842105263
50,245,2000,1.0,29,3.4482758620689653
50,245,2001,1.0,34,2.941176470588235
50,245,2002,2.0,29,6.896551724137931
50,245,2003,1.0,33,3.0303030303030303
50,245,2004,0.0,23,0.0
50,245,2005,1.0,20,5.0
50,245,2006,0.0,12,0.0
50,245,2007,0.0,12,0.0
50,245,2008,1.0,12,8.333333333333332
50,245,2009,1.0,11,9.090909090909092
50,245,2010,0.0,9,0.0
50,245,2011,0.0,5,0.0
50,245,2012,1.0,9,11.11111111111111
50,245,2013,0.0,2,0.0
50,245,2014,0.0,4,0.0
50,245,2015,0.0,6,0.0
50,245,2016,1.0,8,12.5
50,245,2017,0.0,4,0.0
50,245,2018,0.0,1,0.0
50,245,2020,0.0,7,0.0
50,245,2021,1.0,4,25.0
50,245,2022,0.0,3,0.0
50,245,2023,0.0,2,0.0
50,245,2024,0.0,2,0.0
50,251,1998,1.0,45,2.2222222222222223
50,251,1999,1.0,75,1.3333333333333335
50,251,2000,0.0,33,0.0
50,251,2001,1.0,57,1.7543859649122806
50,251,2002,3.0,55,5.454545454545454
50,251,2003,2.0,62,3.225806451612903
50,251,2004,4.0,53,7.547169811320755
50,251,2005,0.0,72,0.0
50,251,2006,3.0,63,4.761904761904762
50,251,2007,2.0,70,2.857142857142857
50,251,2008,0.0,66,0.0
50,251,2009,1.0,39,2.564102564102564
50,251,2010,1.0,50,2.0
50,251,2011,2.0,49,4.081632653061225
50,251,2012,2.0,44,4.545454545454546
50,251,2013,3.0,45,6.666666666666667
50,251,2014,1.0,27,3.7037037037037033
50,251,2015,0.0,27,0.0
50,251,2016,1.0,33,3.0303030303030303
50,251,2017,1.0,28,3.571428571428571
50,251,2018,1.0,22,4.545454545454546
50,251,2019,0.0,23,0.0
50,251,2020,0.0,17,0.0
50,251,2021,2.0,18,11.11111111111111
50,251,2022,1.0,12,8.333333333333332
50,251,2023,0.0,6,0.0
50,251,2024,2.0,3,66.66666666666666
50,270,1998,0.0,3,0.0
50,270,1999,1.0,27,3.7037037037037033
50,270,2000,0.0,37,0.0
50,270,2001,1.0,40,2.5
50,270,2002,0.0,34,0.0
50,270,2003,0.0,36,0.0
50,270,2004,0.0,46,0.0
50,270,2005,1.0,36,2.7777777777777777
50,270,2006,0.0,41,0.0
50,270,2007,0.0,19,0.0
50,270,2008,0.0,25,0.0
50,270,2009,0.0,22,0.0
50,270,2010,0.0,17,0.0
50,270,2011,0.0,24,0.0
50,270,2012,0.0,20,0.0
50,270,2013,0.0,16,0.0
50,270,2014,0.0,9,0.0
50,270,2015,0.0,6,0.0
50,270,2016,0.0,14,0.0
50,270,2017,0.0,4,0.0
50,270,2018,0.0,2,0.0
50,270,2019,0.0,10,0.0
50,270,2020,1.0,19,5.263157894736842
50,270,2021,0.0,12,0.0
50,270,2022,0.0,3,0.0
50,270,2023,0.0,7,0.0
50,270,2024,0.0,3,0.0
50,287,1998,2.0,100,2.0
50,287,1999,4.0,169,2.366863905325444
50,287,2000,2.0,141,1.4184397163120568
50,287,2001,5.0,182,2.7472527472527473
50,287,2002,1.0,107,0.9345794392523363
50,287,2003,2.0,102,1.9607843137254901
50,287,2004,2.0,114,1.7543859649122806
50,287,2005,0.0,118,0.0
50,287,2006,1.0,109,0.9174311926605505
50,287,2007,1.0,97,1.0309278350515463
50,287,2008,2.0,93,2.1505376344086025
50,287,2009,0.0,63,0.0
50,287,2010,3.0,47,6.382978723404255
50,287,2011,2.0,41,4.878048780487805
50,287,2012,0.0,30,0.0
50,287,2013,0.0,39,0.0
50,287,2014,1.0,41,2.4390243902439024
50,287,2015,2.0,41,4.878048780487805
50,287,2016,1.0,39,2.564102564102564
50,287,2017,1.0,41,2.4390243902439024
50,287,2018,1.0,19,5.263157894736842
50,287,2019,0.0,13,0.0
50,287,2020,0.0,10,0.0
50,287,2021,0.0,13,0.0
50,287,2022,0.0,7,0.0
50,287,2023,0.0,7,0.0
50,287,2024,0.0,4,0.0
50,313,1998,87.0,1261,6.89928628072958
50,313,1999,113.0,1266,8.925750394944707
50,313,2000,75.0,1299,5.773672055427252
50,313,2001,81.0,1374,5.895196506550218
50,313,2002,77.0,1315,5.855513307984791
50,313,2003,92.0,1609,5.717837165941578
50,313,2004,108.0,1760,6.136363636363637
50,313,2005,109.0,1731,6.296938186019642
50,313,2006,110.0,1861,5.910800644814616
50,313,2007,92.0,1901,4.83955812730142
50,313,2008,74.0,1917,3.8601982263954095
50,313,2009,70.0,2161,3.2392410920869965
50,313,2010,89.0,2266,3.927625772285966
50,313,2011,127.0,2332,5.4459691252144085
50,313,2012,188.0,2552,7.366771159874608
50,313,2013,203.0,2693,7.538061641292239
50,313,2014,162.0,2641,6.134040136312003
50,313,2015,166.0,2735,6.06946983546618
50,313,2016,157.0,2643,5.9402194475974275
50,313,2017,161.0,2786,5.778894472361809
50,313,2018,191.0,2936,6.505449591280654
50,313,2019,167.0,2719,6.141963957337256
50,313,2020,143.0,2795,5.116279069767442
50,313,2021,156.0,3029,5.150214592274678
50,313,2022,193.0,2840,6.795774647887325
50,313,2023,154.0,2406,6.400665004156276
50,313,2024,127.0,2181,5.823016964695094
50,318,1998,6.0,129,4.651162790697675
50,318,1999,3.0,107,2.803738317757009
50,318,2000,3.0,108,2.7777777777777777
50,318,2001,2.0,110,1.8181818181818181
50,318,2002,3.0,88,3.4090909090909087
50,318,2003,2.0,104,1.9230769230769231
50,318,2004,0.0,83,0.0
50,318,2005,1.0,77,1.2987012987012987
50,318,2006,4.0,58,6.896551724137931
50,318,2007,1.0,55,1.8181818181818181
50,318,2008,0.0,66,0.0
50,318,2009,2.0,43,4.651162790697675
50,318,2010,0.0,16,0.0
50,318,2011,1.0,21,4.761904761904762
50,318,2012,0.0,13,0.0
50,318,2013,0.0,14,0.0
50,318,2014,1.0,13,7.6923076923076925
50,318,2015,0.0,18,0.0
50,318,2016,0.0,7,0.0
50,318,2017,0.0,12,0.0
50,318,2018,0.0,8,0.0
50,318,2019,0.0,10,0.0
50,318,2020,0.0,13,0.0
50,318,2021,1.0,9,11.11111111111111
50,318,2022,0.0,6,0.0
50,318,2023,0.0,10,0.0
50,318,2024,1.0,12,8.333333333333332
50,325,1998,0.0,29,0.0
50,325,1999,5.0,40,12.5
50,325,2000,2.0,45,4.444444444444445
50,325,2001,4.0,51,7.8431372549019605
50,325,2002,0.0,27,0.0
50,325,2003,0.0,23,0.0
50,325,2004,3.0,32,9.375
50,325,2005,0.0,37,0.0
50,325,2006,4.0,44,9.090909090909092
50,325,2007,1.0,23,4.3478260869565215
50,325,2008,4.0,25,16.0
50,325,2009,2.0,22,9.090909090909092
50,325,2010,0.0,42,0.0
50,325,2011,1.0,66,1.5151515151515151
50,325,2012,5.0,68,7.352941176470589
50,325,2013,3.0,70,4.285714285714286
50,325,2014,4.0,71,5.633802816901409
50,325,2015,1.0,64,1.5625
50,325,2016,5.0,60,8.333333333333332
50,325,2017,2.0,56,3.571428571428571
50,325,2018,3.0,49,6.122448979591836
50,325,2019,5.0,75,6.666666666666667
50,325,2020,4.0,65,6.153846153846154
50,325,2021,3.0,59,5.084745762711865
50,325,2022,12.0,89,13.48314606741573
50,325,2023,6.0,45,13.333333333333334
50,325,2024,4.0,46,8.695652173913043
50,330,1998,3.0,61,4.918032786885246
50,330,1999,3.0,67,4.477611940298507
50,330,2000,1.0,67,1.4925373134328357
50,330,2001,2.0,67,2.9850746268656714
50,330,2002,4.0,76,5.263157894736842
50,330,2003,2.0,91,2.197802197802198
50,330,2004,5.0,81,6.172839506172839
50,330,2005,3.0,107,2.803738317757009
50,330,2006,0.0,66,0.0
50,330,2007,5.0,75,6.666666666666667
50,330,2008,1.0,71,1.4084507042253522
50,330,2009,5.0,78,6.41025641025641
50,330,2010,3.0,75,4.0
50,330,2011,0.0,55,0.0
50,330,2012,0.0,64,0.0
50,330,2013,0.0,62,0.0
50,330,2014,2.0,65,3.076923076923077
50,330,2015,0.0,55,0.0
50,330,2016,2.0,33,6.0606060606060606
50,330,2017,0.0,30,0.0
50,330,2018,1.0,42,2.380952380952381
50,330,2019,0.0,30,0.0
50,330,2020,0.0,40,0.0
50,330,2021,0.0,22,0.0
50,330,2022,0.0,26,0.0
50,330,2023,1.0,31,3.225806451612903
50,330,2024,4.0,25,16.0
50,350,1998,1.0,65,1.5384615384615385
50,350,1999,9.0,93,9.67741935483871
50,350,2000,5.0,79,6.329113924050633
50,350,2001,5.0,116,4.310344827586207
50,350,2002,5.0,135,3.7037037037037033
50,350,2003,4.0,121,3.3057851239669422
50,350,2004,2.0,141,1.4184397163120568
50,350,2005,3.0,118,2.5423728813559325
50,350,2006,5.0,104,4.807692307692308
50,350,2007,3.0,99,3.0303030303030303
50,350,2008,4.0,84,4.761904761904762
50,350,2009,1.0,88,1.1363636363636365
50,350,2010,1.0,70,1.4285714285714286
50,350,2011,3.0,99,3.0303030303030303
50,350,2012,5.0,107,4.672897196261682
50,350,2013,2.0,93,2.1505376344086025
50,350,2014,1.0,80,1.25
50,350,2015,2.0,85,2.3529411764705883
50,350,2016,1.0,61,1.639344262295082
50,350,2017,3.0,74,4.054054054054054
50,350,2018,1.0,81,1.2345679012345678
50,350,2019,7.0,55,12.727272727272727
50,350,2020,2.0,66,3.0303030303030303
50,350,2021,4.0,91,4.395604395604396
50,350,2022,2.0,57,3.508771929824561
50,350,2023,1.0,46,2.1739130434782608
50,350,2024,4.0,35,11.428571428571429
50,370,1998,1.0,34,2.941176470588235
50,370,1999,0.0,30,0.0
50,370,2000,0.0,41,0.0
50,370,2001,0.0,64,0.0
50,370,2002,0.0,58,0.0
50,370,2003,3.0,54,5.555555555555555
50,370,2004,3.0,51,5.88235294117647
50,370,2005,2.0,59,3.389830508474576
50,370,2006,1.0,61,1.639344262295082
50,370,2007,2.0,37,5.405405405405405
50,370,2008,1.0,63,1.5873015873015872
50,370,2009,3.0,80,3.75
50,370,2010,2.0,82,2.4390243902439024
50,370,2011,2.0,54,3.7037037037037033
50,370,2012,1.0,43,2.3255813953488373
50,370,2013,0.0,36,0.0
50,370,2014,0.0,34,0.0
50,370,2015,2.0,26,7.6923076923076925
50,370,2016,0.0,32,0.0
50,370,2017,1.0,43,2.3255813953488373
50,370,2018,4.0,38,10.526315789473683
50,370,2019,1.0,42,2.380952380952381
50,370,2020,2.0,58,3.4482758620689653
50,370,2021,8.0,75,10.666666666666668
50,370,2022,1.0,40,2.5
50,370,2023,0.0,24,0.0
50,370,2024,2.0,30,6.666666666666667
50,400,1998,2.0,90,2.2222222222222223
50,400,1999,1.0,73,1.36986301369863
50,400,2000,1.0,79,1.2658227848101267
50,400,2001,3.0,90,3.3333333333333335
50,400,2002,3.0,103,2.912621359223301
50,400,2003,0.0,52,0.0
50,400,2004,1.0,65,1.5384615384615385
50,400,2005,2.0,109,1.834862385321101
50,400,2006,1.0,80,1.25
50,400,2007,2.0,102,1.9607843137254901
50,400,2008,3.0,91,3.296703296703297
50,400,2009,2.0,64,3.125
50,400,2010,1.0,53,1.8867924528301887
50,400,2011,2.0,35,5.714285714285714
50,400,2012,3.0,27,11.11111111111111
50,400,2013,1.0,45,2.2222222222222223
50,400,2014,0.0,32,0.0
50,400,2015,1.0,20,5.0
50,400,2016,0.0,17,0.0
50,400,2017,1.0,9,11.11111111111111
50,400,2018,1.0,22,4.545454545454546
50,400,2019,0.0,15,0.0
50,400,2020,0.0,28,0.0
50,400,2021,0.0,21,0.0
50,400,2022,0.0,7,0.0
50,400,2023,2.0,4,50.0
50,400,2024,0.0,4,0.0
50,450,1998,3.0,55,5.454545454545454
50,450,1999,1.0,34,2.941176470588235
50,450,2000,2.0,39,5.128205128205128
50,450,2001,1.0,30,3.3333333333333335
50,450,2002,0.0,37,0.0
50,450,2003,4.0,32,12.5
50,450,2004,2.0,86,2.3255813953488373
50,450,2005,2.0,72,2.7777777777777777
50,450,2006,3.0,73,4.10958904109589
50,450,2007,1.0,78,1.282051282051282
50,450,2008,3.0,63,4.761904761904762
50,450,2009,4.0,52,7.6923076923076925
50,450,2010,0.0,32,0.0
50,450,2011,1.0,49,2.0408163265306123
50,450,2012,2.0,53,3.7735849056603774
50,450,2013,0.0,32,0.0
50,450,2014,2.0,41,4.878048780487805
50,450,2015,0.0,12,0.0
50,450,2016,3.0,14,21.428571428571427
50,450,2017,4.0,31,12.903225806451612
50,450,2018,1.0,14,7.142857142857142
50,450,2019,1.0,16,6.25
50,450,2020,0.0,20,0.0
50,450,2021,3.0,36,8.333333333333332
50,450,2022,4.0,33,12.121212121212121
50,450,2023,3.0,19,15.789473684210526
50,450,2024,3.0,19,15.789473684210526
50,568,1998,4.0,74,5.405405405405405
50,568,1999,6.0,107,5.607476635514018
50,568,2000,3.0,101,2.9702970297029703
50,568,2001,2.0,114,1.7543859649122806
50,568,2002,7.0,132,5.303030303030303
50,568,2003,4.0,151,2.6490066225165565
50,568,2004,1.0,185,0.5405405405405406
50,568,2005,3.0,199,1.507537688442211
50,568,2006,9.0,182,4.945054945054945
50,568,2007,5.0,167,2.9940119760479043
50,568,2008,3.0,152,1.9736842105263157
50,568,2009,8.0,244,3.278688524590164
50,568,2010,4.0,223,1.7937219730941705
50,568,2011,9.0,234,3.8461538461538463
50,568,2012,5.0,258,1.937984496124031
50,568,2013,3.0,267,1.1235955056179776
50,568,2014,12.0,305,3.934426229508197
50,568,2015,4.0,280,1.4285714285714286
50,568,2016,2.0,277,0.7220216606498195
50,568,2017,9.0,314,2.8662420382165608
50,568,2018,14.0,336,4.166666666666666
50,568,2019,22.0,356,6.179775280898876
50,568,2020,14.0,388,3.608247422680412
50,568,2021,21.0,418,5.023923444976076
50,568,2022,31.0,430,7.209302325581396
50,568,2023,19.0,420,4.523809523809524
50,568,2024,25.0,309,8.090614886731391
50,573,1998,12.0,374,3.2085561497326207
50,573,1999,16.0,409,3.9119804400977993
50,573,2000,14.0,418,3.349282296650718
50,573,2001,12.0,348,3.4482758620689653
50,573,2002,15.0,384,3.90625
50,573,2003,7.0,400,1.7500000000000002
50,573,2004,9.0,363,2.479338842975207
50,573,2005,11.0,373,2.949061662198391
50,573,2006,3.0,242,1.2396694214876034
50,573,2007,7.0,278,2.5179856115107913
50,573,2008,18.0,292,6.164383561643835
50,573,2009,12.0,301,3.9867109634551494
50,573,2010,15.0,294,5.1020408163265305
50,573,2011,12.0,262,4.580152671755725
50,573,2012,10.0,302,3.3112582781456954
50,573,2013,5.0,198,2.525252525252525
50,573,2014,5.0,171,2.923976608187134
50,573,2015,6.0,152,3.9473684210526314
50,573,2016,1.0,181,0.5524861878453038
50,573,2017,4.0,164,2.4390243902439024
50,573,2018,6.0,147,4.081632653061225
50,573,2019,8.0,190,4.2105263157894735
50,573,2020,13.0,222,5.8558558558558556
50,573,2021,6.0,205,2.9268292682926833
50,573,2022,6.0,211,2.843601895734597
50,573,2023,9.0,192,4.6875
50,573,2024,8.0,146,5.47945205479452
50,577,1998,0.0,58,0.0
50,577,1999,3.0,57,5.263157894736842
50,577,2000,1.0,58,1.7241379310344827
50,577,2001,1.0,82,1.2195121951219512
50,577,2002,3.0,84,3.571428571428571
50,577,2003,5.0,86,5.813953488372093
50,577,2004,1.0,93,1.0752688172043012
50,577,2005,4.0,108,3.7037037037037033
50,577,2006,3.0,105,2.857142857142857
50,577,2007,0.0,79,0.0
50,577,2008,2.0,65,3.076923076923077
50,577,2009,0.0,40,0.0
50,577,2010,2.0,44,4.545454545454546
50,577,2011,1.0,29,3.4482758620689653
50,577,2012,0.0,28,0.0
50,577,2013,1.0,41,2.4390243902439024
50,577,2014,0.0,19,0.0
50,577,2015,0.0,27,0.0
50,577,2016,1.0,22,4.545454545454546
50,577,2017,1.0,25,4.0
50,577,2018,3.0,14,21.428571428571427
50,577,2019,1.0,16,6.25
50,577,2020,0.0,22,0.0
50,577,2021,1.0,12,8.333333333333332
50,577,2022,1.0,13,7.6923076923076925
50,577,2023,1.0,9,11.11111111111111
50,577,2024,0.0,7,0.0
50,590,1998,0.0,40,0.0
50,590,1999,0.0,49,0.0
50,590,2000,3.0,81,3.7037037037037033
50,590,2001,0.0,52,0.0
50,590,2002,1.0,96,1.0416666666666665
50,590,2003,6.0,126,4.761904761904762
50,590,2004,10.0,142,7.042253521126761
50,590,2005,11.0,154,7.142857142857142
50,590,2006,9.0,146,6.164383561643835
50,590,2007,3.0,102,2.941176470588235
50,590,2008,4.0,64,6.25
50,590,2009,4.0,78,5.128205128205128
50,590,2010,1.0,59,1.694915254237288
50,590,2011,2.0,46,4.3478260869565215
50,590,2012,4.0,68,5.88235294117647
50,590,2013,4.0,62,6.451612903225806
50,590,2014,0.0,39,0.0
50,590,2015,0.0,35,0.0
50,590,2016,6.0,45,13.333333333333334
50,590,2017,1.0,56,1.7857142857142856
50,590,2018,0.0,54,0.0
50,590,2019,2.0,40,5.0
50,590,2020,2.0,48,4.166666666666666
50,590,2021,4.0,66,6.0606060606060606
50,590,2022,4.0,40,10.0
50,590,2023,1.0,38,2.631578947368421
50,590,2024,1.0,20,5.0
50,6,1998,15.0,537,2.793296089385475
50,6,1999,27.0,620,4.354838709677419
50,6,2000,22.0,552,3.985507246376811
50,6,2001,20.0,580,3.4482758620689653
50,6,2002,19.0,549,3.4608378870673953
50,6,2003,15.0,637,2.3547880690737837
50,6,2004,23.0,680,3.3823529411764706
50,6,2005,9.0,686,1.3119533527696794
50,6,2006,14.0,569,2.460456942003515
50,6,2007,6.0,565,1.0619469026548671
50,6,2012,4.0,448,0.8928571428571428
50,6,2013,5.0,341,1.466275659824047
50,606,1998,7.0,86,8.13953488372093
50,606,1999,3.0,92,3.260869565217391
50,606,2000,2.0,64,3.125
50,606,2001,1.0,61,1.639344262295082
50,606,2002,1.0,57,1.7543859649122806
50,606,2003,0.0,66,0.0
50,606,2004,3.0,99,3.0303030303030303
50,606,2005,1.0,70,1.4285714285714286
50,606,2006,2.0,86,2.3255813953488373
50,606,2007,1.0,58,1.7241379310344827
50,606,2008,2.0,86,2.3255813953488373
50,606,2009,0.0,62,0.0
50,606,2010,1.0,56,1.7857142857142856
50,606,2011,0.0,75,0.0
50,606,2012,2.0,38,5.263157894736842
50,606,2013,0.0,24,0.0
50,606,2014,0.0,48,0.0
50,606,2015,0.0,43,0.0
50,606,2016,1.0,17,5.88235294117647
50,606,2017,1.0,12,8.333333333333332
50,606,2018,1.0,32,3.125
50,606,2019,0.0,31,0.0
50,606,2020,0.0,26,0.0
50,606,2021,0.0,22,0.0
50,606,2022,0.0,16,0.0
50,606,2023,0.0,12,0.0
50,606,2024,1.0,13,7.6923076923076925
50,680,1998,3.0,45,6.666666666666667
50,680,1999,3.0,71,4.225352112676056
50,680,2000,3.0,69,4.3478260869565215
50,680,2001,1.0,50,2.0
50,680,2002,5.0,65,7.6923076923076925
50,680,2003,4.0,54,7.4074074074074066
50,680,2004,0.0,89,0.0
50,680,2005,1.0,54,1.8518518518518516
50,680,2006,0.0,38,0.0
50,680,2007,0.0,27,0.0
50,680,2008,1.0,45,2.2222222222222223
50,680,2009,0.0,53,0.0
50,680,2010,0.0,40,0.0
50,680,2011,0.0,45,0.0
50,680,2012,1.0,56,1.7857142857142856
50,680,2013,2.0,49,4.081632653061225
50,680,2014,3.0,62,4.838709677419355
50,680,2015,0.0,53,0.0
50,680,2016,1.0,74,1.3513513513513513
50,680,2017,0.0,35,0.0
50,680,2018,0.0,42,0.0
50,680,2019,1.0,48,2.083333333333333
50,680,2020,0.0,48,0.0
50,680,2021,3.0,43,6.976744186046512
50,680,2022,1.0,31,3.225806451612903
50,680,2023,0.0,30,0.0
50,680,2024,3.0,31,9.67741935483871
50,683,1998,1.0,75,1.3333333333333335
50,683,1999,1.0,75,1.3333333333333335
50,683,2000,2.0,105,1.9047619047619049
50,683,2001,1.0,121,0.8264462809917356
50,683,2002,1.0,138,0.7246376811594203
50,683,2003,2.0,120,1.6666666666666667
50,683,2004,4.0,112,3.571428571428571
50,683,2005,2.0,121,1.6528925619834711
50,683,2006,3.0,108,2.7777777777777777
50,683,2007,2.0,76,2.631578947368421
50,683,2008,0.0,74,0.0
50,683,2009,3.0,62,4.838709677419355
50,683,2010,0.0,48,0.0
50,683,2011,0.0,41,0.0
50,683,2012,1.0,28,3.571428571428571
50,683,2013,0.0,27,0.0
50,683,2014,3.0,23,13.043478260869565
50,683,2015,3.0,21,14.285714285714285
50,683,2016,0.0,12,0.0
50,683,2017,0.0,8,0.0
50,683,2018,0.0,9,0.0
50,683,2019,1.0,13,7.6923076923076925
50,683,2020,0.0,19,0.0
50,683,2021,1.0,7,14.285714285714285
50,683,2022,0.0,6,0.0
50,683,2023,1.0,6,16.666666666666664
50,683,2024,0.0,2,0.0
50,686,1998,0.0,26,0.0
50,686,1999,0.0,25,0.0
50,686,2000,1.0,29,3.4482758620689653
50,686,2001,0.0,41,0.0
50,686,2002,1.0,25,4.0
50,686,2003,1.0,33,3.0303030303030303
50,686,2004,0.0,19,0.0
50,686,2005,0.0,27,0.0
50,686,2007,0.0,19,0.0
50,686,2008,1.0,18,5.555555555555555
50,686,2009,0.0,16,0.0
50,686,2010,0.0,15,0.0
50,686,2011,0.0,18,0.0
50,686,2012,0.0,9,0.0
50,686,2013,0.0,8,0.0
50,686,2014,0.0,9,0.0
50,686,2015,0.0,7,0.0
50,686,2016,2.0,8,25.0
50,686,2017,1.0,12,8.333333333333332
50,686,2018,0.0,2,0.0
50,686,2019,0.0,3,0.0
50,686,2020,1.0,16,6.25
50,686,2021,0.0,16,0.0
50,686,2022,1.0,5,20.0
50,686,2023,0.0,8,0.0
50,686,2024,0.0,2,0.0
50,689,1998,7.0,212,3.30188679245283
50,689,1999,7.0,235,2.9787234042553195
50,689,2000,7.0,193,3.6269430051813467
50,689,2001,5.0,192,2.604166666666667
50,689,2002,3.0,184,1.6304347826086956
50,689,2003,7.0,163,4.294478527607362
50,689,2004,4.0,190,2.1052631578947367
50,689,2005,5.0,193,2.5906735751295336
50,689,2006,4.0,176,2.272727272727273
50,689,2007,5.0,128,3.90625
50,689,2008,3.0,138,2.1739130434782608
50,689,2009,4.0,127,3.149606299212598
50,689,2010,6.0,100,6.0
50,689,2011,6.0,119,5.042016806722689
50,689,2012,0.0,74,0.0
50,689,2013,1.0,81,1.2345679012345678
50,689,2014,1.0,70,1.4285714285714286
50,689,2015,3.0,70,4.285714285714286
50,689,2016,2.0,49,4.081632653061225
50,689,2017,7.0,57,12.280701754385964
50,689,2018,1.0,35,2.857142857142857
50,689,2019,0.0,43,0.0
50,689,2020,1.0,42,2.380952380952381
50,689,2021,0.0,33,0.0
50,689,2022,1.0,21,4.761904761904762
50,689,2023,2.0,28,7.142857142857142
50,689,2024,1.0,39,2.564102564102564
50,711,1998,6.0,236,2.5423728813559325
50,711,1999,5.0,247,2.0242914979757085
50,711,2000,6.0,248,2.4193548387096775
50,711,2001,9.0,260,3.4615384615384617
50,711,2002,6.0,197,3.0456852791878175
50,711,2003,3.0,203,1.477832512315271
50,711,2004,2.0,211,0.9478672985781991
50,711,2005,5.0,233,2.1459227467811157
50,711,2006,4.0,229,1.7467248908296942
50,711,2007,8.0,174,4.597701149425287
50,711,2008,4.0,184,2.1739130434782608
50,711,2009,2.0,132,1.5151515151515151
50,711,2010,2.0,117,1.7094017094017095
50,711,2011,6.0,91,6.593406593406594
50,711,2012,0.0,60,0.0
50,711,2013,2.0,92,2.1739130434782608
50,711,2014,1.0,76,1.3157894736842104
50,711,2015,4.0,60,6.666666666666667
50,711,2016,2.0,58,3.4482758620689653
50,711,2017,2.0,53,3.7735849056603774
50,711,2018,0.0,48,0.0
50,711,2019,2.0,77,2.5974025974025974
50,711,2020,3.0,93,3.225806451612903
50,711,2021,3.0,61,4.918032786885246
50,711,2022,2.0,52,3.8461538461538463
50,711,2023,0.0,11,0.0
50,711,2024,3.0,19,15.789473684210526
50,001,2008,781.0,11361,6.8743948596074285
50,001,2009,870.0,11205,7.764390896921017
50,001,2010,854.0,11019,7.7502495689263995
50,001,2011,884.0,11397,7.756427129946478
50,001,2014,790.0,12007,6.5794952944115925
50,001,2015,749.0,12042,6.219897027071915
50,001,2016,747.0,11179,6.68217192951069
50,001,2017,771.0,11441,6.738921422952539
50,001,2018,710.0,10720,6.6231343283582085
50,001,2019,723.0,10642,6.793835745160684
50,001,2020,710.0,10580,6.71077504725898
50,001,2021,687.0,10350,6.63768115942029
50,001,2022,728.0,9870,7.375886524822695
50,001,2023,606.0,9274,6.534397239594565
50,001,2024,618.0,8404,7.353641123274632
50,006,2008,11.0,545,2.0183486238532113
50,006,2009,9.0,547,1.6453382084095063
50,006,2010,9.0,585,1.5384615384615385
50,006,2011,6.0,400,1.5
50,006,2014,8.0,396,2.0202020202020203
50,006,2015,7.0,433,1.6166281755196306
50,006,2016,9.0,428,2.102803738317757
50,006,2017,6.0,282,2.127659574468085
50,006,2018,9.0,273,3.296703296703297
50,006,2019,6.0,272,2.2058823529411766
50,006,2020,7.0,347,2.0172910662824206
50,006,2021,6.0,282,2.127659574468085
50,006,2022,13.0,309,4.207119741100324
50,006,2023,9.0,280,3.214285714285714
50,006,2024,10.0,239,4.184100418410042
52,1,1998,648.0,8497,7.626221019183241
52,1,1999,625.0,8441,7.404335979149391
52,1,2000,683.0,8225,8.303951367781155
52,1,2001,664.0,8070,8.228004956629492
52,1,2002,820.0,8368,9.79923518164436
52,1,2003,874.0,8580,10.186480186480185
52,1,2004,907.0,8649,10.486761475315065
52,1,2005,1041.0,8970,11.605351170568563
52,1,2006,944.0,8404,11.232746311280343
52,1,2007,1116.0,8873,12.577482249521019
52,1,2012,1072.0,8109,13.219879146627203
52,1,2013,1012.0,7987,12.670589708275948
52,110,1998,6.0,240,2.5
52,110,1999,3.0,274,1.094890510948905
52,110,2000,9.0,219,4.10958904109589
52,110,2001,1.0,110,0.9090909090909091
52,110,2002,2.0,86,2.3255813953488373
52,110,2003,5.0,142,3.5211267605633805
52,110,2004,6.0,123,4.878048780487805
52,110,2005,5.0,139,3.597122302158273
52,110,2006,8.0,107,7.476635514018691
52,110,2007,5.0,144,3.4722222222222223
52,110,2008,8.0,150,5.333333333333334
52,110,2009,5.0,123,4.0650406504065035
52,110,2010,6.0,88,6.8181818181818175
52,110,2011,5.0,67,7.462686567164178
52,110,2012,6.0,48,12.5
52,110,2013,6.0,62,9.67741935483871
52,110,2014,1.0,64,1.5625
52,110,2015,3.0,62,4.838709677419355
52,110,2016,2.0,59,3.389830508474576
52,110,2017,2.0,60,3.3333333333333335
52,110,2018,2.0,32,6.25
52,110,2019,3.0,16,18.75
52,110,2020,3.0,35,8.571428571428571
52,110,2021,3.0,22,13.636363636363635
52,110,2022,1.0,18,5.555555555555555
52,110,2023,0.0,14,0.0
52,110,2024,1.0,6,16.666666666666664
52,19,1998,0.0,39,0.0
52,19,1999,2.0,86,2.3255813953488373
52,19,2000,4.0,88,4.545454545454546
52,19,2001,8.0,84,9.523809523809524
52,19,2002,2.0,65,3.076923076923077
52,19,2003,0.0,55,0.0
52,19,2004,2.0,69,2.898550724637681
52,19,2005,1.0,52,1.9230769230769231
52,19,2006,1.0,47,2.127659574468085
52,19,2007,1.0,54,1.8518518518518516
52,19,2012,1.0,14,7.142857142857142
52,19,2013,0.0,30,0.0
52,203,1998,5.0,72,6.944444444444445
52,203,1999,4.0,126,3.1746031746031744
52,203,2000,3.0,115,2.608695652173913
52,203,2001,2.0,98,2.0408163265306123
52,203,2002,2.0,93,2.1505376344086025
52,203,2003,1.0,95,1.0526315789473684
52,203,2004,5.0,76,6.578947368421052
52,203,2005,3.0,60,5.0
52,203,2006,2.0,46,4.3478260869565215
52,203,2007,2.0,41,4.878048780487805
52,203,2008,1.0,53,1.8867924528301887
52,203,2009,2.0,51,3.9215686274509802
52,203,2010,1.0,25,4.0
52,203,2011,1.0,26,3.8461538461538463
52,203,2012,0.0,13,0.0
52,203,2013,2.0,5,40.0
52,203,2014,1.0,19,5.263157894736842
52,203,2015,0.0,16,0.0
52,203,2016,0.0,7,0.0
52,203,2017,0.0,6,0.0
52,203,2018,0.0,8,0.0
52,203,2019,0.0,2,0.0
52,203,2020,0.0,6,0.0
52,203,2021,0.0,1,0.0
52,203,2022,0.0,2,0.0
52,203,2023,0.0,1,0.0
52,203,2024,0.0,3,0.0
52,207,1998,3.0,34,8.823529411764707
52,207,1999,1.0,65,1.5384615384615385
52,207,2000,2.0,89,2.247191011235955
52,207,2001,0.0,73,0.0
52,207,2002,4.0,55,7.2727272727272725
52,207,2003,2.0,92,2.1739130434782608
52,207,2004,0.0,78,0.0
52,207,2005,0.0,77,0.0
52,207,2006,1.0,59,1.694915254237288
52,207,2007,0.0,51,0.0
52,207,2008,1.0,54,1.8518518518518516
52,207,2009,3.0,56,5.357142857142857
52,207,2010,1.0,40,2.5
52,207,2011,2.0,19,10.526315789473683
52,207,2012,0.0,29,0.0
52,207,2013,1.0,31,3.225806451612903
52,207,2014,1.0,16,6.25
52,207,2015,0.0,17,0.0
52,207,2016,1.0,20,5.0
52,207,2017,0.0,11,0.0
52,207,2018,0.0,4,0.0
52,207,2019,0.0,4,0.0
52,207,2020,0.0,5,0.0
52,207,2021,0.0,4,0.0
52,207,2022,0.0,1,0.0
52,207,2023,0.0,1,0.0
52,207,2024,0.0,2,0.0
52,210,1998,0.0,3,0.0
52,210,1999,0.0,6,0.0
52,210,2000,0.0,22,0.0
52,210,2001,3.0,24,12.5
52,210,2002,4.0,64,6.25
52,210,2003,1.0,41,2.4390243902439024
52,210,2004,3.0,33,9.090909090909092
52,210,2005,2.0,27,7.4074074074074066
52,210,2006,0.0,24,0.0
52,210,2007,0.0,34,0.0
52,210,2008,2.0,17,11.76470588235294
52,210,2009,0.0,14,0.0
52,210,2010,0.0,8,0.0
52,210,2011,1.0,11,9.090909090909092
52,210,2012,0.0,31,0.0
52,210,2013,1.0,17,5.88235294117647
52,210,2014,0.0,9,0.0
52,210,2015,1.0,9,11.11111111111111
52,210,2016,0.0,11,0.0
52,210,2017,0.0,6,0.0
52,210,2018,1.0,5,20.0
52,210,2019,0.0,4,0.0
52,210,2020,1.0,6,16.666666666666664
52,210,2021,0.0,6,0.0
52,210,2022,0.0,1,0.0
52,210,2023,0.0,1,0.0
52,215,1998,0.0,9,0.0
52,215,1999,3.0,90,3.3333333333333335
52,215,2000,12.0,92,13.043478260869565
52,215,2001,6.0,68,8.823529411764707
52,215,2002,4.0,50,8.0
52,215,2003,4.0,107,3.7383177570093453
52,215,2004,4.0,122,3.278688524590164
52,215,2005,3.0,91,3.296703296703297
52,215,2006,1.0,88,1.1363636363636365
52,215,2007,5.0,59,8.47457627118644
52,215,2008,1.0,52,1.9230769230769231
52,215,2009,2.0,48,4.166666666666666
52,215,2010,0.0,71,0.0
52,215,2011,1.0,45,2.2222222222222223
52,215,2012,4.0,73,5.47945205479452
52,215,2013,1.0,55,1.8181818181818181
52,215,2014,3.0,50,6.0
52,215,2015,1.0,59,1.694915254237288
52,215,2016,0.0,32,0.0
52,215,2017,0.0,28,0.0
52,215,2018,0.0,15,0.0
52,215,2019,0.0,7,0.0
52,215,2020,2.0,31,6.451612903225806
52,215,2021,1.0,5,20.0
52,215,2022,2.0,12,16.666666666666664
52,215,2023,0.0,4,0.0
52,215,2024,0.0,4,0.0
52,22,1998,4.0,29,13.793103448275861
52,22,1999,1.0,14,7.142857142857142
52,22,2000,1.0,11,9.090909090909092
52,22,2001,2.0,16,12.5
52,22,2002,0.0,9,0.0
52,22,2003,0.0,7,0.0
52,22,2004,1.0,6,16.666666666666664
52,22,2005,0.0,21,0.0
52,22,2006,1.0,14,7.142857142857142
52,22,2007,2.0,3,66.66666666666666
52,22,2012,0.0,11,0.0
52,22,2013,1.0,9,11.11111111111111
52,224,1998,0.0,6,0.0
52,224,1999,3.0,41,7.317073170731707
52,224,2000,3.0,50,6.0
52,224,2001,5.0,67,7.462686567164178
52,224,2002,5.0,72,6.944444444444445
52,224,2003,5.0,71,7.042253521126761
52,224,2004,5.0,78,6.41025641025641
52,224,2005,3.0,55,5.454545454545454
52,224,2006,4.0,57,7.017543859649122
52,224,2007,0.0,40,0.0
52,224,2008,2.0,38,5.263157894736842
52,224,2009,1.0,37,2.7027027027027026
52,224,2010,0.0,25,0.0
52,224,2011,0.0,12,0.0
52,224,2012,1.0,23,4.3478260869565215
52,224,2013,0.0,11,0.0
52,224,2014,0.0,12,0.0
52,224,2015,0.0,12,0.0
52,224,2016,0.0,6,0.0
52,224,2017,0.0,5,0.0
52,224,2018,0.0,1,0.0
52,224,2019,0.0,1,0.0
52,224,2020,0.0,1,0.0
52,224,2024,0.0,1,0.0
52,227,1998,13.0,254,5.118110236220472
52,227,1999,17.0,294,5.782312925170068
52,227,2000,23.0,417,5.515587529976019
52,227,2001,25.0,370,6.756756756756757
52,227,2002,13.0,325,4.0
52,227,2003,10.0,345,2.898550724637681
52,227,2004,23.0,342,6.725146198830409
52,227,2005,11.0,256,4.296875
52,227,2006,7.0,195,3.5897435897435894
52,227,2007,12.0,231,5.194805194805195
52,227,2008,13.0,232,5.603448275862069
52,227,2009,11.0,203,5.41871921182266
52,227,2010,9.0,180,5.0
52,227,2011,4.0,110,3.6363636363636362
52,227,2012,9.0,120,7.5
52,227,2013,4.0,122,3.278688524590164
52,227,2014,5.0,132,3.787878787878788
52,227,2015,6.0,117,5.128205128205128
52,227,2016,5.0,100,5.0
52,227,2017,5.0,83,6.024096385542169
52,227,2018,5.0,64,7.8125
52,227,2019,2.0,59,3.389830508474576
52,227,2020,3.0,58,5.172413793103448
52,227,2021,1.0,29,3.4482758620689653
52,227,2022,4.0,24,16.666666666666664
52,227,2023,1.0,22,4.545454545454546
52,227,2024,5.0,27,18.51851851851852
52,233,1998,0.0,5,0.0
52,233,1999,3.0,43,6.976744186046512
52,233,2000,1.0,46,2.1739130434782608
52,233,2001,0.0,61,0.0
52,233,2002,1.0,55,1.8181818181818181
52,233,2003,2.0,60,3.3333333333333335
52,233,2004,2.0,69,2.898550724637681
52,233,2005,3.0,50,6.0
52,233,2006,2.0,55,3.6363636363636362
52,233,2007,0.0,41,0.0
52,233,2008,0.0,40,0.0
52,233,2009,6.0,55,10.909090909090908
52,233,2010,0.0,49,0.0
52,233,2011,1.0,37,2.7027027027027026
52,233,2012,0.0,25,0.0
52,233,2013,0.0,33,0.0
52,233,2014,0.0,25,0.0
52,233,2015,1.0,29,3.4482758620689653
52,233,2016,2.0,19,10.526315789473683
52,233,2017,1.0,31,3.225806451612903
52,233,2018,0.0,21,0.0
52,233,2019,4.0,22,18.181818181818183
52,233,2020,4.0,23,17.391304347826086
52,233,2021,0.0,9,0.0
52,233,2022,1.0,11,9.090909090909092
52,233,2023,0.0,4,0.0
52,233,2024,0.0,6,0.0
52,240,1998,0.0,38,0.0
52,240,1999,8.0,108,7.4074074074074066
52,240,2000,2.0,75,2.666666666666667
52,240,2001,0.0,60,0.0
52,240,2002,4.0,67,5.970149253731343
52,240,2003,4.0,76,5.263157894736842
52,240,2004,8.0,123,6.504065040650407
52,240,2005,3.0,75,4.0
52,240,2006,3.0,75,4.0
52,240,2007,3.0,64,4.6875
52,240,2008,1.0,60,1.6666666666666667
52,240,2009,3.0,91,3.296703296703297
52,240,2010,1.0,54,1.8518518518518516
52,240,2011,1.0,38,2.631578947368421
52,240,2012,1.0,41,2.4390243902439024
52,240,2013,0.0,33,0.0
52,240,2014,3.0,16,18.75
52,240,2015,1.0,16,6.25
52,240,2016,0.0,18,0.0
52,240,2017,1.0,25,4.0
52,240,2018,1.0,21,4.761904761904762
52,240,2019,1.0,23,4.3478260869565215
52,240,2020,2.0,18,11.11111111111111
52,240,2021,0.0,11,0.0
52,240,2022,1.0,6,16.666666666666664
52,240,2023,0.0,4,0.0
52,240,2024,1.0,3,33.33333333333333
52,250,1998,5.0,87,5.747126436781609
52,250,1999,2.0,65,3.076923076923077
52,250,2000,3.0,35,8.571428571428571
52,250,2001,3.0,33,9.090909090909092
52,250,2002,4.0,63,6.349206349206349
52,250,2003,9.0,110,8.181818181818182
52,250,2004,13.0,184,7.065217391304348
52,250,2005,28.0,223,12.556053811659194
52,250,2006,17.0,228,7.456140350877193
52,250,2007,15.0,265,5.660377358490567
52,250,2008,17.0,268,6.343283582089552
52,250,2009,18.0,324,5.555555555555555
52,250,2010,11.0,346,3.1791907514450863
52,250,2011,14.0,282,4.964539007092199
52,250,2012,8.0,138,5.797101449275362
52,250,2013,7.0,116,6.0344827586206895
52,250,2014,9.0,221,4.072398190045249
52,250,2015,6.0,265,2.2641509433962264
52,250,2016,7.0,115,6.086956521739131
52,250,2017,3.0,68,4.411764705882353
52,250,2018,12.0,145,8.275862068965518
52,250,2019,13.0,167,7.784431137724551
52,250,2020,13.0,288,4.513888888888888
52,250,2021,30.0,333,9.00900900900901
52,250,2022,14.0,209,6.698564593301436
52,250,2023,12.0,125,9.6
52,250,2024,11.0,84,13.095238095238097
52,256,1999,1.0,31,3.225806451612903
52,256,2000,2.0,69,2.898550724637681
52,256,2001,1.0,69,1.4492753623188406
52,256,2003,0.0,1,0.0
52,256,2004,0.0,10,0.0
52,256,2005,1.0,110,0.9090909090909091
52,256,2006,4.0,53,7.547169811320755
52,256,2007,0.0,72,0.0
52,256,2008,1.0,51,1.9607843137254901
52,256,2009,0.0,38,0.0
52,256,2010,2.0,43,4.651162790697675
52,256,2011,1.0,25,4.0
52,256,2012,0.0,15,0.0
52,256,2013,0.0,32,0.0
52,256,2014,0.0,38,0.0
52,256,2015,0.0,18,0.0
52,256,2016,0.0,11,0.0
52,256,2017,0.0,6,0.0
52,256,2018,1.0,5,20.0
52,256,2019,0.0,10,0.0
52,256,2020,1.0,5,20.0
52,256,2021,1.0,9,11.11111111111111
52,256,2022,0.0,6,0.0
52,256,2023,1.0,7,14.285714285714285
52,256,2024,1.0,5,20.0
52,258,1998,0.0,19,0.0
52,258,1999,5.0,96,5.208333333333334
52,258,2000,8.0,98,8.16326530612245
52,258,2001,0.0,42,0.0
52,258,2002,7.0,64,10.9375
52,258,2003,1.0,84,1.1904761904761905
52,258,2004,6.0,102,5.88235294117647
52,258,2005,6.0,129,4.651162790697675
52,258,2006,5.0,101,4.9504950495049505
52,258,2007,4.0,121,3.3057851239669422
52,258,2008,3.0,132,2.272727272727273
52,258,2009,3.0,78,3.8461538461538463
52,258,2010,2.0,87,2.2988505747126435
52,258,2011,4.0,70,5.714285714285714
52,258,2012,1.0,58,1.7241379310344827
52,258,2013,2.0,47,4.25531914893617
52,258,2014,4.0,68,5.88235294117647
52,258,2015,4.0,47,8.51063829787234
52,258,2016,3.0,33,9.090909090909092
52,258,2017,1.0,24,4.166666666666666
52,258,2018,2.0,17,11.76470588235294
52,258,2019,3.0,25,12.0
52,258,2020,1.0,32,3.125
52,258,2021,1.0,27,3.7037037037037033
52,258,2022,0.0,20,0.0
52,258,2023,0.0,5,0.0
52,258,2024,1.0,5,20.0
52,260,1998,3.0,91,3.296703296703297
52,260,1999,5.0,122,4.098360655737705
52,260,2000,8.0,85,9.411764705882353
52,260,2001,2.0,121,1.6528925619834711
52,260,2002,4.0,130,3.076923076923077
52,260,2003,5.0,110,4.545454545454546
52,260,2004,5.0,144,3.4722222222222223
52,260,2005,3.0,108,2.7777777777777777
52,260,2006,4.0,95,4.2105263157894735
52,260,2007,2.0,93,2.1505376344086025
52,260,2008,0.0,63,0.0
52,260,2009,3.0,67,4.477611940298507
52,260,2010,0.0,55,0.0
52,260,2011,1.0,35,2.857142857142857
52,260,2012,0.0,37,0.0
52,260,2013,1.0,26,3.8461538461538463
52,260,2014,2.0,39,5.128205128205128
52,260,2015,0.0,29,0.0
52,260,2016,0.0,22,0.0
52,260,2017,2.0,23,8.695652173913043
52,260,2018,0.0,10,0.0
52,260,2019,0.0,9,0.0
52,260,2020,1.0,11,9.090909090909092
52,260,2021,0.0,8,0.0
52,260,2022,2.0,6,33.33333333333333
52,260,2023,0.0,3,0.0
52,260,2024,0.0,1,0.0
52,287,1998,2.0,23,8.695652173913043
52,287,1999,2.0,46,4.3478260869565215
52,287,2000,0.0,42,0.0
52,287,2001,2.0,55,3.6363636363636362
52,287,2002,1.0,60,1.6666666666666667
52,287,2003,1.0,52,1.9230769230769231
52,287,2004,3.0,63,4.761904761904762
52,287,2005,2.0,34,5.88235294117647
52,287,2006,2.0,41,4.878048780487805
52,287,2007,2.0,38,5.263157894736842
52,287,2008,1.0,33,3.0303030303030303
52,287,2009,0.0,39,0.0
52,287,2010,0.0,30,0.0
52,287,2011,0.0,19,0.0
52,287,2012,0.0,9,0.0
52,287,2013,0.0,6,0.0
52,287,2014,0.0,8,0.0
52,287,2015,0.0,7,0.0
52,287,2016,0.0,9,0.0
52,287,2017,0.0,3,0.0
52,287,2018,1.0,7,14.285714285714285
52,287,2019,0.0,4,0.0
52,287,2020,1.0,6,16.666666666666664
52,287,2021,0.0,1,0.0
52,287,2022,0.0,6,0.0
52,287,2023,0.0,4,0.0
52,287,2024,0.0,3,0.0
52,317,1998,8.0,136,5.88235294117647
52,317,1999,6.0,144,4.166666666666666
52,317,2000,10.0,183,5.46448087431694
52,317,2001,8.0,205,3.902439024390244
52,317,2002,7.0,200,3.5000000000000004
52,317,2003,7.0,192,3.6458333333333335
52,317,2004,3.0,149,2.013422818791946
52,317,2005,3.0,81,3.7037037037037033
52,317,2006,4.0,106,3.7735849056603774
52,317,2007,3.0,99,3.0303030303030303
52,317,2008,9.0,94,9.574468085106384
52,317,2009,4.0,58,6.896551724137931
52,317,2010,4.0,61,6.557377049180328
52,317,2011,2.0,48,4.166666666666666
52,317,2012,1.0,38,2.631578947368421
52,317,2013,3.0,27,11.11111111111111
52,317,2014,2.0,42,4.761904761904762
52,317,2015,3.0,36,8.333333333333332
52,317,2016,4.0,30,13.333333333333334
52,317,2017,3.0,35,8.571428571428571
52,317,2018,2.0,12,16.666666666666664
52,317,2019,1.0,4,25.0
52,317,2020,2.0,11,18.181818181818183
52,317,2021,0.0,20,0.0
52,317,2022,2.0,11,18.181818181818183
52,317,2023,1.0,2,50.0
52,317,2024,2.0,12,16.666666666666664
52,320,1998,4.0,138,2.898550724637681
52,320,1999,7.0,194,3.608247422680412
52,320,2000,8.0,185,4.324324324324325
52,320,2001,3.0,140,2.142857142857143
52,320,2002,5.0,122,4.098360655737705
52,320,2003,6.0,123,4.878048780487805
52,320,2004,2.0,122,1.639344262295082
52,320,2005,2.0,86,2.3255813953488373
52,320,2006,0.0,54,0.0
52,320,2007,0.0,59,0.0
52,320,2008,1.0,50,2.0
52,320,2009,5.0,56,8.928571428571429
52,320,2010,0.0,31,0.0
52,320,2011,2.0,38,5.263157894736842
52,320,2012,2.0,36,5.555555555555555
52,320,2013,1.0,24,4.166666666666666
52,320,2014,2.0,11,18.181818181818183
52,320,2015,1.0,12,8.333333333333332
52,320,2016,3.0,17,17.647058823529413
52,320,2017,2.0,28,7.142857142857142
52,320,2018,2.0,18,11.11111111111111
52,320,2019,0.0,4,0.0
52,320,2020,0.0,5,0.0
52,320,2021,1.0,4,25.0
52,320,2022,0.0,3,0.0
52,320,2023,0.0,1,0.0
52,323,1999,0.0,13,0.0
52,323,2000,2.0,30,6.666666666666667
52,323,2001,1.0,40,2.5
52,323,2002,3.0,39,7.6923076923076925
52,323,2003,0.0,32,0.0
52,323,2004,1.0,26,3.8461538461538463
52,323,2005,4.0,24,16.666666666666664
52,323,2006,0.0,31,0.0
52,323,2007,1.0,29,3.4482758620689653
52,323,2008,1.0,14,7.142857142857142
52,323,2009,1.0,10,10.0
52,323,2010,0.0,16,0.0
52,323,2011,0.0,7,0.0
52,323,2012,0.0,2,0.0
52,323,2013,0.0,7,0.0
52,323,2014,1.0,10,10.0
52,323,2015,0.0,4,0.0
52,323,2016,1.0,7,14.285714285714285
52,323,2017,0.0,2,0.0
52,323,2019,0.0,1,0.0
52,323,2020,0.0,4,0.0
52,323,2021,0.0,1,0.0
52,323,2024,2.0,2,100.0
52,352,1998,0.0,12,0.0
52,352,1999,1.0,10,10.0
52,352,2000,0.0,15,0.0
52,352,2001,2.0,16,12.5
52,352,2002,0.0,33,0.0
52,352,2003,1.0,55,1.8181818181818181
52,352,2004,3.0,55,5.454545454545454
52,352,2005,4.0,57,7.017543859649122
52,352,2006,3.0,53,5.660377358490567
52,352,2007,1.0,45,2.2222222222222223
52,352,2008,2.0,31,6.451612903225806
52,352,2009,3.0,21,14.285714285714285
52,352,2010,1.0,18,5.555555555555555
52,352,2011,0.0,29,0.0
52,352,2012,2.0,22,9.090909090909092
52,352,2013,3.0,21,14.285714285714285
52,352,2014,1.0,25,4.0
52,352,2015,0.0,21,0.0
52,352,2016,1.0,18,5.555555555555555
52,352,2017,4.0,29,13.793103448275861
52,352,2018,3.0,21,14.285714285714285
52,352,2019,1.0,7,14.285714285714285
52,352,2020,1.0,15,6.666666666666667
52,352,2021,0.0,4,0.0
52,352,2022,0.0,5,0.0
52,352,2023,0.0,1,0.0
52,352,2024,0.0,2,0.0
52,354,1998,1.0,13,7.6923076923076925
52,354,1999,1.0,40,2.5
52,354,2000,2.0,34,5.88235294117647
52,354,2001,1.0,34,2.941176470588235
52,354,2002,1.0,22,4.545454545454546
52,354,2003,0.0,33,0.0
52,354,2004,1.0,32,3.125
52,354,2005,1.0,40,2.5
52,354,2006,1.0,13,7.6923076923076925
52,354,2007,1.0,19,5.263157894736842
52,354,2008,2.0,24,8.333333333333332
52,354,2009,2.0,24,8.333333333333332
52,354,2010,1.0,15,6.666666666666667
52,354,2011,2.0,18,11.11111111111111
52,354,2012,0.0,2,0.0
52,354,2013,0.0,3,0.0
52,354,2014,0.0,7,0.0
52,354,2015,0.0,6,0.0
52,354,2016,0.0,1,0.0
52,354,2017,2.0,4,50.0
52,354,2018,0.0,3,0.0
52,354,2019,0.0,4,0.0
52,354,2020,0.0,4,0.0
52,354,2021,1.0,3,33.33333333333333
52,354,2022,0.0,1,0.0
52,354,2023,1.0,2,50.0
52,356,1998,104.0,1509,6.891981444665342
52,356,1999,125.0,1460,8.561643835616438
52,356,2000,208.0,2617,7.948032097821933
52,356,2001,191.0,2311,8.26482042405885
52,356,2002,229.0,2729,8.39135214364236
52,356,2003,221.0,2944,7.506793478260869
52,356,2004,253.0,2986,8.472873409243133
52,356,2005,252.0,3169,7.952035342379299
52,356,2006,230.0,3233,7.114135477884317
52,356,2007,216.0,3271,6.603485172730052
52,356,2008,190.0,3147,6.037496027963139
52,356,2009,274.0,3053,8.974778905994105
52,356,2010,218.0,2732,7.979502196193265
52,356,2011,224.0,3026,7.402511566424323
52,356,2012,203.0,2927,6.935428766655279
52,356,2013,256.0,3069,8.341479309221246
52,356,2014,268.0,3039,8.818690358670615
52,356,2015,267.0,3056,8.736910994764397
52,356,2016,292.0,3127,9.338023664854493
52,356,2017,283.0,3275,8.641221374045802
52,356,2018,287.0,3029,9.475074281941234
52,356,2019,278.0,2781,9.996404171161451
52,356,2020,306.0,2737,11.180124223602485
52,356,2021,386.0,2691,14.34410999628391
52,356,2022,371.0,2544,14.583333333333334
52,356,2023,330.0,2242,14.71900089206066
52,356,2024,301.0,2045,14.718826405867972
52,36,1998,1.0,72,1.3888888888888888
52,36,1999,2.0,54,3.7037037037037033
52,36,2000,4.0,55,7.2727272727272725
52,36,2001,2.0,47,4.25531914893617
52,36,2002,4.0,43,9.30232558139535
52,36,2003,1.0,31,3.225806451612903
52,36,2004,2.0,29,6.896551724137931
52,36,2005,0.0,25,0.0
52,36,2006,0.0,18,0.0
52,36,2007,1.0,26,3.8461538461538463
52,36,2012,1.0,20,5.0
52,36,2013,1.0,12,8.333333333333332
52,378,1998,16.0,270,5.9259259259259265
52,378,1999,19.0,217,8.755760368663594
52,378,2000,28.0,176,15.909090909090908
52,378,2001,16.0,158,10.126582278481013
52,378,2002,8.0,152,5.263157894736842
52,378,2003,15.0,137,10.948905109489052
52,378,2004,10.0,116,8.620689655172415
52,378,2005,9.0,93,9.67741935483871
52,378,2006,5.0,109,4.587155963302752
52,378,2007,8.0,87,9.195402298850574
52,378,2008,7.0,62,11.29032258064516
52,378,2009,3.0,80,3.75
52,378,2010,4.0,61,6.557377049180328
52,378,2011,4.0,59,6.779661016949152
52,378,2012,4.0,45,8.88888888888889
52,378,2013,2.0,39,5.128205128205128
52,378,2014,7.0,46,15.217391304347828
52,378,2015,1.0,44,2.272727272727273
52,378,2016,1.0,34,2.941176470588235
52,378,2017,0.0,7,0.0
52,378,2018,0.0,5,0.0
52,378,2019,0.0,7,0.0
52,378,2020,0.0,29,0.0
52,378,2021,1.0,18,5.555555555555555
52,378,2022,0.0,6,0.0
52,378,2023,0.0,3,0.0
52,378,2024,1.0,10,10.0
52,381,1998,3.0,23,13.043478260869565
52,381,1999,6.0,34,17.647058823529413
52,381,2000,1.0,43,2.3255813953488373
52,381,2001,5.0,48,10.416666666666668
52,381,2002,7.0,95,7.368421052631578
52,381,2003,10.0,92,10.869565217391305
52,381,2004,5.0,79,6.329113924050633
52,381,2005,2.0,69,2.898550724637681
52,381,2006,4.0,56,7.142857142857142
52,381,2007,4.0,37,10.81081081081081
52,381,2008,1.0,41,2.4390243902439024
52,381,2009,2.0,24,8.333333333333332
52,381,2010,1.0,18,5.555555555555555
52,381,2011,1.0,7,14.285714285714285
52,381,2012,2.0,18,11.11111111111111
52,381,2013,1.0,19,5.263157894736842
52,381,2014,1.0,10,10.0
52,381,2015,0.0,8,0.0
52,381,2016,0.0,7,0.0
52,381,2017,2.0,11,18.181818181818183
52,381,2018,0.0,10,0.0
52,381,2019,1.0,7,14.285714285714285
52,381,2020,1.0,5,20.0
52,381,2021,2.0,5,40.0
52,381,2022,0.0,1,0.0
52,381,2023,0.0,3,0.0
52,381,2024,1.0,1,100.0
52,385,1998,2.0,21,9.523809523809524
52,385,1999,0.0,34,0.0
52,385,2000,1.0,38,2.631578947368421
52,385,2001,2.0,31,6.451612903225806
52,385,2002,1.0,29,3.4482758620689653
52,385,2003,0.0,25,0.0
52,385,2004,2.0,38,5.263157894736842
52,385,2005,0.0,27,0.0
52,385,2006,0.0,27,0.0
52,385,2007,1.0,32,3.125
52,385,2008,1.0,21,4.761904761904762
52,385,2009,1.0,26,3.8461538461538463
52,385,2010,2.0,34,5.88235294117647
52,385,2011,0.0,9,0.0
52,385,2012,0.0,22,0.0
52,385,2013,2.0,21,9.523809523809524
52,385,2014,0.0,15,0.0
52,385,2015,0.0,7,0.0
52,385,2016,0.0,10,0.0
52,385,2017,0.0,14,0.0
52,385,2018,1.0,13,7.6923076923076925
52,385,2019,2.0,22,9.090909090909092
52,385,2020,0.0,17,0.0
52,385,2021,0.0,6,0.0
52,385,2022,0.0,4,0.0
52,385,2023,0.0,3,0.0
52,385,2024,0.0,8,0.0
52,390,1998,0.0,6,0.0
52,390,1999,0.0,25,0.0
52,390,2000,3.0,30,10.0
52,390,2001,2.0,29,6.896551724137931
52,390,2002,0.0,1,0.0
52,390,2003,1.0,21,4.761904761904762
52,390,2004,1.0,14,7.142857142857142
52,390,2005,1.0,34,2.941176470588235
52,390,2006,1.0,60,1.6666666666666667
52,390,2007,1.0,33,3.0303030303030303
52,390,2008,2.0,50,4.0
52,390,2009,0.0,51,0.0
52,390,2010,3.0,63,4.761904761904762
52,390,2011,2.0,45,4.444444444444445
52,390,2012,2.0,24,8.333333333333332
52,390,2013,2.0,21,9.523809523809524
52,390,2014,0.0,46,0.0
52,390,2015,1.0,21,4.761904761904762
52,390,2016,0.0,9,0.0
52,390,2017,0.0,1,0.0
52,390,2018,0.0,2,0.0
52,390,2019,1.0,22,4.545454545454546
52,390,2020,2.0,55,3.6363636363636362
52,390,2021,4.0,52,7.6923076923076925
52,390,2022,1.0,19,5.263157894736842
52,390,2023,2.0,23,8.695652173913043
52,390,2024,8.0,25,32.0
52,399,1998,56.0,693,8.080808080808081
52,399,1999,67.0,733,9.140518417462483
52,399,2000,47.0,591,7.952622673434856
52,399,2001,44.0,522,8.42911877394636
52,399,2002,34.0,473,7.188160676532769
52,399,2003,30.0,557,5.385996409335727
52,399,2004,37.0,724,5.110497237569061
52,399,2005,29.0,665,4.360902255639098
52,399,2006,40.0,745,5.369127516778524
52,399,2007,58.0,844,6.872037914691943
52,399,2008,39.0,819,4.761904761904762
52,399,2009,40.0,712,5.617977528089887
52,399,2010,29.0,589,4.923599320882852
52,399,2011,21.0,601,3.494176372712146
52,399,2012,20.0,608,3.289473684210526
52,399,2013,20.0,694,2.881844380403458
52,399,2014,18.0,679,2.6509572901325478
52,399,2015,17.0,635,2.677165354330709
52,399,2016,26.0,728,3.571428571428571
52,399,2017,20.0,720,2.7777777777777777
52,399,2018,17.0,679,2.503681885125184
52,399,2019,22.0,625,3.52
52,399,2020,21.0,855,2.456140350877193
52,399,2021,39.0,811,4.808877928483354
52,399,2022,27.0,623,4.333868378812198
52,399,2023,21.0,593,3.541315345699832
52,399,2024,23.0,474,4.852320675105485
52,405,1998,0.0,24,0.0
52,405,1999,0.0,46,0.0
52,405,2000,1.0,67,1.4925373134328357
52,405,2001,1.0,30,3.3333333333333335
52,405,2002,4.0,67,5.970149253731343
52,405,2003,7.0,101,6.9306930693069315
52,405,2004,2.0,94,2.127659574468085
52,405,2005,3.0,112,2.6785714285714284
52,405,2006,0.0,70,0.0
52,405,2007,2.0,83,2.4096385542168677
52,405,2008,1.0,90,1.1111111111111112
52,405,2009,1.0,64,1.5625
52,405,2010,0.0,36,0.0
52,405,2011,0.0,29,0.0
52,405,2012,0.0,31,0.0
52,405,2013,1.0,35,2.857142857142857
52,405,2014,1.0,32,3.125
52,405,2015,3.0,43,6.976744186046512
52,405,2016,2.0,15,13.333333333333334
52,405,2017,1.0,11,9.090909090909092
52,405,2018,0.0,19,0.0
52,405,2019,0.0,13,0.0
52,405,2020,1.0,9,11.11111111111111
52,405,2021,0.0,6,0.0
52,405,2022,1.0,6,16.666666666666664
52,405,2023,1.0,6,16.666666666666664
52,405,2024,0.0,2,0.0
52,411,1998,1.0,32,3.125
52,411,1999,3.0,89,3.3707865168539324
52,411,2000,11.0,95,11.578947368421053
52,411,2001,3.0,74,4.054054054054054
52,411,2002,1.0,39,2.564102564102564
52,411,2003,4.0,86,4.651162790697675
52,411,2004,3.0,86,3.488372093023256
52,411,2005,4.0,96,4.166666666666666
52,411,2006,1.0,76,1.3157894736842104
52,411,2007,5.0,72,6.944444444444445
52,411,2008,2.0,49,4.081632653061225
52,411,2009,1.0,37,2.7027027027027026
52,411,2010,0.0,38,0.0
52,411,2011,1.0,14,7.142857142857142
52,411,2012,0.0,25,0.0
52,411,2013,1.0,8,12.5
52,411,2014,0.0,5,0.0
52,411,2015,1.0,9,11.11111111111111
52,411,2016,0.0,9,0.0
52,411,2017,2.0,13,15.384615384615385
52,411,2018,0.0,4,0.0
52,411,2019,0.0,6,0.0
52,411,2020,0.0,8,0.0
52,411,2022,0.0,2,0.0
52,411,2023,0.0,4,0.0
52,411,2024,0.0,3,0.0
52,418,1998,4.0,42,9.523809523809524
52,418,1999,0.0,57,0.0
52,418,2000,1.0,53,1.8867924528301887
52,418,2001,0.0,72,0.0
52,418,2002,2.0,84,2.380952380952381
52,418,2003,3.0,89,3.3707865168539324
52,418,2004,1.0,61,1.639344262295082
52,418,2005,6.0,112,5.357142857142857
52,418,2006,1.0,90,1.1111111111111112
52,418,2007,1.0,78,1.282051282051282
52,418,2008,1.0,62,1.6129032258064515
52,418,2009,1.0,40,2.5
52,418,2010,3.0,50,6.0
52,418,2011,1.0,34,2.941176470588235
52,418,2012,3.0,28,10.714285714285714
52,418,2013,1.0,37,2.7027027027027026
52,418,2014,0.0,24,0.0
52,418,2015,2.0,22,9.090909090909092
52,418,2016,0.0,15,0.0
52,418,2017,1.0,25,4.0
52,418,2018,1.0,33,3.0303030303030303
52,418,2019,0.0,15,0.0
52,418,2020,0.0,25,0.0
52,418,2021,0.0,20,0.0
52,418,2022,0.0,10,0.0
52,418,2023,0.0,7,0.0
52,418,2024,0.0,6,0.0
52,435,1998,3.0,14,21.428571428571427
52,435,1999,0.0,30,0.0
52,435,2000,0.0,30,0.0
52,435,2001,0.0,37,0.0
52,435,2002,0.0,23,0.0
52,435,2003,2.0,41,4.878048780487805
52,435,2004,1.0,53,1.8867924528301887
52,435,2005,1.0,56,1.7857142857142856
52,435,2006,3.0,41,7.317073170731707
52,435,2007,1.0,26,3.8461538461538463
52,435,2008,2.0,29,6.896551724137931
52,435,2009,0.0,27,0.0
52,435,2010,4.0,18,22.22222222222222
52,435,2011,2.0,18,11.11111111111111
52,435,2012,0.0,20,0.0
52,435,2013,1.0,23,4.3478260869565215
52,435,2014,0.0,12,0.0
52,435,2015,0.0,17,0.0
52,435,2016,0.0,17,0.0
52,435,2017,3.0,22,13.636363636363635
52,435,2018,1.0,22,4.545454545454546
52,435,2019,0.0,4,0.0
52,435,2020,0.0,6,0.0
52,435,2021,0.0,4,0.0
52,435,2022,1.0,3,33.33333333333333
52,435,2023,1.0,1,100.0
52,435,2024,0.0,2,0.0
52,473,1998,1.0,12,8.333333333333332
52,473,1999,7.0,64,10.9375
52,473,2000,5.0,34,14.705882352941178
52,473,2001,8.0,70,11.428571428571429
52,473,2002,3.0,42,7.142857142857142
52,473,2003,2.0,56,3.571428571428571
52,473,2004,4.0,69,5.797101449275362
52,473,2005,8.0,78,10.256410256410255
52,473,2006,3.0,78,3.8461538461538463
52,473,2007,10.0,94,10.638297872340425
52,473,2008,3.0,108,2.7777777777777777
52,473,2009,2.0,75,2.666666666666667
52,473,2010,2.0,42,4.761904761904762
52,473,2011,2.0,48,4.166666666666666
52,473,2012,2.0,31,6.451612903225806
52,473,2013,5.0,58,8.620689655172415
52,473,2014,4.0,39,10.256410256410255
52,473,2015,1.0,35,2.857142857142857
52,473,2016,2.0,40,5.0
52,473,2017,2.0,41,4.878048780487805
52,473,2018,3.0,37,8.108108108108109
52,473,2019,1.0,46,2.1739130434782608
52,473,2020,1.0,60,1.6666666666666667
52,473,2021,2.0,57,3.508771929824561
52,473,2022,2.0,32,6.25
52,473,2023,1.0,31,3.225806451612903
52,473,2024,0.0,16,0.0
52,480,2002,0.0,1,0.0
52,480,2004,0.0,2,0.0
52,480,2005,0.0,3,0.0
52,480,2007,1.0,6,16.666666666666664
52,480,2008,0.0,9,0.0
52,480,2009,0.0,10,0.0
52,480,2010,1.0,10,10.0
52,480,2011,0.0,11,0.0
52,480,2012,0.0,4,0.0
52,480,2013,0.0,10,0.0
52,480,2014,0.0,10,0.0
52,480,2015,0.0,6,0.0
52,480,2016,0.0,1,0.0
52,480,2017,0.0,2,0.0
52,480,2018,0.0,3,0.0
52,480,2019,0.0,5,0.0
52,480,2020,1.0,6,16.666666666666664
52,480,2022,0.0,2,0.0
52,490,1998,0.0,12,0.0
52,490,1999,3.0,50,6.0
52,490,2000,4.0,91,4.395604395604396
52,490,2001,2.0,82,2.4390243902439024
52,490,2002,1.0,129,0.7751937984496124
52,490,2003,5.0,110,4.545454545454546
52,490,2004,5.0,181,2.7624309392265194
52,490,2005,10.0,174,5.747126436781609
52,490,2006,9.0,265,3.3962264150943398
52,490,2007,6.0,181,3.314917127071823
52,490,2008,12.0,201,5.970149253731343
52,490,2009,3.0,213,1.4084507042253522
52,490,2010,3.0,183,1.639344262295082
52,490,2011,7.0,173,4.046242774566474
52,490,2012,8.0,141,5.673758865248227
52,490,2013,5.0,119,4.201680672268908
52,490,2014,9.0,146,6.164383561643835
52,490,2015,9.0,128,7.03125
52,490,2016,15.0,122,12.295081967213115
52,490,2017,19.0,130,14.615384615384617
52,490,2018,10.0,142,7.042253521126761
52,490,2019,12.0,156,7.6923076923076925
52,490,2020,24.0,253,9.486166007905137
52,490,2021,14.0,213,6.572769953051644
52,490,2022,5.0,166,3.0120481927710845
52,490,2023,11.0,130,8.461538461538462
52,490,2024,10.0,61,16.39344262295082
52,506,1998,0.0,8,0.0
52,506,1999,0.0,1,0.0
52,506,2000,4.0,13,30.76923076923077
52,506,2001,2.0,21,9.523809523809524
52,506,2002,2.0,27,7.4074074074074066
52,506,2003,0.0,26,0.0
52,506,2004,3.0,39,7.6923076923076925
52,506,2005,3.0,36,8.333333333333332
52,506,2006,0.0,19,0.0
52,506,2007,1.0,38,2.631578947368421
52,506,2008,2.0,29,6.896551724137931
52,506,2009,0.0,17,0.0
52,506,2010,1.0,18,5.555555555555555
52,506,2011,3.0,32,9.375
52,506,2012,1.0,13,7.6923076923076925
52,506,2013,0.0,10,0.0
52,506,2014,0.0,9,0.0
52,506,2015,0.0,4,0.0
52,506,2016,0.0,6,0.0
52,506,2017,0.0,5,0.0
52,506,2018,0.0,4,0.0
52,506,2019,0.0,1,0.0
52,506,2020,1.0,3,33.33333333333333
52,506,2021,0.0,2,0.0
52,506,2023,0.0,1,0.0
52,506,2024,0.0,1,0.0
52,51,1998,2.0,88,2.272727272727273
52,51,1999,4.0,113,3.5398230088495577
52,51,2000,1.0,114,0.8771929824561403
52,51,2001,2.0,79,2.5316455696202533
52,51,2002,2.0,37,5.405405405405405
52,51,2003,4.0,65,6.153846153846154
52,51,2004,0.0,51,0.0
52,51,2005,2.0,40,5.0
52,51,2006,1.0,61,1.639344262295082
52,51,2007,0.0,53,0.0
52,51,2012,0.0,16,0.0
52,51,2013,1.0,16,6.25
52,520,1998,2.0,13,15.384615384615385
52,520,1999,1.0,32,3.125
52,520,2000,1.0,5,20.0
52,520,2001,0.0,2,0.0
52,520,2002,0.0,32,0.0
52,520,2003,1.0,40,2.5
52,520,2004,2.0,60,3.3333333333333335
52,520,2005,0.0,51,0.0
52,520,2006,1.0,51,1.9607843137254901
52,520,2007,0.0,43,0.0
52,520,2008,0.0,71,0.0
52,520,2009,3.0,62,4.838709677419355
52,520,2010,0.0,54,0.0
52,520,2011,1.0,59,1.694915254237288
52,520,2012,0.0,43,0.0
52,520,2013,1.0,27,3.7037037037037033
52,520,2014,1.0,20,5.0
52,520,2015,4.0,23,17.391304347826086
52,520,2016,1.0,27,3.7037037037037033
52,520,2017,0.0,28,0.0
52,520,2018,1.0,28,3.571428571428571
52,520,2019,3.0,20,15.0
52,520,2020,2.0,60,3.3333333333333335
52,520,2021,7.0,47,14.893617021276595
52,520,2022,3.0,35,8.571428571428571
52,520,2023,1.0,19,5.263157894736842
52,520,2024,0.0,19,0.0
52,540,1998,7.0,113,6.1946902654867255
52,540,1999,4.0,149,2.684563758389262
52,540,2000,5.0,160,3.125
52,540,2001,2.0,73,2.73972602739726
52,540,2002,1.0,74,1.3513513513513513
52,540,2003,3.0,96,3.125
52,540,2004,3.0,113,2.6548672566371683
52,540,2005,4.0,84,4.761904761904762
52,540,2006,2.0,103,1.9417475728155338
52,540,2007,5.0,99,5.05050505050505
52,540,2008,2.0,67,2.9850746268656714
52,540,2009,3.0,82,3.6585365853658534
52,540,2010,2.0,73,2.73972602739726
52,540,2011,3.0,46,6.521739130434782
52,540,2012,2.0,42,4.761904761904762
52,540,2013,2.0,50,4.0
52,540,2014,4.0,54,7.4074074074074066
52,540,2015,4.0,29,13.793103448275861
52,540,2016,1.0,32,3.125
52,540,2017,1.0,31,3.225806451612903
52,540,2018,3.0,36,8.333333333333332
52,540,2019,3.0,40,7.5
52,540,2020,2.0,75,2.666666666666667
52,540,2021,5.0,58,8.620689655172415
52,540,2022,1.0,21,4.761904761904762
52,540,2023,2.0,14,14.285714285714285
52,540,2024,1.0,5,20.0
52,560,1998,0.0,42,0.0
52,560,1999,3.0,111,2.7027027027027026
52,560,2000,5.0,100,5.0
52,560,2001,7.0,126,5.555555555555555
52,560,2002,2.0,107,1.8691588785046727
52,560,2003,3.0,63,4.761904761904762
52,560,2004,2.0,70,2.857142857142857
52,560,2005,2.0,40,5.0
52,560,2006,7.0,50,14.000000000000002
52,560,2007,3.0,57,5.263157894736842
52,560,2008,2.0,58,3.4482758620689653
52,560,2009,0.0,52,0.0
52,560,2010,1.0,22,4.545454545454546
52,560,2011,1.0,26,3.8461538461538463
52,560,2012,1.0,32,3.125
52,560,2013,3.0,28,10.714285714285714
52,560,2014,4.0,38,10.526315789473683
52,560,2015,0.0,26,0.0
52,560,2016,0.0,9,0.0
52,560,2017,0.0,10,0.0
52,560,2018,1.0,17,5.88235294117647
52,560,2019,0.0,6,0.0
52,560,2020,0.0,16,0.0
52,560,2021,3.0,20,15.0
52,560,2022,1.0,5,20.0
52,560,2023,1.0,6,16.666666666666664
52,560,2024,0.0,3,0.0
52,565,1998,2.0,53,3.7735849056603774
52,565,1999,4.0,61,6.557377049180328
52,565,2000,0.0,32,0.0
52,565,2001,1.0,17,5.88235294117647
52,565,2002,2.0,36,5.555555555555555
52,565,2003,1.0,56,1.7857142857142856
52,565,2004,2.0,68,2.941176470588235
52,565,2005,6.0,63,9.523809523809524
52,565,2006,2.0,39,5.128205128205128
52,565,2007,1.0,45,2.2222222222222223
52,565,2008,6.0,43,13.953488372093023
52,565,2009,2.0,40,5.0
52,565,2010,2.0,32,6.25
52,565,2011,3.0,31,9.67741935483871
52,565,2012,1.0,22,4.545454545454546
52,565,2013,0.0,10,0.0
52,565,2014,0.0,17,0.0
52,565,2015,2.0,22,9.090909090909092
52,565,2016,0.0,12,0.0
52,565,2017,2.0,13,15.384615384615385
52,565,2018,2.0,22,9.090909090909092
52,565,2019,2.0,15,13.333333333333334
52,565,2020,1.0,20,5.0
52,565,2021,0.0,10,0.0
52,565,2022,1.0,9,11.11111111111111
52,565,2023,1.0,10,10.0
52,565,2024,0.0,3,0.0
52,573,2000,4.0,48,8.333333333333332
52,573,2001,2.0,58,3.4482758620689653
52,573,2002,3.0,64,4.6875
52,573,2003,3.0,61,4.918032786885246
52,573,2004,2.0,63,3.1746031746031744
52,573,2005,1.0,41,2.4390243902439024
52,573,2006,2.0,42,4.761904761904762
52,573,2007,1.0,31,3.225806451612903
52,573,2008,1.0,33,3.0303030303030303
52,573,2009,1.0,28,3.571428571428571
52,573,2010,2.0,19,10.526315789473683
52,573,2011,1.0,22,4.545454545454546
52,573,2012,3.0,34,8.823529411764707
52,573,2013,0.0,21,0.0
52,573,2014,1.0,20,5.0
52,573,2015,0.0,12,0.0
52,573,2016,0.0,8,0.0
52,573,2017,2.0,7,28.57142857142857
52,573,2019,0.0,1,0.0
52,573,2020,0.0,9,0.0
52,573,2021,0.0,3,0.0
52,573,2022,0.0,4,0.0
52,573,2023,0.0,1,0.0
52,573,2024,0.0,2,0.0
52,585,1999,1.0,23,4.3478260869565215
52,585,2000,0.0,11,0.0
52,585,2001,0.0,17,0.0
52,585,2002,0.0,29,0.0
52,585,2003,5.0,62,8.064516129032258
52,585,2004,5.0,102,4.901960784313726
52,585,2005,3.0,85,3.5294117647058822
52,585,2006,4.0,70,5.714285714285714
52,585,2007,3.0,73,4.10958904109589
52,585,2008,1.0,72,1.3888888888888888
52,585,2009,3.0,70,4.285714285714286
52,585,2010,1.0,36,2.7777777777777777
52,585,2011,3.0,49,6.122448979591836
52,585,2012,0.0,25,0.0
52,585,2013,1.0,41,2.4390243902439024
52,585,2014,1.0,22,4.545454545454546
52,585,2015,0.0,23,0.0
52,585,2016,1.0,5,20.0
52,585,2017,0.0,14,0.0
52,585,2018,1.0,5,20.0
52,585,2019,0.0,3,0.0
52,585,2020,2.0,7,28.57142857142857
52,585,2022,0.0,1,0.0
52,585,2024,0.0,2,0.0
52,612,1998,0.0,117,0.0
52,612,1999,1.0,102,0.9803921568627451
52,612,2000,2.0,89,2.247191011235955
52,612,2001,4.0,67,5.970149253731343
52,612,2002,5.0,92,5.434782608695652
52,612,2003,3.0,122,2.459016393442623
52,612,2004,3.0,151,1.9867549668874174
52,612,2005,3.0,122,2.459016393442623
52,612,2006,8.0,134,5.970149253731343
52,612,2007,10.0,141,7.092198581560284
52,612,2008,7.0,91,7.6923076923076925
52,612,2009,15.0,126,11.904761904761903
52,612,2010,7.0,172,4.069767441860465
52,612,2011,5.0,88,5.681818181818182
52,612,2012,5.0,122,4.098360655737705
52,612,2013,8.0,118,6.779661016949152
52,612,2014,4.0,132,3.0303030303030303
52,612,2015,6.0,94,6.382978723404255
52,612,2016,6.0,140,4.285714285714286
52,612,2017,8.0,144,5.555555555555555
52,612,2018,18.0,250,7.199999999999999
52,612,2019,8.0,159,5.031446540880504
52,612,2020,6.0,176,3.4090909090909087
52,612,2021,11.0,221,4.97737556561086
52,612,2022,9.0,159,5.660377358490567
52,612,2023,3.0,81,3.7037037037037033
52,612,2024,6.0,103,5.825242718446602
52,621,1998,1.0,19,5.263157894736842
52,621,1999,0.0,5,0.0
52,621,2000,0.0,11,0.0
52,621,2003,2.0,10,20.0
52,621,2004,6.0,51,11.76470588235294
52,621,2005,8.0,80,10.0
52,621,2006,3.0,84,3.571428571428571
52,621,2007,5.0,42,11.904761904761903
52,621,2008,1.0,39,2.564102564102564
52,621,2009,1.0,68,1.4705882352941175
52,621,2010,10.0,79,12.658227848101266
52,621,2011,4.0,54,7.4074074074074066
52,621,2012,2.0,39,5.128205128205128
52,621,2013,4.0,61,6.557377049180328
52,621,2014,4.0,49,8.16326530612245
52,621,2015,1.0,40,2.5
52,621,2016,7.0,51,13.725490196078432
52,621,2017,2.0,63,3.1746031746031744
52,621,2018,4.0,53,7.547169811320755
52,621,2019,3.0,45,6.666666666666667
52,621,2020,5.0,62,8.064516129032258
52,621,2021,3.0,70,4.285714285714286
52,621,2022,1.0,34,2.941176470588235
52,621,2023,5.0,46,10.869565217391305
52,621,2024,4.0,24,16.666666666666664
52,678,1998,9.0,203,4.433497536945813
52,678,1999,10.0,317,3.1545741324921135
52,678,2000,24.0,401,5.985037406483791
52,678,2001,12.0,411,2.9197080291970803
52,678,2002,16.0,363,4.40771349862259
52,678,2003,21.0,406,5.172413793103448
52,678,2004,11.0,364,3.021978021978022
52,678,2005,20.0,405,4.938271604938271
52,678,2006,18.0,386,4.66321243523316
52,678,2007,11.0,334,3.293413173652695
52,678,2008,12.0,379,3.16622691292876
52,678,2009,10.0,337,2.967359050445104
52,678,2010,17.0,344,4.941860465116279
52,678,2011,8.0,292,2.73972602739726
52,678,2012,13.0,372,3.494623655913978
52,678,2013,14.0,315,4.444444444444445
52,678,2014,19.0,345,5.507246376811594
52,678,2015,9.0,269,3.3457249070631967
52,678,2016,6.0,275,2.181818181818182
52,678,2017,10.0,198,5.05050505050505
52,678,2018,6.0,116,5.172413793103448
52,678,2019,3.0,84,3.571428571428571
52,678,2020,4.0,99,4.040404040404041
52,678,2021,7.0,57,12.280701754385964
52,678,2022,4.0,45,8.88888888888889
52,678,2023,3.0,23,13.043478260869565
52,678,2024,1.0,19,5.263157894736842
52,683,1998,11.0,182,6.043956043956044
52,683,1999,3.0,138,2.1739130434782608
52,683,2000,7.0,208,3.3653846153846154
52,683,2001,6.0,228,2.631578947368421
52,683,2002,4.0,156,2.564102564102564
52,683,2003,8.0,156,5.128205128205128
52,683,2004,3.0,91,3.296703296703297
52,683,2005,1.0,102,0.9803921568627451
52,683,2006,5.0,146,3.4246575342465753
52,683,2007,2.0,91,2.197802197802198
52,683,2008,3.0,97,3.0927835051546393
52,683,2009,4.0,99,4.040404040404041
52,683,2010,1.0,71,1.4084507042253522
52,683,2011,1.0,72,1.3888888888888888
52,683,2012,0.0,52,0.0
52,683,2013,3.0,51,5.88235294117647
52,683,2014,1.0,37,2.7027027027027026
52,683,2015,1.0,51,1.9607843137254901
52,683,2016,2.0,29,6.896551724137931
52,683,2017,0.0,16,0.0
52,683,2018,2.0,19,10.526315789473683
52,683,2019,0.0,12,0.0
52,683,2020,0.0,18,0.0
52,683,2021,1.0,14,7.142857142857142
52,683,2022,0.0,10,0.0
52,683,2023,0.0,10,0.0
52,683,2024,0.0,6,0.0
52,685,1998,1.0,45,2.2222222222222223
52,685,1999,4.0,50,8.0
52,685,2000,4.0,64,6.25
52,685,2001,3.0,61,4.918032786885246
52,685,2002,4.0,81,4.938271604938271
52,685,2003,2.0,43,4.651162790697675
52,685,2004,0.0,48,0.0
52,685,2005,1.0,49,2.0408163265306123
52,685,2006,1.0,60,1.6666666666666667
52,685,2007,1.0,41,2.4390243902439024
52,685,2008,0.0,24,0.0
52,685,2009,1.0,40,2.5
52,685,2010,1.0,21,4.761904761904762
52,685,2011,0.0,16,0.0
52,685,2012,0.0,21,0.0
52,685,2013,0.0,14,0.0
52,685,2014,0.0,5,0.0
52,685,2016,0.0,11,0.0
52,685,2017,0.0,6,0.0
52,685,2018,2.0,8,25.0
52,685,2019,1.0,7,14.285714285714285
52,685,2020,0.0,6,0.0
52,685,2021,0.0,4,0.0
52,685,2022,0.0,3,0.0
52,685,2023,0.0,5,0.0
52,685,2024,0.0,1,0.0
52,687,1998,0.0,37,0.0
52,687,1999,4.0,53,7.547169811320755
52,687,2000,2.0,51,3.9215686274509802
52,687,2001,3.0,66,4.545454545454546
52,687,2002,1.0,32,3.125
52,687,2003,5.0,116,4.310344827586207
52,687,2004,8.0,123,6.504065040650407
52,687,2005,3.0,147,2.0408163265306123
52,687,2006,3.0,96,3.125
52,687,2007,5.0,97,5.154639175257731
52,687,2008,2.0,83,2.4096385542168677
52,687,2009,4.0,67,5.970149253731343
52,687,2010,2.0,66,3.0303030303030303
52,687,2011,3.0,52,5.769230769230769
52,687,2012,2.0,28,7.142857142857142
52,687,2013,2.0,20,10.0
52,687,2014,2.0,47,4.25531914893617
52,687,2015,2.0,23,8.695652173913043
52,687,2016,1.0,18,5.555555555555555
52,687,2017,0.0,18,0.0
52,687,2018,0.0,16,0.0
52,687,2019,0.0,5,0.0
52,687,2020,2.0,24,8.333333333333332
52,687,2021,0.0,12,0.0
52,687,2022,0.0,5,0.0
52,687,2023,0.0,5,0.0
52,687,2024,0.0,3,0.0
52,693,1998,2.0,52,3.8461538461538463
52,693,1999,8.0,128,6.25
52,693,2000,10.0,159,6.289308176100629
52,693,2001,11.0,147,7.482993197278912
52,693,2002,6.0,159,3.7735849056603774
52,693,2003,10.0,174,5.747126436781609
52,693,2004,8.0,154,5.194805194805195
52,693,2005,8.0,150,5.333333333333334
52,693,2006,9.0,136,6.61764705882353
52,693,2007,8.0,97,8.24742268041237
52,693,2008,1.0,68,1.4705882352941175
52,693,2009,6.0,84,7.142857142857142
52,693,2010,6.0,89,6.741573033707865
52,693,2011,5.0,70,7.142857142857142
52,693,2012,4.0,67,5.970149253731343
52,693,2013,2.0,36,5.555555555555555
52,693,2014,2.0,33,6.0606060606060606
52,693,2015,2.0,13,15.384615384615385
52,693,2016,0.0,8,0.0
52,693,2017,1.0,6,16.666666666666664
52,693,2018,1.0,17,5.88235294117647
52,693,2019,0.0,8,0.0
52,693,2020,0.0,5,0.0
52,693,2021,0.0,4,0.0
52,693,2022,2.0,6,33.33333333333333
52,693,2023,0.0,5,0.0
52,694,1998,1.0,40,2.5
52,694,1999,3.0,43,6.976744186046512
52,694,2000,1.0,59,1.694915254237288
52,694,2001,2.0,61,3.278688524590164
52,694,2002,2.0,72,2.7777777777777777
52,694,2003,2.0,49,4.081632653061225
52,694,2004,2.0,82,2.4390243902439024
52,694,2005,5.0,49,10.204081632653061
52,694,2006,1.0,30,3.3333333333333335
52,694,2007,1.0,29,3.4482758620689653
52,694,2008,1.0,36,2.7777777777777777
52,694,2009,0.0,35,0.0
52,694,2010,0.0,21,0.0
52,694,2011,1.0,27,3.7037037037037033
52,694,2012,1.0,21,4.761904761904762
52,694,2013,0.0,11,0.0
52,694,2014,1.0,11,9.090909090909092
52,694,2015,0.0,7,0.0
52,694,2016,0.0,1,0.0
52,694,2020,0.0,2,0.0
52,696,1998,2.0,15,13.333333333333334
52,696,1999,1.0,22,4.545454545454546
52,696,2000,1.0,19,5.263157894736842
52,696,2001,0.0,23,0.0
52,696,2002,3.0,33,9.090909090909092
52,696,2003,0.0,20,0.0
52,696,2004,2.0,33,6.0606060606060606
52,696,2005,0.0,13,0.0
52,696,2006,1.0,16,6.25
52,696,2007,0.0,47,0.0
52,696,2008,6.0,53,11.320754716981133
52,696,2009,1.0,40,2.5
52,696,2010,2.0,26,7.6923076923076925
52,696,2011,0.0,22,0.0
52,696,2012,1.0,12,8.333333333333332
52,696,2013,2.0,34,5.88235294117647
52,696,2014,2.0,28,7.142857142857142
52,696,2015,0.0,26,0.0
52,696,2016,1.0,27,3.7037037037037033
52,696,2017,4.0,41,9.75609756097561
52,696,2018,3.0,18,16.666666666666664
52,696,2019,1.0,25,4.0
52,696,2020,2.0,51,3.9215686274509802
52,696,2021,3.0,39,7.6923076923076925
52,696,2022,5.0,43,11.627906976744185
52,696,2023,4.0,26,15.384615384615385
52,696,2024,0.0,24,0.0
52,699,1998,2.0,64,3.125
52,699,1999,0.0,64,0.0
52,699,2000,6.0,92,6.521739130434782
52,699,2001,1.0,21,4.761904761904762
52,699,2002,1.0,30,3.3333333333333335
52,699,2003,3.0,48,6.25
52,699,2004,4.0,33,12.121212121212121
52,699,2005,3.0,45,6.666666666666667
52,699,2006,3.0,59,5.084745762711865
52,699,2007,1.0,54,1.8518518518518516
52,699,2008,1.0,58,1.7241379310344827
52,699,2009,0.0,42,0.0
52,699,2010,1.0,46,2.1739130434782608
52,699,2011,3.0,38,7.894736842105263
52,699,2012,2.0,27,7.4074074074074066
52,699,2013,0.0,28,0.0
52,699,2014,0.0,31,0.0
52,699,2015,2.0,28,7.142857142857142
52,699,2016,1.0,15,6.666666666666667
52,699,2017,0.0,24,0.0
52,699,2018,0.0,18,0.0
52,699,2019,0.0,13,0.0
52,699,2020,0.0,24,0.0
52,699,2021,1.0,4,25.0
52,699,2022,3.0,10,30.0
52,699,2023,2.0,5,40.0
52,699,2024,0.0,3,0.0
52,720,1998,0.0,10,0.0
52,720,1999,1.0,8,12.5
52,720,2000,0.0,5,0.0
52,720,2001,0.0,6,0.0
52,720,2002,0.0,1,0.0
52,720,2003,0.0,6,0.0
52,720,2007,1.0,2,50.0
52,720,2008,0.0,1,0.0
52,720,2011,0.0,1,0.0
52,720,2012,0.0,1,0.0
52,720,2024,1.0,1,100.0
52,786,1998,4.0,90,4.444444444444445
52,786,1999,3.0,95,3.1578947368421053
52,786,2000,3.0,117,2.564102564102564
52,786,2001,4.0,79,5.063291139240507
52,786,2002,6.0,85,7.0588235294117645
52,786,2003,1.0,95,1.0526315789473684
52,786,2004,5.0,115,4.3478260869565215
52,786,2005,4.0,101,3.9603960396039604
52,786,2006,4.0,110,3.6363636363636362
52,786,2007,1.0,68,1.4705882352941175
52,786,2008,1.0,83,1.2048192771084338
52,786,2009,1.0,69,1.4492753623188406
52,786,2010,1.0,50,2.0
52,786,2011,2.0,36,5.555555555555555
52,786,2012,2.0,27,7.4074074074074066
52,786,2013,1.0,30,3.3333333333333335
52,786,2014,2.0,32,6.25
52,786,2015,1.0,15,6.666666666666667
52,786,2016,2.0,14,14.285714285714285
52,786,2017,0.0,12,0.0
52,786,2018,1.0,12,8.333333333333332
52,786,2019,0.0,12,0.0
52,786,2020,0.0,18,0.0
52,786,2021,1.0,11,9.090909090909092
52,786,2022,1.0,5,20.0
52,786,2023,1.0,6,16.666666666666664
52,786,2024,0.0,1,0.0
52,788,1999,1.0,2,50.0
52,788,2001,4.0,71,5.633802816901409
52,788,2002,6.0,72,8.333333333333332
52,788,2003,4.0,53,7.547169811320755
52,788,2004,4.0,100,4.0
52,788,2005,3.0,35,8.571428571428571
52,788,2006,2.0,46,4.3478260869565215
52,788,2007,4.0,43,9.30232558139535
52,788,2008,2.0,48,4.166666666666666
52,788,2009,1.0,30,3.3333333333333335
52,788,2010,8.0,24,33.33333333333333
52,788,2011,2.0,11,18.181818181818183
52,788,2012,3.0,18,16.666666666666664
52,788,2013,2.0,24,8.333333333333332
52,788,2014,0.0,13,0.0
52,788,2015,0.0,6,0.0
52,788,2016,0.0,7,0.0
52,788,2017,0.0,2,0.0
52,788,2018,0.0,4,0.0
52,788,2019,1.0,4,25.0
52,788,2020,1.0,9,11.11111111111111
52,788,2021,0.0,3,0.0
52,79,1998,11.0,171,6.432748538011696
52,79,1999,11.0,235,4.680851063829787
52,79,2000,19.0,307,6.188925081433225
52,79,2001,10.0,247,4.048582995951417
52,79,2002,16.0,206,7.766990291262135
52,79,2003,11.0,274,4.014598540145985
52,79,2004,16.0,292,5.47945205479452
52,79,2005,19.0,326,5.828220858895705
52,79,2006,18.0,308,5.844155844155844
52,79,2007,25.0,359,6.963788300835655
52,79,2012,5.0,141,3.546099290780142
52,79,2013,10.0,168,5.952380952380952
52,83,1998,1.0,49,2.0408163265306123
52,83,1999,1.0,69,1.4492753623188406
52,83,2000,3.0,47,6.382978723404255
52,83,2001,6.0,46,13.043478260869565
52,83,2002,0.0,32,0.0
52,83,2004,3.0,26,11.538461538461538
52,83,2005,1.0,35,2.857142857142857
52,83,2006,1.0,26,3.8461538461538463
52,83,2007,2.0,18,11.11111111111111
52,83,2012,2.0,13,15.384615384615385
52,83,2013,0.0,22,0.0
52,835,1998,67.0,972,6.893004115226338
52,835,1999,148.0,1851,7.995678011885467
52,835,2000,103.0,1488,6.922043010752688
52,835,2001,58.0,843,6.880189798339265
52,835,2002,106.0,1538,6.8920676202860855
52,835,2003,167.0,2197,7.60127446517979
52,835,2004,201.0,2832,7.0974576271186445
52,835,2005,261.0,3436,7.596041909196741
52,835,2006,306.0,3725,8.21476510067114
52,835,2007,242.0,3499,6.916261789082595
52,835,2008,219.0,3329,6.5785521177530795
52,835,2009,262.0,3634,7.20968629609246
52,835,2010,221.0,3388,6.523022432113342
52,835,2011,194.0,3295,5.887708649468893
52,835,2012,176.0,3218,5.469235550031075
52,835,2013,129.0,3007,4.289990023279016
52,835,2014,169.0,3514,4.809334092202619
52,835,2015,189.0,3323,5.687631658140234
52,835,2016,188.0,3427,5.485847680186752
52,835,2017,178.0,3876,4.592363261093911
52,835,2018,202.0,3725,5.422818791946309
52,835,2019,185.0,3653,5.064330687106488
52,835,2020,200.0,3537,5.654509471303364
52,835,2021,234.0,4150,5.63855421686747
52,835,2022,232.0,3318,6.99216395418927
52,835,2023,218.0,3040,7.171052631578948
52,835,2024,174.0,2587,6.725937379203711
52,838,1998,81.0,1029,7.871720116618077
52,838,1999,73.0,1125,6.488888888888889
52,838,2000,52.0,898,5.79064587973274
52,838,2001,57.0,824,6.917475728155339
52,838,2002,62.0,931,6.659505907626208
52,838,2003,45.0,860,5.232558139534884
52,838,2004,55.0,790,6.962025316455696
52,838,2005,26.0,741,3.508771929824561
52,838,2006,38.0,760,5.0
52,838,2007,67.0,808,8.292079207920793
52,838,2008,43.0,671,6.4083457526080485
52,838,2009,26.0,600,4.333333333333334
52,838,2010,37.0,538,6.877323420074349
52,838,2011,24.0,531,4.519774011299435
52,838,2012,37.0,515,7.184466019417475
52,838,2013,52.0,631,8.240887480190175
52,838,2014,38.0,678,5.604719764011799
52,838,2015,35.0,677,5.1698670605613
52,838,2016,23.0,644,3.571428571428571
52,838,2017,22.0,274,8.02919708029197
52,838,2018,2.0,79,2.5316455696202533
52,838,2019,25.0,571,4.378283712784588
52,838,2020,27.0,626,4.313099041533546
52,838,2021,26.0,512,5.078125
52,838,2022,27.0,456,5.921052631578947
52,838,2023,26.0,372,6.989247311827956
52,838,2024,25.0,332,7.530120481927711
52,885,1998,3.0,45,6.666666666666667
52,885,1999,6.0,49,12.244897959183673
52,885,2000,4.0,83,4.819277108433735
52,885,2001,3.0,85,3.5294117647058822
52,885,2002,4.0,64,6.25
52,885,2003,3.0,68,4.411764705882353
52,885,2004,5.0,57,8.771929824561402
52,885,2005,5.0,49,10.204081632653061
52,885,2006,3.0,42,7.142857142857142
52,885,2007,4.0,29,13.793103448275861
52,885,2008,0.0,19,0.0
52,885,2009,3.0,29,10.344827586206897
52,885,2010,0.0,22,0.0
52,885,2011,0.0,14,0.0
52,885,2012,0.0,12,0.0
52,885,2013,0.0,17,0.0
52,885,2014,0.0,10,0.0
52,885,2015,1.0,4,25.0
52,885,2016,1.0,13,7.6923076923076925
52,885,2017,0.0,6,0.0
52,885,2018,0.0,5,0.0
52,885,2019,1.0,4,25.0
52,885,2020,0.0,2,0.0
52,885,2021,0.0,2,0.0
52,885,2023,0.0,3,0.0
52,885,2024,0.0,1,0.0
52,427,2001,0.0,6,0.0
52,427,2002,0.0,6,0.0
52,427,2003,2.0,35,5.714285714285714
52,427,2004,4.0,47,8.51063829787234
52,427,2005,1.0,47,2.127659574468085
52,427,2006,6.0,99,6.0606060606060606
52,427,2007,0.0,4,0.0
52,427,2008,3.0,52,5.769230769230769
52,427,2009,1.0,39,2.564102564102564
52,427,2010,1.0,67,1.4925373134328357
52,427,2011,0.0,13,0.0
52,427,2012,0.0,25,0.0
52,427,2013,0.0,37,0.0
52,427,2014,3.0,27,11.11111111111111
52,427,2016,0.0,5,0.0
52,427,2017,1.0,40,2.5
52,427,2018,7.0,33,21.21212121212121
52,427,2019,1.0,44,2.272727272727273
52,427,2020,0.0,62,0.0
52,427,2021,5.0,46,10.869565217391305
52,427,2022,2.0,31,6.451612903225806
52,427,2023,2.0,25,8.0
52,427,2024,1.0,22,4.545454545454546
52,254,2000,0.0,29,0.0
52,254,2001,1.0,45,2.2222222222222223
52,254,2002,2.0,21,9.523809523809524
52,254,2003,2.0,20,10.0
52,254,2004,0.0,11,0.0
52,254,2005,0.0,9,0.0
52,254,2006,1.0,9,11.11111111111111
52,254,2007,0.0,4,0.0
52,254,2008,0.0,8,0.0
52,254,2009,0.0,14,0.0
52,254,2010,0.0,8,0.0
52,254,2011,2.0,7,28.57142857142857
52,254,2012,0.0,10,0.0
52,254,2013,0.0,4,0.0
52,254,2014,1.0,12,8.333333333333332
52,254,2015,0.0,9,0.0
52,254,2016,0.0,5,0.0
52,254,2017,0.0,8,0.0
52,254,2018,0.0,5,0.0
52,254,2019,0.0,7,0.0
52,254,2020,0.0,5,0.0
52,254,2022,0.0,1,0.0
52,254,2023,0.0,1,0.0
52,254,2024,0.0,3,0.0
52,001,2008,1180.0,8479,13.916735464087745
52,001,2009,1110.0,8387,13.234768093478003
52,001,2010,1049.0,8088,12.969831849653806
52,001,2011,1025.0,8226,12.460491125699003
52,001,2014,1097.0,8361,13.120440138739387
52,001,2015,1120.0,8587,13.04297193431932
52,001,2016,1146.0,8550,13.403508771929825
52,001,2017,1146.0,8700,13.172413793103448
52,001,2018,1204.0,8616,13.974001857010213
52,001,2019,1158.0,7774,14.89580653460252
52,001,2020,969.0,6792,14.266784452296818
52,001,2021,953.0,6183,15.413229823710173
52,001,2022,996.0,6106,16.311824434981986
52,001,2023,1008.0,5845,17.24550898203593
52,001,2024,933.0,5384,17.329123328380387
52,019,2008,2.0,29,6.896551724137931
52,019,2009,1.0,31,3.225806451612903
52,019,2010,0.0,32,0.0
52,019,2011,0.0,34,0.0
52,019,2014,0.0,16,0.0
52,019,2015,1.0,12,8.333333333333332
52,019,2016,0.0,4,0.0
52,019,2017,1.0,2,50.0
52,019,2018,0.0,4,0.0
52,019,2019,0.0,3,0.0
52,019,2020,1.0,13,7.6923076923076925
52,019,2021,0.0,6,0.0
52,019,2022,1.0,4,25.0
52,019,2023,0.0,1,0.0
52,022,2008,0.0,11,0.0
52,022,2009,0.0,17,0.0
52,022,2010,0.0,16,0.0
52,022,2011,1.0,13,7.6923076923076925
52,022,2014,0.0,3,0.0
52,022,2015,0.0,2,0.0
52,022,2016,0.0,2,0.0
52,022,2017,1.0,4,25.0
52,022,2018,0.0,1,0.0
52,022,2019,0.0,2,0.0
52,022,2021,0.0,1,0.0
52,022,2024,0.0,1,0.0
52,036,2008,1.0,28,3.571428571428571
52,036,2009,1.0,9,11.11111111111111
52,036,2010,0.0,14,0.0
52,036,2011,0.0,9,0.0
52,036,2014,0.0,10,0.0
52,036,2015,0.0,5,0.0
52,036,2016,0.0,12,0.0
52,036,2017,0.0,5,0.0
52,036,2018,0.0,2,0.0
52,036,2019,0.0,5,0.0
52,036,2020,0.0,8,0.0
52,036,2021,0.0,1,0.0
52,051,2008,3.0,32,9.375
52,051,2009,1.0,32,3.125
52,051,2010,0.0,27,0.0
52,051,2011,2.0,20,10.0
52,051,2014,0.0,16,0.0
52,051,2015,0.0,6,0.0
52,051,2016,1.0,17,5.88235294117647
52,051,2017,0.0,7,0.0
52,051,2018,0.0,6,0.0
52,051,2019,1.0,1,100.0
52,051,2020,0.0,4,0.0
52,051,2021,0.0,3,0.0
52,051,2022,1.0,3,33.33333333333333
52,051,2024,1.0,3,33.33333333333333
52,079,2008,19.0,288,6.597222222222222
52,079,2009,18.0,312,5.769230769230769
52,079,2010,13.0,197,6.598984771573605
52,079,2011,11.0,184,5.978260869565218
52,079,2014,5.0,131,3.816793893129771
52,079,2015,7.0,99,7.07070707070707
52,079,2016,1.0,59,1.694915254237288
52,079,2017,8.0,117,6.837606837606838
52,079,2018,4.0,73,5.47945205479452
52,079,2019,9.0,90,10.0
52,079,2020,10.0,207,4.830917874396135
52,079,2021,12.0,174,6.896551724137931
52,079,2022,7.0,115,6.086956521739131
52,079,2023,3.0,65,4.615384615384616
52,079,2024,9.0,84,10.714285714285714
52,083,2008,0.0,24,0.0
52,083,2009,0.0,16,0.0
52,083,2010,2.0,26,7.6923076923076925
52,083,2011,4.0,19,21.052631578947366
52,083,2014,0.0,9,0.0
52,083,2015,0.0,4,0.0
52,083,2016,1.0,11,9.090909090909092
52,083,2017,0.0,9,0.0
52,083,2018,0.0,11,0.0
52,083,2019,0.0,4,0.0
52,083,2020,0.0,1,0.0
52,083,2022,0.0,1,0.0
52,083,2023,0.0,2,0.0
52,083,2024,0.0,1,0.0
54,1,1998,899.0,14009,6.417303162252838
54,1,1999,814.0,14455,5.631269456935317
54,1,2000,856.0,14287,5.991460768530833
54,1,2001,853.0,13899,6.137132167781855
54,1,2002,848.0,13901,6.10028055535573
54,1,2003,896.0,14266,6.280667320902846
54,1,2004,879.0,13716,6.408573928258968
54,1,2005,816.0,13968,5.841924398625429
54,1,2006,920.0,14641,6.28372378935865
54,1,2007,987.0,14989,6.584828874507973
54,1,2012,1009.0,13392,7.534348864994027
54,1,2013,921.0,12392,7.432214331826985
54,109,1998,4.0,56,7.142857142857142
54,109,1999,10.0,62,16.129032258064516
54,109,2000,6.0,85,7.0588235294117645
54,109,2001,3.0,70,4.285714285714286
54,109,2002,2.0,20,10.0
54,109,2003,4.0,12,33.33333333333333
54,109,2004,3.0,22,13.636363636363635
54,109,2005,0.0,12,0.0
54,109,2006,3.0,22,13.636363636363635
54,109,2007,3.0,12,25.0
54,109,2008,1.0,12,8.333333333333332
54,109,2009,0.0,10,0.0
54,109,2010,0.0,4,0.0
54,109,2011,0.0,5,0.0
54,109,2012,1.0,4,25.0
54,109,2013,0.0,1,0.0
54,109,2014,1.0,4,25.0
54,109,2015,2.0,5,40.0
54,109,2016,0.0,4,0.0
54,109,2017,0.0,1,0.0
54,109,2018,0.0,2,0.0
54,109,2019,0.0,3,0.0
54,109,2020,1.0,13,7.6923076923076925
54,109,2021,0.0,7,0.0
54,109,2022,0.0,5,0.0
54,109,2023,0.0,4,0.0
54,125,1998,0.0,13,0.0
54,125,1999,0.0,10,0.0
54,125,2000,0.0,5,0.0
54,125,2001,1.0,18,5.555555555555555
54,125,2002,1.0,10,10.0
54,125,2003,1.0,17,5.88235294117647
54,125,2004,0.0,9,0.0
54,125,2005,1.0,4,25.0
54,125,2006,0.0,8,0.0
54,125,2007,0.0,5,0.0
54,125,2008,0.0,5,0.0
54,125,2009,0.0,5,0.0
54,125,2010,0.0,2,0.0
54,125,2011,0.0,3,0.0
54,125,2012,0.0,1,0.0
54,125,2013,0.0,2,0.0
54,125,2015,0.0,2,0.0
54,125,2018,0.0,2,0.0
54,125,2019,0.0,1,0.0
54,125,2020,0.0,2,0.0
54,125,2021,0.0,1,0.0
54,128,1998,1.0,102,0.9803921568627451
54,128,1999,0.0,89,0.0
54,128,2000,4.0,123,3.2520325203252036
54,128,2001,2.0,109,1.834862385321101
54,128,2002,5.0,108,4.62962962962963
54,128,2003,12.0,108,11.11111111111111
54,128,2004,1.0,116,0.8620689655172413
54,128,2005,1.0,97,1.0309278350515463
54,128,2006,4.0,84,4.761904761904762
54,128,2007,1.0,69,1.4492753623188406
54,128,2008,0.0,67,0.0
54,128,2009,3.0,63,4.761904761904762
54,128,2010,1.0,57,1.7543859649122806
54,128,2011,0.0,51,0.0
54,128,2012,2.0,37,5.405405405405405
54,128,2013,0.0,35,0.0
54,128,2014,1.0,28,3.571428571428571
54,128,2015,2.0,34,5.88235294117647
54,128,2016,0.0,24,0.0
54,128,2017,2.0,30,6.666666666666667
54,128,2018,0.0,19,0.0
54,128,2019,2.0,14,14.285714285714285
54,128,2020,0.0,18,0.0
54,128,2021,1.0,23,4.3478260869565215
54,128,2022,0.0,22,0.0
54,128,2023,1.0,17,5.88235294117647
54,128,2024,0.0,7,0.0
54,172,1998,7.0,162,4.320987654320987
54,172,1999,6.0,139,4.316546762589928
54,172,2000,8.0,120,6.666666666666667
54,172,2001,4.0,110,3.6363636363636362
54,172,2002,3.0,83,3.614457831325301
54,172,2003,2.0,121,1.6528925619834711
54,172,2004,2.0,76,2.631578947368421
54,172,2005,2.0,74,2.7027027027027026
54,172,2006,2.0,23,8.695652173913043
54,172,2007,1.0,48,2.083333333333333
54,172,2008,1.0,27,3.7037037037037033
54,172,2009,0.0,24,0.0
54,172,2010,1.0,23,4.3478260869565215
54,172,2011,2.0,27,7.4074074074074066
54,172,2012,1.0,17,5.88235294117647
54,172,2013,1.0,29,3.4482758620689653
54,172,2014,1.0,16,6.25
54,172,2015,1.0,25,4.0
54,172,2016,0.0,11,0.0
54,172,2017,0.0,11,0.0
54,172,2018,0.0,23,0.0
54,172,2019,1.0,21,4.761904761904762
54,172,2020,1.0,19,5.263157894736842
54,172,2021,2.0,28,7.142857142857142
54,172,2022,1.0,31,3.225806451612903
54,172,2023,0.0,13,0.0
54,172,2024,1.0,10,10.0
54,174,1998,5.0,67,7.462686567164178
54,174,1999,0.0,31,0.0
54,174,2000,1.0,58,1.7241379310344827
54,174,2001,6.0,51,11.76470588235294
54,174,2002,0.0,12,0.0
54,174,2003,0.0,30,0.0
54,174,2004,1.0,30,3.3333333333333335
54,174,2005,9.0,57,15.789473684210526
54,174,2006,5.0,51,9.803921568627452
54,174,2007,0.0,23,0.0
54,174,2008,1.0,15,6.666666666666667
54,174,2009,1.0,30,3.3333333333333335
54,174,2010,0.0,26,0.0
54,174,2011,0.0,16,0.0
54,174,2012,0.0,4,0.0
54,174,2013,2.0,22,9.090909090909092
54,174,2014,2.0,32,6.25
54,174,2015,0.0,4,0.0
54,174,2016,4.0,21,19.047619047619047
54,174,2017,4.0,17,23.52941176470588
54,174,2018,1.0,14,7.142857142857142
54,174,2019,2.0,9,22.22222222222222
54,174,2020,0.0,10,0.0
54,174,2021,1.0,6,16.666666666666664
54,174,2022,3.0,12,25.0
54,174,2023,1.0,6,16.666666666666664
54,174,2024,1.0,6,16.666666666666664
54,206,1998,4.0,163,2.4539877300613497
54,206,1999,14.0,249,5.622489959839357
54,206,2000,14.0,214,6.5420560747663545
54,206,2001,2.0,203,0.9852216748768473
54,206,2002,4.0,122,3.278688524590164
54,206,2003,5.0,140,3.571428571428571
54,206,2004,1.0,125,0.8
54,206,2005,7.0,110,6.363636363636363
54,206,2006,4.0,69,5.797101449275362
54,206,2007,1.0,103,0.9708737864077669
54,206,2008,0.0,80,0.0
54,206,2009,3.0,72,4.166666666666666
54,206,2010,2.0,85,2.3529411764705883
54,206,2011,2.0,56,3.571428571428571
54,206,2012,4.0,66,6.0606060606060606
54,206,2013,1.0,68,1.4705882352941175
54,206,2014,0.0,40,0.0
54,206,2015,0.0,63,0.0
54,206,2016,0.0,64,0.0
54,206,2017,3.0,56,5.357142857142857
54,206,2018,3.0,49,6.122448979591836
54,206,2019,6.0,57,10.526315789473683
54,206,2020,5.0,69,7.246376811594203
54,206,2021,5.0,70,7.142857142857142
54,206,2022,2.0,60,3.3333333333333335
54,206,2023,3.0,33,9.090909090909092
54,206,2024,3.0,24,12.5
54,223,1998,5.0,84,5.952380952380952
54,223,1999,6.0,122,4.918032786885246
54,223,2000,2.0,104,1.9230769230769231
54,223,2001,5.0,113,4.424778761061947
54,223,2002,3.0,96,3.125
54,223,2003,3.0,87,3.4482758620689653
54,223,2004,1.0,50,2.0
54,223,2005,1.0,52,1.9230769230769231
54,223,2006,3.0,77,3.896103896103896
54,223,2007,1.0,42,2.380952380952381
54,223,2008,0.0,33,0.0
54,223,2009,3.0,27,11.11111111111111
54,223,2010,0.0,25,0.0
54,223,2011,1.0,13,7.6923076923076925
54,223,2012,0.0,22,0.0
54,223,2013,1.0,18,5.555555555555555
54,223,2014,0.0,3,0.0
54,223,2015,0.0,11,0.0
54,223,2016,0.0,12,0.0
54,223,2017,0.0,10,0.0
54,223,2018,1.0,8,12.5
54,223,2019,1.0,3,33.33333333333333
54,223,2020,0.0,4,0.0
54,223,2021,2.0,27,7.4074074074074066
54,223,2022,0.0,13,0.0
54,223,2023,0.0,6,0.0
54,223,2024,1.0,5,20.0
54,239,1998,0.0,78,0.0
54,239,1999,0.0,45,0.0
54,239,2000,2.0,58,3.4482758620689653
54,239,2001,1.0,52,1.9230769230769231
54,239,2002,4.0,45,8.88888888888889
54,239,2003,8.0,62,12.903225806451612
54,239,2004,3.0,39,7.6923076923076925
54,239,2005,2.0,33,6.0606060606060606
54,239,2006,0.0,36,0.0
54,239,2007,0.0,22,0.0
54,239,2008,1.0,18,5.555555555555555
54,239,2009,1.0,12,8.333333333333332
54,239,2010,1.0,13,7.6923076923076925
54,239,2011,0.0,14,0.0
54,239,2012,0.0,12,0.0
54,239,2013,0.0,5,0.0
54,239,2014,0.0,9,0.0
54,239,2015,1.0,9,11.11111111111111
54,239,2016,0.0,4,0.0
54,239,2017,0.0,3,0.0
54,239,2018,0.0,5,0.0
54,239,2019,0.0,11,0.0
54,239,2020,1.0,9,11.11111111111111
54,239,2021,0.0,6,0.0
54,239,2022,1.0,10,10.0
54,239,2023,0.0,6,0.0
54,239,2024,0.0,3,0.0
54,245,1998,14.0,185,7.567567567567568
54,245,1999,8.0,203,3.9408866995073892
54,245,2000,8.0,189,4.232804232804233
54,245,2001,4.0,136,2.941176470588235
54,245,2002,6.0,118,5.084745762711865
54,245,2003,6.0,106,5.660377358490567
54,245,2004,3.0,104,2.8846153846153846
54,245,2005,3.0,87,3.4482758620689653
54,245,2006,5.0,88,5.681818181818182
54,245,2007,3.0,94,3.1914893617021276
54,245,2008,2.0,77,2.5974025974025974
54,245,2009,0.0,34,0.0
54,245,2010,0.0,7,0.0
54,245,2011,1.0,72,1.3888888888888888
54,245,2012,2.0,55,3.6363636363636362
54,245,2013,1.0,58,1.7241379310344827
54,245,2014,1.0,55,1.8181818181818181
54,245,2015,1.0,58,1.7241379310344827
54,245,2016,2.0,57,3.508771929824561
54,245,2017,0.0,59,0.0
54,245,2018,1.0,67,1.4925373134328357
54,245,2019,1.0,54,1.8518518518518516
54,245,2020,1.0,43,2.3255813953488373
54,245,2021,2.0,77,2.5974025974025974
54,245,2022,2.0,57,3.508771929824561
54,245,2023,2.0,38,5.263157894736842
54,245,2024,1.0,28,3.571428571428571
54,250,1998,2.0,33,6.0606060606060606
54,250,1999,0.0,20,0.0
54,250,2000,1.0,27,3.7037037037037033
54,250,2001,0.0,15,0.0
54,250,2002,1.0,33,3.0303030303030303
54,250,2003,1.0,44,2.272727272727273
54,250,2004,1.0,59,1.694915254237288
54,250,2005,3.0,75,4.0
54,250,2006,1.0,96,1.0416666666666665
54,250,2007,5.0,93,5.376344086021505
54,250,2008,3.0,89,3.3707865168539324
54,250,2009,4.0,70,5.714285714285714
54,250,2010,2.0,44,4.545454545454546
54,250,2011,1.0,75,1.3333333333333335
54,250,2012,4.0,93,4.301075268817205
54,250,2013,4.0,71,5.633802816901409
54,250,2014,3.0,81,3.7037037037037033
54,250,2015,4.0,87,4.597701149425287
54,250,2016,3.0,88,3.4090909090909087
54,250,2017,1.0,90,1.1111111111111112
54,250,2018,6.0,140,4.285714285714286
54,250,2019,14.0,167,8.383233532934131
54,250,2020,17.0,248,6.854838709677419
54,250,2021,10.0,203,4.926108374384237
54,250,2022,3.0,197,1.5228426395939088
54,250,2023,16.0,158,10.126582278481013
54,250,2024,5.0,93,5.376344086021505
54,261,1998,8.0,188,4.25531914893617
54,261,1999,1.0,134,0.7462686567164178
54,261,2000,3.0,168,1.7857142857142856
54,261,2001,5.0,149,3.3557046979865772
54,261,2002,7.0,176,3.977272727272727
54,261,2003,2.0,193,1.0362694300518136
54,261,2004,5.0,180,2.7777777777777777
54,261,2005,7.0,127,5.511811023622047
54,261,2006,4.0,122,3.278688524590164
54,261,2007,2.0,56,3.571428571428571
54,261,2008,5.0,82,6.097560975609756
54,261,2009,4.0,66,6.0606060606060606
54,261,2010,4.0,65,6.153846153846154
54,261,2011,2.0,75,2.666666666666667
54,261,2012,6.0,83,7.228915662650602
54,261,2013,1.0,61,1.639344262295082
54,261,2014,2.0,56,3.571428571428571
54,261,2015,1.0,42,2.380952380952381
54,261,2016,3.0,53,5.660377358490567
54,261,2017,2.0,32,6.25
54,261,2018,2.0,19,10.526315789473683
54,261,2019,0.0,25,0.0
54,261,2020,0.0,34,0.0
54,261,2021,0.0,35,0.0
54,261,2022,2.0,23,8.695652173913043
54,261,2023,2.0,24,8.333333333333332
54,261,2024,0.0,15,0.0
54,3,1998,5.0,172,2.9069767441860463
54,3,1999,3.0,209,1.4354066985645932
54,3,2000,20.0,246,8.130081300813007
54,3,2001,24.0,235,10.212765957446807
54,3,2002,17.0,254,6.692913385826772
54,3,2003,31.0,226,13.716814159292035
54,3,2004,25.0,210,11.904761904761903
54,3,2005,14.0,209,6.698564593301436
54,3,2006,4.0,182,2.197802197802198
54,3,2007,3.0,178,1.6853932584269662
54,3,2012,3.0,145,2.0689655172413794
54,3,2013,3.0,114,2.631578947368421
54,313,1998,8.0,170,4.705882352941177
54,313,1999,10.0,159,6.289308176100629
54,313,2000,5.0,126,3.968253968253968
54,313,2001,7.0,105,6.666666666666667
54,313,2002,6.0,102,5.88235294117647
54,313,2003,1.0,92,1.0869565217391304
54,313,2004,2.0,75,2.666666666666667
54,313,2005,3.0,76,3.9473684210526314
54,313,2006,1.0,67,1.4925373134328357
54,313,2007,3.0,49,6.122448979591836
54,313,2008,1.0,52,1.9230769230769231
54,313,2009,2.0,61,3.278688524590164
54,313,2010,4.0,54,7.4074074074074066
54,313,2011,0.0,2,0.0
54,313,2012,0.0,2,0.0
54,313,2013,0.0,3,0.0
54,313,2014,2.0,8,25.0
54,313,2015,0.0,13,0.0
54,313,2016,0.0,2,0.0
54,313,2017,0.0,1,0.0
54,313,2018,0.0,1,0.0
54,313,2019,0.0,5,0.0
54,313,2020,0.0,4,0.0
54,313,2021,0.0,10,0.0
54,313,2022,1.0,8,12.5
54,313,2023,1.0,5,20.0
54,313,2024,0.0,4,0.0
54,344,1998,2.0,51,3.9215686274509802
54,344,1999,0.0,3,0.0
54,344,2000,0.0,4,0.0
54,344,2001,0.0,48,0.0
54,344,2002,0.0,47,0.0
54,344,2003,1.0,47,2.127659574468085
54,344,2004,2.0,31,6.451612903225806
54,344,2005,1.0,37,2.7027027027027026
54,344,2006,0.0,46,0.0
54,344,2007,3.0,43,6.976744186046512
54,344,2008,1.0,34,2.941176470588235
54,344,2009,2.0,40,5.0
54,344,2010,1.0,43,2.3255813953488373
54,344,2011,0.0,45,0.0
54,344,2012,2.0,25,8.0
54,344,2013,1.0,29,3.4482758620689653
54,344,2014,0.0,14,0.0
54,344,2015,1.0,28,3.571428571428571
54,344,2016,0.0,17,0.0
54,344,2017,1.0,36,2.7777777777777777
54,344,2018,1.0,25,4.0
54,344,2019,0.0,24,0.0
54,344,2020,1.0,42,2.380952380952381
54,344,2021,1.0,37,2.7027027027027026
54,344,2022,6.0,33,18.181818181818183
54,344,2023,0.0,28,0.0
54,344,2024,0.0,13,0.0
54,347,1998,0.0,16,0.0
54,347,1999,0.0,6,0.0
54,347,2000,0.0,1,0.0
54,347,2001,0.0,1,0.0
54,347,2002,0.0,9,0.0
54,347,2003,0.0,15,0.0
54,347,2004,0.0,10,0.0
54,347,2005,0.0,6,0.0
54,347,2006,0.0,4,0.0
54,347,2007,0.0,6,0.0
54,347,2008,0.0,8,0.0
54,347,2009,0.0,5,0.0
54,347,2010,0.0,5,0.0
54,347,2012,1.0,4,25.0
54,347,2013,0.0,1,0.0
54,347,2014,0.0,1,0.0
54,347,2015,0.0,1,0.0
54,347,2016,0.0,6,0.0
54,347,2017,0.0,3,0.0
54,347,2018,0.0,5,0.0
54,347,2019,0.0,2,0.0
54,347,2020,0.0,3,0.0
54,347,2021,0.0,7,0.0
54,347,2022,0.0,3,0.0
54,347,2023,0.0,1,0.0
54,377,1998,0.0,46,0.0
54,377,1999,1.0,54,1.8518518518518516
54,377,2000,1.0,49,2.0408163265306123
54,377,2001,1.0,38,2.631578947368421
54,377,2002,2.0,33,6.0606060606060606
54,377,2003,0.0,31,0.0
54,377,2004,3.0,40,7.5
54,377,2005,1.0,29,3.4482758620689653
54,377,2006,0.0,21,0.0
54,377,2007,1.0,19,5.263157894736842
54,377,2008,0.0,19,0.0
54,377,2009,1.0,18,5.555555555555555
54,377,2010,1.0,17,5.88235294117647
54,377,2011,0.0,9,0.0
54,377,2012,0.0,11,0.0
54,377,2013,2.0,9,22.22222222222222
54,377,2014,0.0,7,0.0
54,377,2015,0.0,12,0.0
54,377,2016,0.0,6,0.0
54,377,2017,0.0,2,0.0
54,377,2018,0.0,1,0.0
54,377,2020,0.0,1,0.0
54,377,2021,0.0,4,0.0
54,377,2022,0.0,1,0.0
54,377,2023,0.0,4,0.0
54,377,2024,0.0,2,0.0
54,385,1998,0.0,1,0.0
54,385,2001,1.0,20,5.0
54,385,2002,1.0,25,4.0
54,385,2003,3.0,57,5.263157894736842
54,385,2004,1.0,84,1.1904761904761905
54,385,2005,1.0,72,1.3888888888888888
54,385,2006,1.0,87,1.1494252873563218
54,385,2007,2.0,73,2.73972602739726
54,385,2008,0.0,67,0.0
54,385,2009,2.0,56,3.571428571428571
54,385,2010,4.0,83,4.819277108433735
54,385,2011,0.0,40,0.0
54,385,2012,0.0,42,0.0
54,385,2013,4.0,31,12.903225806451612
54,385,2014,1.0,26,3.8461538461538463
54,385,2015,0.0,14,0.0
54,385,2016,0.0,15,0.0
54,385,2017,0.0,2,0.0
54,385,2018,0.0,12,0.0
54,385,2019,0.0,6,0.0
54,385,2020,0.0,4,0.0
54,385,2021,0.0,4,0.0
54,385,2023,2.0,3,66.66666666666666
54,398,1998,2.0,58,3.4482758620689653
54,398,1999,1.0,13,7.6923076923076925
54,398,2000,1.0,9,11.11111111111111
54,398,2001,0.0,11,0.0
54,398,2002,0.0,37,0.0
54,398,2003,2.0,27,7.4074074074074066
54,398,2004,2.0,52,3.8461538461538463
54,398,2005,1.0,23,4.3478260869565215
54,398,2006,1.0,33,3.0303030303030303
54,398,2007,2.0,33,6.0606060606060606
54,398,2008,0.0,21,0.0
54,398,2009,0.0,37,0.0
54,398,2010,0.0,28,0.0
54,398,2011,0.0,29,0.0
54,398,2012,2.0,33,6.0606060606060606
54,398,2013,0.0,15,0.0
54,398,2014,1.0,19,5.263157894736842
54,398,2015,0.0,13,0.0
54,398,2016,0.0,25,0.0
54,398,2017,0.0,12,0.0
54,398,2018,1.0,11,9.090909090909092
54,398,2019,0.0,13,0.0
54,398,2020,3.0,27,11.11111111111111
54,398,2021,1.0,16,6.25
54,398,2022,0.0,22,0.0
54,398,2023,1.0,10,10.0
54,398,2024,1.0,13,7.6923076923076925
54,405,1998,8.0,317,2.5236593059936907
54,405,1999,15.0,528,2.840909090909091
54,405,2000,3.0,514,0.5836575875486382
54,405,2001,3.0,613,0.48939641109298526
54,405,2002,9.0,626,1.4376996805111821
54,405,2003,9.0,411,2.18978102189781
54,405,2004,11.0,431,2.5522041763341066
54,405,2005,12.0,491,2.4439918533604885
54,405,2006,9.0,505,1.782178217821782
54,405,2007,12.0,528,2.272727272727273
54,405,2008,11.0,719,1.52990264255911
54,405,2009,9.0,805,1.1180124223602486
54,405,2010,3.0,863,0.34762456546929316
54,405,2011,33.0,1068,3.089887640449438
54,405,2012,26.0,1362,1.908957415565345
54,405,2013,41.0,1917,2.138758476786646
54,405,2014,31.0,1880,1.6489361702127658
54,405,2015,18.0,1286,1.3996889580093312
54,405,2016,24.0,999,2.4024024024024024
54,405,2017,26.0,1484,1.7520215633423182
54,405,2018,16.0,1568,1.0204081632653061
54,405,2019,29.0,1796,1.6146993318485525
54,405,2020,9.0,1041,0.8645533141210375
54,405,2021,5.0,711,0.7032348804500703
54,405,2022,8.0,370,2.1621621621621623
54,405,2023,5.0,121,4.132231404958678
54,405,2024,0.0,28,0.0
54,418,1998,3.0,29,10.344827586206897
54,418,1999,0.0,34,0.0
54,418,2000,1.0,33,3.0303030303030303
54,418,2001,2.0,16,12.5
54,418,2002,1.0,20,5.0
54,418,2003,2.0,38,5.263157894736842
54,418,2004,0.0,30,0.0
54,418,2005,0.0,21,0.0
54,418,2006,1.0,20,5.0
54,418,2007,5.0,21,23.809523809523807
54,418,2008,2.0,17,11.76470588235294
54,418,2009,1.0,25,4.0
54,418,2010,2.0,20,10.0
54,418,2011,0.0,27,0.0
54,418,2012,0.0,27,0.0
54,418,2013,2.0,18,11.11111111111111
54,418,2014,0.0,9,0.0
54,418,2015,0.0,11,0.0
54,418,2016,0.0,12,0.0
54,418,2017,1.0,19,5.263157894736842
54,418,2018,0.0,16,0.0
54,418,2019,1.0,15,6.666666666666667
54,418,2020,0.0,7,0.0
54,418,2021,0.0,18,0.0
54,418,2022,0.0,10,0.0
54,418,2023,1.0,5,20.0
54,418,2024,0.0,3,0.0
54,480,1998,2.0,9,22.22222222222222
54,480,1999,1.0,8,12.5
54,480,2000,1.0,9,11.11111111111111
54,480,2001,0.0,23,0.0
54,480,2002,0.0,3,0.0
54,480,2003,0.0,11,0.0
54,480,2004,0.0,8,0.0
54,480,2005,0.0,7,0.0
54,480,2006,1.0,19,5.263157894736842
54,480,2007,1.0,12,8.333333333333332
54,480,2008,0.0,11,0.0
54,480,2009,0.0,5,0.0
54,480,2010,0.0,6,0.0
54,480,2011,0.0,4,0.0
54,480,2012,0.0,8,0.0
54,480,2013,1.0,7,14.285714285714285
54,480,2014,0.0,2,0.0
54,480,2015,0.0,3,0.0
54,480,2016,0.0,2,0.0
54,480,2020,0.0,2,0.0
54,480,2021,0.0,1,0.0
54,480,2023,0.0,1,0.0
54,480,2024,0.0,1,0.0
54,498,1998,97.0,1739,5.57791834387579
54,498,1999,129.0,2172,5.939226519337017
54,498,2000,124.0,2260,5.486725663716814
54,498,2001,114.0,1965,5.801526717557252
54,498,2002,104.0,1915,5.430809399477806
54,498,2003,140.0,2341,5.98035027765912
54,498,2004,115.0,2276,5.052724077328647
54,498,2005,87.0,2349,3.7037037037037033
54,498,2006,105.0,2746,3.823743627093955
54,498,2007,118.0,2622,4.500381388253242
54,498,2008,104.0,2524,4.120443740095087
54,498,2009,119.0,2744,4.336734693877551
54,498,2010,101.0,2159,4.678091709124595
54,498,2011,171.0,2871,5.956112852664576
54,498,2012,179.0,3107,5.761184422272288
54,498,2013,174.0,3193,5.449420607579079
54,498,2014,177.0,3218,5.500310752019888
54,498,2015,164.0,3345,4.902840059790733
54,498,2016,147.0,3270,4.495412844036697
54,498,2017,167.0,3440,4.854651162790698
54,498,2018,229.0,3586,6.385945343000558
54,498,2019,252.0,3914,6.438426162493613
54,498,2020,176.0,3531,4.984423676012461
54,498,2021,233.0,3926,5.934793683138054
54,498,2022,234.0,3764,6.216790648246547
54,498,2023,218.0,3181,6.853190820496699
54,498,2024,173.0,2727,6.3439677301063435
54,51,1998,6.0,130,4.615384615384616
54,51,1999,6.0,142,4.225352112676056
54,51,2000,5.0,116,4.310344827586207
54,51,2001,6.0,144,4.166666666666666
54,51,2002,6.0,99,6.0606060606060606
54,51,2003,9.0,134,6.7164179104477615
54,51,2004,2.0,91,2.197802197802198
54,51,2005,2.0,70,2.857142857142857
54,51,2006,4.0,83,4.819277108433735
54,51,2007,2.0,57,3.508771929824561
54,51,2012,2.0,51,3.9215686274509802
54,51,2013,1.0,34,2.941176470588235
54,518,1998,71.0,1195,5.941422594142259
54,518,1999,65.0,1255,5.179282868525896
54,518,2000,64.0,1282,4.99219968798752
54,518,2001,89.0,1356,6.563421828908554
54,518,2002,63.0,1386,4.545454545454546
54,518,2003,66.0,1411,4.677533664068037
54,518,2004,88.0,1392,6.321839080459771
54,518,2005,68.0,1264,5.379746835443038
54,518,2006,58.0,1264,4.588607594936709
54,518,2007,43.0,1222,3.518821603927987
54,518,2008,41.0,1154,3.552859618717504
54,518,2009,52.0,1138,4.569420035149385
54,518,2010,49.0,1178,4.159592529711375
54,518,2011,66.0,1112,5.935251798561151
54,518,2012,42.0,1100,3.8181818181818183
54,518,2013,45.0,1016,4.429133858267717
54,518,2014,30.0,990,3.0303030303030303
54,518,2015,42.0,869,4.833141542002301
54,518,2016,36.0,888,4.054054054054054
54,518,2017,36.0,816,4.411764705882353
54,518,2018,55.0,957,5.747126436781609
54,518,2019,53.0,979,5.413687436159346
54,518,2020,31.0,972,3.189300411522634
54,518,2021,31.0,771,4.020752269779507
54,518,2022,23.0,696,3.3045977011494254
54,518,2023,27.0,631,4.27892234548336
54,518,2024,20.0,550,3.6363636363636362
54,520,1998,0.0,5,0.0
54,520,1999,0.0,6,0.0
54,520,2000,0.0,11,0.0
54,520,2001,2.0,20,10.0
54,520,2002,1.0,15,6.666666666666667
54,520,2003,0.0,21,0.0
54,520,2004,1.0,20,5.0
54,520,2005,1.0,20,5.0
54,520,2006,0.0,14,0.0
54,520,2007,2.0,16,12.5
54,520,2008,0.0,8,0.0
54,520,2009,0.0,7,0.0
54,520,2010,1.0,4,25.0
54,520,2011,0.0,6,0.0
54,520,2012,0.0,1,0.0
54,520,2013,0.0,8,0.0
54,520,2014,0.0,1,0.0
54,553,1998,1.0,5,20.0
54,553,1999,0.0,9,0.0
54,553,2000,0.0,28,0.0
54,553,2001,1.0,36,2.7777777777777777
54,553,2002,1.0,35,2.857142857142857
54,553,2003,0.0,55,0.0
54,553,2004,0.0,27,0.0
54,553,2005,0.0,31,0.0
54,553,2006,3.0,43,6.976744186046512
54,553,2007,1.0,26,3.8461538461538463
54,553,2008,0.0,37,0.0
54,553,2009,2.0,33,6.0606060606060606
54,553,2010,0.0,37,0.0
54,553,2011,0.0,17,0.0
54,553,2012,1.0,21,4.761904761904762
54,553,2013,0.0,18,0.0
54,553,2014,1.0,19,5.263157894736842
54,553,2015,1.0,10,10.0
54,553,2016,0.0,7,0.0
54,553,2017,1.0,8,12.5
54,553,2018,5.0,17,29.411764705882355
54,553,2019,3.0,59,5.084745762711865
54,553,2020,6.0,44,13.636363636363635
54,553,2021,0.0,29,0.0
54,553,2022,1.0,35,2.857142857142857
54,553,2023,5.0,21,23.809523809523807
54,553,2024,1.0,10,10.0
54,599,1998,0.0,47,0.0
54,599,1999,0.0,69,0.0
54,599,2000,2.0,50,4.0
54,599,2001,2.0,40,5.0
54,599,2002,1.0,45,2.2222222222222223
54,599,2003,0.0,33,0.0
54,599,2004,1.0,37,2.7027027027027026
54,599,2005,0.0,11,0.0
54,599,2006,1.0,21,4.761904761904762
54,599,2007,0.0,13,0.0
54,599,2008,1.0,8,12.5
54,599,2009,1.0,10,10.0
54,599,2010,0.0,10,0.0
54,599,2011,0.0,6,0.0
54,599,2012,0.0,3,0.0
54,599,2013,0.0,1,0.0
54,599,2014,0.0,5,0.0
54,599,2015,0.0,6,0.0
54,599,2016,1.0,6,16.666666666666664
54,599,2017,0.0,16,0.0
54,599,2018,1.0,7,14.285714285714285
54,599,2019,0.0,9,0.0
54,599,2020,0.0,5,0.0
54,599,2021,0.0,4,0.0
54,599,2022,0.0,5,0.0
54,599,2023,0.0,2,0.0
54,599,2024,1.0,4,25.0
54,660,1998,3.0,109,2.7522935779816518
54,660,1999,0.0,106,0.0
54,660,2000,6.0,97,6.185567010309279
54,660,2001,2.0,100,2.0
54,660,2002,2.0,77,2.5974025974025974
54,660,2003,4.0,66,6.0606060606060606
54,660,2004,2.0,89,2.247191011235955
54,660,2005,2.0,53,3.7735849056603774
54,660,2006,4.0,56,7.142857142857142
54,660,2007,0.0,40,0.0
54,660,2008,0.0,35,0.0
54,660,2009,2.0,41,4.878048780487805
54,660,2010,5.0,41,12.195121951219512
54,660,2011,0.0,30,0.0
54,660,2012,2.0,31,6.451612903225806
54,660,2013,1.0,25,4.0
54,660,2014,1.0,22,4.545454545454546
54,660,2015,0.0,17,0.0
54,660,2016,1.0,21,4.761904761904762
54,660,2017,0.0,14,0.0
54,660,2018,0.0,22,0.0
54,660,2019,0.0,20,0.0
54,660,2020,0.0,14,0.0
54,660,2021,0.0,11,0.0
54,660,2022,0.0,8,0.0
54,660,2023,0.0,2,0.0
54,660,2024,0.0,8,0.0
54,670,1998,3.0,63,4.761904761904762
54,670,1999,3.0,28,10.714285714285714
54,670,2000,0.0,3,0.0
54,670,2001,0.0,5,0.0
54,670,2002,2.0,24,8.333333333333332
54,670,2003,10.0,32,31.25
54,670,2004,1.0,20,5.0
54,670,2005,2.0,22,9.090909090909092
54,670,2006,1.0,18,5.555555555555555
54,670,2007,1.0,20,5.0
54,670,2008,3.0,27,11.11111111111111
54,670,2009,0.0,19,0.0
54,670,2010,2.0,35,5.714285714285714
54,670,2011,0.0,15,0.0
54,670,2012,2.0,26,7.6923076923076925
54,670,2013,1.0,38,2.631578947368421
54,670,2014,0.0,23,0.0
54,670,2015,0.0,35,0.0
54,670,2016,0.0,32,0.0
54,670,2017,1.0,14,7.142857142857142
54,670,2018,1.0,16,6.25
54,670,2019,0.0,33,0.0
54,670,2020,1.0,27,3.7037037037037033
54,670,2021,0.0,29,0.0
54,670,2022,1.0,37,2.7027027027027026
54,670,2023,2.0,29,6.896551724137931
54,670,2024,0.0,18,0.0
54,673,1999,0.0,1,0.0
54,673,2000,0.0,3,0.0
54,673,2001,0.0,1,0.0
54,673,2002,0.0,19,0.0
54,673,2003,0.0,26,0.0
54,673,2004,0.0,17,0.0
54,673,2005,0.0,14,0.0
54,673,2006,0.0,14,0.0
54,673,2007,0.0,17,0.0
54,673,2008,1.0,10,10.0
54,673,2009,0.0,4,0.0
54,673,2010,0.0,4,0.0
54,673,2011,0.0,1,0.0
54,673,2012,0.0,7,0.0
54,673,2013,0.0,1,0.0
54,673,2014,0.0,4,0.0
54,673,2015,0.0,9,0.0
54,673,2016,0.0,4,0.0
54,673,2017,0.0,2,0.0
54,673,2018,0.0,1,0.0
54,673,2019,0.0,1,0.0
54,673,2020,0.0,5,0.0
54,673,2021,0.0,4,0.0
54,673,2023,0.0,1,0.0
54,673,2024,0.0,2,0.0
54,680,1998,0.0,7,0.0
54,680,1999,1.0,11,9.090909090909092
54,680,2000,1.0,24,4.166666666666666
54,680,2001,3.0,36,8.333333333333332
54,680,2002,0.0,34,0.0
54,680,2003,1.0,24,4.166666666666666
54,680,2004,0.0,12,0.0
54,680,2005,1.0,25,4.0
54,680,2006,0.0,18,0.0
54,680,2007,1.0,14,7.142857142857142
54,680,2008,0.0,11,0.0
54,680,2009,0.0,7,0.0
54,680,2010,0.0,4,0.0
54,680,2011,0.0,20,0.0
54,680,2012,1.0,17,5.88235294117647
54,680,2013,1.0,13,7.6923076923076925
54,680,2014,0.0,7,0.0
54,680,2015,0.0,9,0.0
54,680,2016,0.0,5,0.0
54,680,2017,0.0,6,0.0
54,680,2018,1.0,11,9.090909090909092
54,680,2019,0.0,6,0.0
54,680,2020,0.0,7,0.0
54,680,2021,0.0,9,0.0
54,680,2023,0.0,3,0.0
54,680,2024,0.0,2,0.0
54,720,1998,11.0,492,2.2357723577235773
54,720,1999,19.0,543,3.4990791896869244
54,720,2000,12.0,529,2.2684310018903595
54,720,2001,15.0,376,3.9893617021276597
54,720,2002,5.0,240,2.083333333333333
54,720,2003,7.0,235,2.9787234042553195
54,720,2004,7.0,264,2.6515151515151514
54,720,2005,9.0,209,4.30622009569378
54,720,2006,5.0,207,2.4154589371980677
54,720,2007,12.0,195,6.153846153846154
54,720,2008,4.0,165,2.4242424242424243
54,720,2009,7.0,176,3.977272727272727
54,720,2010,5.0,146,3.4246575342465753
54,720,2011,4.0,117,3.418803418803419
54,720,2012,6.0,127,4.724409448818897
54,720,2013,3.0,88,3.4090909090909087
54,720,2014,2.0,85,2.3529411764705883
54,720,2015,0.0,111,0.0
54,720,2016,2.0,62,3.225806451612903
54,720,2017,2.0,66,3.0303030303030303
54,720,2018,10.0,105,9.523809523809524
54,720,2019,4.0,134,2.9850746268656714
54,720,2020,2.0,145,1.3793103448275863
54,720,2021,6.0,116,5.172413793103448
54,720,2022,3.0,81,3.7037037037037033
54,720,2023,3.0,66,4.545454545454546
54,720,2024,1.0,32,3.125
54,743,1998,1.0,40,2.5
54,743,1999,1.0,37,2.7027027027027026
54,743,2000,4.0,30,13.333333333333334
54,743,2001,2.0,28,7.142857142857142
54,743,2002,0.0,28,0.0
54,743,2003,5.0,39,12.82051282051282
54,743,2004,1.0,43,2.3255813953488373
54,743,2005,1.0,37,2.7027027027027026
54,743,2006,1.0,31,3.225806451612903
54,743,2007,1.0,22,4.545454545454546
54,743,2008,3.0,21,14.285714285714285
54,743,2009,1.0,14,7.142857142857142
54,743,2010,1.0,14,7.142857142857142
54,743,2011,1.0,11,9.090909090909092
54,743,2012,0.0,7,0.0
54,743,2013,0.0,8,0.0
54,743,2015,0.0,8,0.0
54,743,2016,1.0,8,12.5
54,743,2017,1.0,6,16.666666666666664
54,743,2018,1.0,16,6.25
54,743,2019,0.0,10,0.0
54,743,2020,0.0,10,0.0
54,743,2021,0.0,4,0.0
54,743,2022,0.0,2,0.0
54,743,2023,1.0,7,14.285714285714285
54,743,2024,0.0,3,0.0
54,800,1998,1.0,51,1.9607843137254901
54,800,1999,1.0,85,1.1764705882352942
54,800,2000,3.0,64,4.6875
54,800,2001,0.0,37,0.0
54,800,2002,0.0,9,0.0
54,800,2003,0.0,22,0.0
54,800,2004,3.0,63,4.761904761904762
54,800,2005,0.0,57,0.0
54,800,2006,0.0,10,0.0
54,800,2007,0.0,12,0.0
54,800,2008,0.0,11,0.0
54,800,2009,3.0,35,8.571428571428571
54,800,2010,0.0,6,0.0
54,800,2011,0.0,21,0.0
54,800,2012,2.0,25,8.0
54,800,2013,1.0,26,3.8461538461538463
54,800,2014,0.0,22,0.0
54,800,2015,1.0,28,3.571428571428571
54,800,2016,1.0,15,6.666666666666667
54,800,2017,0.0,23,0.0
54,800,2018,1.0,40,2.5
54,800,2019,2.0,64,3.125
54,800,2020,7.0,87,8.045977011494253
54,800,2021,2.0,91,2.197802197802198
54,800,2022,5.0,59,8.47457627118644
54,800,2023,3.0,32,9.375
54,800,2024,3.0,27,11.11111111111111
54,810,1998,19.0,495,3.8383838383838382
54,810,1999,24.0,516,4.651162790697675
54,810,2000,13.0,390,3.3333333333333335
54,810,2001,14.0,381,3.674540682414698
54,810,2002,7.0,330,2.1212121212121215
54,810,2003,3.0,272,1.1029411764705883
54,810,2004,15.0,340,4.411764705882353
54,810,2005,9.0,290,3.103448275862069
54,810,2006,10.0,284,3.5211267605633805
54,810,2007,15.0,278,5.39568345323741
54,810,2008,13.0,261,4.980842911877394
54,810,2009,8.0,222,3.6036036036036037
54,810,2010,7.0,211,3.3175355450236967
54,810,2011,16.0,266,6.015037593984962
54,810,2012,16.0,248,6.451612903225806
54,810,2013,12.0,229,5.240174672489083
54,810,2014,15.0,208,7.211538461538461
54,810,2015,13.0,245,5.3061224489795915
54,810,2016,14.0,244,5.737704918032787
54,810,2017,8.0,314,2.547770700636943
54,810,2018,21.0,511,4.10958904109589
54,810,2019,39.0,751,5.193075898801598
54,810,2020,50.0,858,5.827505827505827
54,810,2021,36.0,740,4.864864864864865
54,810,2022,38.0,588,6.462585034013606
54,810,2023,39.0,464,8.405172413793103
54,810,2024,15.0,306,4.901960784313726
54,820,1998,10.0,166,6.024096385542169
54,820,1999,6.0,137,4.37956204379562
54,820,2000,5.0,142,3.5211267605633805
54,820,2001,7.0,155,4.516129032258064
54,820,2002,7.0,143,4.895104895104895
54,820,2003,7.0,137,5.109489051094891
54,820,2004,11.0,154,7.142857142857142
54,820,2005,3.0,129,2.3255813953488373
54,820,2006,12.0,136,8.823529411764707
54,820,2007,2.0,130,1.5384615384615385
54,820,2008,8.0,133,6.015037593984962
54,820,2009,2.0,64,3.125
54,820,2010,4.0,83,4.819277108433735
54,820,2011,2.0,64,3.125
54,820,2012,0.0,78,0.0
54,820,2013,3.0,60,5.0
54,820,2014,4.0,72,5.555555555555555
54,820,2015,2.0,53,3.7735849056603774
54,820,2016,0.0,40,0.0
54,820,2017,0.0,37,0.0
54,820,2018,2.0,32,6.25
54,820,2019,2.0,26,7.6923076923076925
54,820,2020,6.0,51,11.76470588235294
54,820,2021,6.0,69,8.695652173913043
54,820,2022,7.0,40,17.5
54,820,2023,1.0,36,2.7777777777777777
54,820,2024,1.0,32,3.125
54,871,1998,3.0,47,6.382978723404255
54,871,1999,0.0,27,0.0
54,871,2000,2.0,46,4.3478260869565215
54,871,2001,1.0,40,2.5
54,871,2002,1.0,47,2.127659574468085
54,871,2003,2.0,67,2.9850746268656714
54,871,2004,1.0,48,2.083333333333333
54,871,2005,1.0,28,3.571428571428571
54,871,2006,3.0,43,6.976744186046512
54,871,2007,2.0,38,5.263157894736842
54,871,2008,1.0,35,2.857142857142857
54,871,2009,1.0,36,2.7777777777777777
54,871,2010,2.0,26,7.6923076923076925
54,871,2011,0.0,36,0.0
54,871,2012,1.0,24,4.166666666666666
54,871,2013,0.0,25,0.0
54,871,2014,0.0,17,0.0
54,871,2015,3.0,29,10.344827586206897
54,871,2016,1.0,22,4.545454545454546
54,871,2017,0.0,7,0.0
54,871,2018,0.0,13,0.0
54,871,2019,0.0,12,0.0
54,871,2020,2.0,21,9.523809523809524
54,871,2021,3.0,16,18.75
54,871,2022,4.0,13,30.76923076923077
54,871,2023,0.0,19,0.0
54,871,2024,2.0,13,15.384615384615385
54,874,1998,8.0,205,3.902439024390244
54,874,1999,12.0,287,4.181184668989547
54,874,2000,9.0,226,3.982300884955752
54,874,2001,4.0,225,1.7777777777777777
54,874,2002,12.0,240,5.0
54,874,2003,21.0,267,7.865168539325842
54,874,2004,9.0,247,3.643724696356275
54,874,2005,1.0,173,0.5780346820809248
54,874,2006,2.0,141,1.4184397163120568
54,874,2007,2.0,129,1.550387596899225
54,874,2008,1.0,108,0.9259259259259258
54,874,2009,1.0,115,0.8695652173913043
54,874,2010,2.0,79,2.5316455696202533
54,874,2011,2.0,80,2.5
54,874,2012,0.0,76,0.0
54,874,2013,1.0,57,1.7543859649122806
54,874,2014,0.0,49,0.0
54,874,2015,1.0,57,1.7543859649122806
54,874,2016,4.0,46,8.695652173913043
54,874,2017,0.0,45,0.0
54,874,2018,2.0,53,3.7735849056603774
54,874,2019,4.0,63,6.349206349206349
54,874,2020,3.0,41,7.317073170731707
54,874,2021,2.0,34,5.88235294117647
54,874,2022,2.0,37,5.405405405405405
54,874,2023,0.0,18,0.0
54,874,2024,2.0,37,5.405405405405405
54,99,1998,0.0,27,0.0
54,99,1999,0.0,22,0.0
54,99,2000,0.0,16,0.0
54,99,2001,0.0,17,0.0
54,99,2002,0.0,13,0.0
54,99,2003,0.0,20,0.0
54,99,2004,0.0,29,0.0
54,99,2005,0.0,19,0.0
54,99,2006,0.0,21,0.0
54,99,2007,1.0,9,11.11111111111111
54,99,2012,0.0,6,0.0
54,99,2013,0.0,9,0.0
54,001,2008,1105.0,15236,7.252559726962457
54,001,2009,1101.0,15292,7.199843055192258
54,001,2010,1079.0,14487,7.448056878580797
54,001,2011,983.0,14305,6.871723173715484
54,001,2014,921.0,12977,7.097171919549973
54,001,2015,934.0,13474,6.931868784325368
54,001,2016,1046.0,13829,7.563815171017427
54,001,2017,1048.0,14075,7.445825932504441
54,001,2018,1293.0,15777,8.195474424795588
54,001,2019,1515.0,17884,8.47125922612391
54,001,2020,1451.0,17094,8.488358488358488
54,001,2021,1548.0,17507,8.842177414748386
54,001,2022,1377.0,16566,8.312205722564288
54,001,2023,1239.0,14951,8.28707109892315
54,001,2024,1015.0,12211,8.312177544836622
54,003,2008,8.0,197,4.060913705583756
54,003,2009,2.0,170,1.1764705882352942
54,003,2010,4.0,147,2.7210884353741496
54,003,2011,2.0,174,1.1494252873563218
54,003,2014,0.0,107,0.0
54,003,2015,1.0,111,0.9009009009009009
54,003,2016,2.0,83,2.4096385542168677
54,003,2017,0.0,63,0.0
54,003,2018,1.0,100,1.0
54,003,2019,5.0,110,4.545454545454546
54,003,2020,7.0,130,5.384615384615385
54,003,2021,2.0,123,1.6260162601626018
54,003,2022,0.0,82,0.0
54,003,2023,6.0,59,10.16949152542373
54,003,2024,0.0,39,0.0
54,051,2008,5.0,69,7.246376811594203
54,051,2009,1.0,77,1.2987012987012987
54,051,2010,0.0,57,0.0
54,051,2011,5.0,59,8.47457627118644
54,051,2014,3.0,41,7.317073170731707
54,051,2015,1.0,22,4.545454545454546
54,051,2016,1.0,25,4.0
54,051,2017,1.0,24,4.166666666666666
54,051,2018,0.0,26,0.0
54,051,2019,0.0,22,0.0
54,051,2020,0.0,19,0.0
54,051,2021,3.0,8,37.5
54,051,2022,0.0,3,0.0
54,051,2023,0.0,2,0.0
54,051,2024,0.0,7,0.0
54,099,2008,0.0,9,0.0
54,099,2009,0.0,14,0.0
54,099,2010,0.0,17,0.0
54,099,2011,0.0,4,0.0
54,099,2014,0.0,6,0.0
54,099,2015,0.0,2,0.0
54,099,2017,0.0,9,0.0
54,099,2018,0.0,7,0.0
54,099,2019,0.0,6,0.0
54,099,2020,0.0,6,0.0
54,099,2021,0.0,5,0.0
54,099,2022,0.0,1,0.0
63,1,1998,471.0,6359,7.40682497247995
63,1,1999,474.0,6119,7.7463637849321785
63,1,2000,575.0,6821,8.429848995748424
63,1,2001,569.0,6879,8.271551097543247
63,1,2002,486.0,6233,7.797208406866678
63,1,2003,472.0,5587,8.448183282620368
63,1,2004,431.0,5407,7.9711485111892
63,1,2005,493.0,5453,9.040894920227398
63,1,2006,496.0,5318,9.32681459195186
63,1,2007,420.0,5031,8.348240906380441
63,1,2012,423.0,4695,9.00958466453674
63,1,2013,387.0,4632,8.354922279792747
63,111,1998,1.0,31,3.225806451612903
63,111,1999,1.0,24,4.166666666666666
63,111,2000,1.0,28,3.571428571428571
63,111,2001,1.0,35,2.857142857142857
63,111,2002,0.0,20,0.0
63,111,2003,0.0,18,0.0
63,111,2004,0.0,22,0.0
63,111,2005,1.0,11,9.090909090909092
63,111,2006,0.0,4,0.0
63,111,2007,0.0,11,0.0
63,111,2008,0.0,8,0.0
63,111,2010,0.0,1,0.0
63,111,2011,0.0,2,0.0
63,111,2012,0.0,3,0.0
63,111,2015,0.0,3,0.0
63,111,2016,0.0,1,0.0
63,111,2019,0.0,2,0.0
63,111,2020,0.0,1,0.0
63,111,2021,0.0,1,0.0
63,111,2022,1.0,1,100.0
63,130,1998,20.0,833,2.4009603841536618
63,130,1999,8.0,766,1.0443864229765014
63,130,2000,10.0,774,1.2919896640826873
63,130,2001,15.0,795,1.8867924528301887
63,130,2002,11.0,790,1.3924050632911391
63,130,2003,48.0,1265,3.7944664031620556
63,130,2004,36.0,1133,3.1774051191526915
63,130,2005,35.0,1049,3.336510962821735
63,130,2006,20.0,913,2.190580503833516
63,130,2007,28.0,1078,2.5974025974025974
63,130,2008,28.0,1453,1.9270474879559532
63,130,2009,37.0,1267,2.920284135753749
63,130,2010,48.0,1014,4.733727810650888
63,130,2011,25.0,860,2.9069767441860463
63,130,2012,16.0,946,1.6913319238900635
63,130,2013,16.0,1006,1.5904572564612325
63,130,2014,12.0,755,1.5894039735099337
63,130,2015,10.0,607,1.6474464579901154
63,130,2016,13.0,539,2.411873840445269
63,130,2017,6.0,373,1.6085790884718498
63,130,2018,9.0,297,3.0303030303030303
63,130,2019,4.0,281,1.4234875444839856
63,130,2020,7.0,390,1.7948717948717947
63,130,2021,9.0,251,3.5856573705179287
63,130,2022,3.0,90,3.3333333333333335
63,130,2023,2.0,60,3.3333333333333335
63,130,2024,3.0,31,9.67741935483871
63,190,1998,5.0,201,2.4875621890547266
63,190,1999,7.0,217,3.225806451612903
63,190,2000,7.0,198,3.535353535353535
63,190,2001,16.0,252,6.349206349206349
63,190,2002,4.0,232,1.7241379310344827
63,190,2003,10.0,181,5.524861878453039
63,190,2004,7.0,176,3.977272727272727
63,190,2005,5.0,143,3.4965034965034967
63,190,2006,9.0,109,8.256880733944955
63,190,2007,5.0,86,5.813953488372093
63,190,2008,2.0,92,2.1739130434782608
63,190,2009,4.0,67,5.970149253731343
63,190,2010,0.0,39,0.0
63,190,2011,0.0,71,0.0
63,190,2012,3.0,59,5.084745762711865
63,190,2013,0.0,39,0.0
63,190,2014,2.0,34,5.88235294117647
63,190,2015,1.0,22,4.545454545454546
63,190,2016,2.0,32,6.25
63,190,2017,0.0,10,0.0
63,190,2018,0.0,12,0.0
63,190,2019,1.0,5,20.0
63,190,2020,1.0,15,6.666666666666667
63,190,2021,0.0,10,0.0
63,190,2022,1.0,8,12.5
63,190,2023,0.0,5,0.0
63,190,2024,1.0,6,16.666666666666664
63,212,1998,2.0,52,3.8461538461538463
63,212,1999,0.0,20,0.0
63,212,2000,1.0,55,1.8181818181818181
63,212,2001,3.0,86,3.488372093023256
63,212,2002,1.0,39,2.564102564102564
63,212,2003,0.0,44,0.0
63,212,2004,2.0,54,3.7037037037037033
63,212,2005,1.0,36,2.7777777777777777
63,212,2006,0.0,39,0.0
63,212,2007,1.0,18,5.555555555555555
63,212,2008,1.0,17,5.88235294117647
63,212,2009,0.0,21,0.0
63,212,2010,0.0,4,0.0
63,212,2011,1.0,13,7.6923076923076925
63,212,2012,2.0,18,11.11111111111111
63,212,2013,1.0,3,33.33333333333333
63,212,2014,0.0,3,0.0
63,212,2015,1.0,5,20.0
63,212,2016,0.0,6,0.0
63,212,2017,1.0,6,16.666666666666664
63,212,2018,0.0,2,0.0
63,212,2019,1.0,4,25.0
63,212,2020,0.0,2,0.0
63,212,2021,0.0,1,0.0
63,212,2022,0.0,4,0.0
63,212,2023,0.0,2,0.0
63,212,2024,0.0,3,0.0
63,272,1998,7.0,123,5.691056910569105
63,272,1999,2.0,155,1.2903225806451613
63,272,2000,3.0,95,3.1578947368421053
63,272,2001,2.0,95,2.1052631578947367
63,272,2002,1.0,79,1.2658227848101267
63,272,2003,5.0,89,5.617977528089887
63,272,2004,3.0,95,3.1578947368421053
63,272,2005,5.0,78,6.41025641025641
63,272,2006,0.0,49,0.0
63,272,2007,1.0,53,1.8867924528301887
63,272,2008,2.0,45,4.444444444444445
63,272,2009,1.0,36,2.7777777777777777
63,272,2010,1.0,50,2.0
63,272,2011,0.0,31,0.0
63,272,2012,0.0,37,0.0
63,272,2013,2.0,34,5.88235294117647
63,272,2014,1.0,33,3.0303030303030303
63,272,2015,0.0,7,0.0
63,272,2016,0.0,3,0.0
63,272,2017,0.0,6,0.0
63,272,2018,0.0,3,0.0
63,272,2019,0.0,3,0.0
63,272,2020,1.0,7,14.285714285714285
63,272,2021,1.0,9,11.11111111111111
63,272,2022,0.0,3,0.0
63,272,2023,0.0,3,0.0
63,272,2024,0.0,4,0.0
63,302,1998,4.0,151,2.6490066225165565
63,302,1999,5.0,142,3.5211267605633805
63,302,2000,5.0,166,3.0120481927710845
63,302,2001,5.0,153,3.2679738562091507
63,302,2002,6.0,147,4.081632653061225
63,302,2003,3.0,117,2.564102564102564
63,302,2004,4.0,109,3.669724770642202
63,302,2005,5.0,91,5.4945054945054945
63,302,2006,4.0,64,6.25
63,302,2007,5.0,78,6.41025641025641
63,302,2008,0.0,41,0.0
63,302,2009,1.0,28,3.571428571428571
63,302,2010,0.0,29,0.0
63,302,2011,0.0,26,0.0
63,302,2012,0.0,18,0.0
63,302,2013,0.0,17,0.0
63,302,2014,0.0,22,0.0
63,302,2015,0.0,6,0.0
63,302,2016,0.0,3,0.0
63,302,2017,1.0,8,12.5
63,302,2018,0.0,9,0.0
63,302,2019,2.0,8,25.0
63,302,2020,3.0,7,42.857142857142854
63,302,2021,1.0,12,8.333333333333332
63,302,2022,0.0,7,0.0
63,302,2023,1.0,4,25.0
63,302,2024,0.0,1,0.0
63,401,1998,14.0,280,5.0
63,401,1999,11.0,324,3.3950617283950617
63,401,2000,12.0,372,3.225806451612903
63,401,2001,11.0,348,3.1609195402298855
63,401,2002,4.0,361,1.10803324099723
63,401,2003,5.0,276,1.8115942028985508
63,401,2004,4.0,276,1.4492753623188406
63,401,2005,3.0,202,1.4851485148514851
63,401,2006,2.0,232,0.8620689655172413
63,401,2007,3.0,214,1.4018691588785046
63,401,2008,2.0,146,1.36986301369863
63,401,2009,1.0,168,0.5952380952380952
63,401,2010,4.0,183,2.185792349726776
63,401,2011,2.0,198,1.0101010101010102
63,401,2012,3.0,157,1.910828025477707
63,401,2013,2.0,105,1.9047619047619049
63,401,2014,1.0,124,0.8064516129032258
63,401,2015,2.0,121,1.6528925619834711
63,401,2016,3.0,155,1.935483870967742
63,401,2017,4.0,122,3.278688524590164
63,401,2018,3.0,79,3.79746835443038
63,401,2019,1.0,42,2.380952380952381
63,401,2020,2.0,68,2.941176470588235
63,401,2021,2.0,49,4.081632653061225
63,401,2022,1.0,38,2.631578947368421
63,401,2023,0.0,18,0.0
63,401,2024,2.0,15,13.333333333333334
63,470,1998,23.0,439,5.239179954441914
63,470,1999,20.0,512,3.90625
63,470,2000,17.0,523,3.2504780114722758
63,470,2001,10.0,372,2.6881720430107525
63,470,2002,21.0,368,5.706521739130435
63,470,2003,10.0,316,3.1645569620253164
63,470,2004,24.0,361,6.64819944598338
63,470,2005,10.0,312,3.205128205128205
63,470,2006,10.0,295,3.389830508474576
63,470,2007,12.0,264,4.545454545454546
63,470,2008,8.0,179,4.4692737430167595
63,470,2009,10.0,212,4.716981132075472
63,470,2010,13.0,202,6.435643564356436
63,470,2011,10.0,167,5.9880239520958085
63,470,2012,1.0,140,0.7142857142857143
63,470,2013,4.0,134,2.9850746268656714
63,470,2014,6.0,110,5.454545454545454
63,470,2015,7.0,92,7.608695652173914
63,470,2016,3.0,82,3.6585365853658534
63,470,2017,2.0,80,2.5
63,470,2018,4.0,63,6.349206349206349
63,470,2019,5.0,113,4.424778761061947
63,470,2020,4.0,107,3.7383177570093453
63,470,2021,5.0,73,6.8493150684931505
63,470,2022,2.0,41,4.878048780487805
63,470,2023,1.0,26,3.8461538461538463
63,470,2024,0.0,18,0.0
63,548,1998,4.0,108,3.7037037037037033
63,548,1999,4.0,88,4.545454545454546
63,548,2000,1.0,94,1.0638297872340425
63,548,2001,3.0,88,3.4090909090909087
63,548,2002,2.0,95,2.1052631578947367
63,548,2003,2.0,80,2.5
63,548,2004,0.0,71,0.0
63,548,2005,2.0,37,5.405405405405405
63,548,2006,3.0,52,5.769230769230769
63,548,2007,0.0,39,0.0
63,548,2008,1.0,25,4.0
63,548,2009,3.0,34,8.823529411764707
63,548,2010,1.0,29,3.4482758620689653
63,548,2011,0.0,32,0.0
63,548,2012,0.0,20,0.0
63,548,2013,2.0,13,15.384615384615385
63,548,2014,0.0,2,0.0
63,548,2015,1.0,9,11.11111111111111
63,548,2016,0.0,15,0.0
63,548,2017,1.0,17,5.88235294117647
63,548,2018,0.0,6,0.0
63,548,2019,0.0,3,0.0
63,548,2020,0.0,8,0.0
63,548,2021,1.0,12,8.333333333333332
63,548,2022,0.0,7,0.0
63,548,2023,0.0,8,0.0
63,548,2024,1.0,10,10.0
63,594,1998,13.0,377,3.4482758620689653
63,594,1999,18.0,446,4.0358744394618835
63,594,2000,12.0,344,3.488372093023256
63,594,2001,12.0,323,3.7151702786377707
63,594,2002,9.0,294,3.061224489795918
63,594,2003,6.0,242,2.479338842975207
63,594,2004,6.0,205,2.9268292682926833
63,594,2005,7.0,213,3.286384976525822
63,594,2006,4.0,177,2.2598870056497176
63,594,2007,3.0,141,2.127659574468085
63,594,2008,3.0,105,2.857142857142857
63,594,2009,2.0,113,1.7699115044247788
63,594,2010,6.0,90,6.666666666666667
63,594,2011,2.0,71,2.8169014084507045
63,594,2012,1.0,96,1.0416666666666665
63,594,2013,4.0,78,5.128205128205128
63,594,2014,0.0,55,0.0
63,594,2015,1.0,52,1.9230769230769231
63,594,2016,3.0,78,3.8461538461538463
63,594,2017,2.0,51,3.9215686274509802
63,594,2018,3.0,44,6.8181818181818175
63,594,2019,1.0,41,2.4390243902439024
63,594,2020,4.0,47,8.51063829787234
63,594,2021,1.0,25,4.0
63,594,2022,1.0,21,4.761904761904762
63,594,2023,3.0,23,13.043478260869565
63,594,2024,2.0,8,25.0
63,690,1998,2.0,51,3.9215686274509802
63,690,1999,3.0,62,4.838709677419355
63,690,2000,1.0,57,1.7543859649122806
63,690,2001,1.0,40,2.5
63,690,2002,2.0,64,3.125
63,690,2003,4.0,49,8.16326530612245
63,690,2004,0.0,51,0.0
63,690,2005,0.0,29,0.0
63,690,2006,1.0,22,4.545454545454546
63,690,2007,2.0,26,7.6923076923076925
63,690,2008,2.0,26,7.6923076923076925
63,690,2009,0.0,18,0.0
63,690,2010,0.0,18,0.0
63,690,2011,1.0,31,3.225806451612903
63,690,2012,0.0,20,0.0
63,690,2013,0.0,10,0.0
63,690,2014,0.0,5,0.0
63,690,2015,0.0,6,0.0
63,690,2016,0.0,1,0.0
63,690,2017,1.0,3,33.33333333333333
63,690,2018,0.0,1,0.0
63,690,2019,0.0,3,0.0
63,690,2023,0.0,1,0.0
63,001,2008,455.0,4691,9.699424429759112
63,001,2009,481.0,4714,10.20364870598218
63,001,2010,406.0,4657,8.718058836160617
63,001,2011,417.0,4753,8.773406269724385
63,001,2014,398.0,4909,8.107557547361989
63,001,2015,458.0,5264,8.700607902735563
63,001,2016,475.0,5197,9.139888397152204
63,001,2017,485.0,5482,8.847136081722
63,001,2018,396.0,5361,7.386681589255736
63,001,2019,470.0,4988,9.42261427425822
63,001,2020,383.0,5019,7.631002191671647
63,001,2021,471.0,4969,9.478768363855906
63,001,2022,495.0,4822,10.265450020738283
63,001,2023,393.0,4290,9.160839160839162
63,001,2024,365.0,3861,9.453509453509454
66,1,1998,839.0,11276,7.440581766583895
66,1,1999,853.0,10943,7.794937402905967
66,1,2000,923.0,10810,8.538390379278447
66,1,2001,882.0,10388,8.49056603773585
66,1,2002,834.0,9863,8.455845077562607
66,1,2003,855.0,10027,8.526977161663508
66,1,2004,797.0,9661,8.249663595901046
66,1,2005,732.0,9059,8.080362070868748
66,1,2006,673.0,8978,7.496101581644019
66,1,2007,919.0,10007,9.183571499950036
66,1,2012,978.0,9337,10.474456463532183
66,1,2013,893.0,9136,9.774518388791593
66,170,1998,18.0,734,2.452316076294278
66,170,1999,28.0,953,2.9380902413431267
66,170,2000,30.0,1123,2.671415850400712
66,170,2001,34.0,1118,3.041144901610018
66,170,2002,36.0,1165,3.0901287553648067
66,170,2003,32.0,1284,2.4922118380062304
66,170,2004,50.0,1260,3.968253968253968
66,170,2005,29.0,1296,2.2376543209876543
66,170,2006,30.0,1422,2.109704641350211
66,170,2007,24.0,1039,2.3099133782483157
66,170,2008,15.0,926,1.6198704103671708
66,170,2009,22.0,1006,2.1868787276341948
66,170,2010,18.0,982,1.8329938900203666
66,170,2011,18.0,924,1.948051948051948
66,170,2012,14.0,904,1.5486725663716814
66,170,2013,10.0,902,1.1086474501108647
66,170,2014,27.0,930,2.903225806451613
66,170,2015,36.0,884,4.072398190045249
66,170,2016,45.0,916,4.912663755458515
66,170,2017,42.0,835,5.029940119760479
66,170,2018,20.0,717,2.789400278940028
66,170,2019,22.0,615,3.577235772357724
66,170,2020,14.0,506,2.766798418972332
66,170,2021,15.0,406,3.6945812807881775
66,170,2022,11.0,279,3.942652329749104
66,170,2023,9.0,185,4.864864864864865
66,170,2024,14.0,191,7.329842931937172
66,318,1998,11.0,195,5.641025641025641
66,318,1999,2.0,158,1.2658227848101267
66,318,2000,5.0,170,2.941176470588235
66,318,2001,2.0,138,1.4492753623188406
66,318,2002,2.0,110,1.8181818181818181
66,318,2003,3.0,156,1.9230769230769231
66,318,2004,0.0,123,0.0
66,318,2005,1.0,87,1.1494252873563218
66,318,2006,5.0,112,4.464285714285714
66,318,2007,6.0,99,6.0606060606060606
66,318,2008,2.0,88,2.272727272727273
66,318,2009,1.0,86,1.1627906976744187
66,318,2010,2.0,78,2.564102564102564
66,318,2011,2.0,64,3.125
66,318,2012,0.0,74,0.0
66,318,2013,0.0,43,0.0
66,318,2014,1.0,50,2.0
66,318,2015,1.0,40,2.5
66,318,2016,2.0,62,3.225806451612903
66,318,2017,0.0,42,0.0
66,318,2018,0.0,48,0.0
66,318,2019,1.0,47,2.127659574468085
66,318,2020,2.0,36,5.555555555555555
66,318,2021,2.0,35,5.714285714285714
66,318,2022,0.0,39,0.0
66,318,2023,2.0,25,8.0
66,318,2024,0.0,18,0.0
66,383,1998,0.0,89,0.0
66,383,1999,1.0,91,1.098901098901099
66,383,2000,3.0,111,2.7027027027027026
66,383,2001,5.0,99,5.05050505050505
66,383,2002,6.0,92,6.521739130434782
66,383,2003,4.0,103,3.8834951456310676
66,383,2004,1.0,65,1.5384615384615385
66,383,2005,3.0,98,3.061224489795918
66,383,2006,2.0,81,2.4691358024691357
66,383,2007,7.0,97,7.216494845360824
66,383,2008,0.0,57,0.0
66,383,2009,3.0,75,4.0
66,383,2010,1.0,43,2.3255813953488373
66,383,2011,1.0,56,1.7857142857142856
66,383,2012,2.0,38,5.263157894736842
66,383,2013,0.0,27,0.0
66,383,2014,1.0,25,4.0
66,383,2015,1.0,25,4.0
66,383,2016,0.0,23,0.0
66,383,2017,2.0,24,8.333333333333332
66,383,2018,1.0,20,5.0
66,383,2019,0.0,24,0.0
66,383,2020,1.0,19,5.263157894736842
66,383,2021,1.0,14,7.142857142857142
66,383,2022,1.0,11,9.090909090909092
66,383,2023,0.0,9,0.0
66,383,2024,0.0,8,0.0
66,400,1998,18.0,565,3.185840707964602
66,400,1999,19.0,513,3.7037037037037033
66,400,2000,16.0,614,2.6058631921824107
66,400,2001,19.0,479,3.966597077244259
66,400,2002,26.0,530,4.905660377358491
66,400,2003,31.0,550,5.636363636363637
66,400,2004,19.0,601,3.1613976705490847
66,400,2005,10.0,468,2.1367521367521367
66,400,2006,15.0,429,3.4965034965034967
66,400,2007,4.0,385,1.0389610389610389
66,400,2008,9.0,317,2.8391167192429023
66,400,2009,5.0,305,1.639344262295082
66,400,2010,6.0,219,2.73972602739726
66,400,2011,9.0,256,3.515625
66,400,2012,4.0,196,2.0408163265306123
66,400,2013,4.0,195,2.051282051282051
66,400,2014,5.0,173,2.8901734104046244
66,400,2015,5.0,186,2.6881720430107525
66,400,2016,4.0,193,2.072538860103627
66,400,2017,4.0,177,2.2598870056497176
66,400,2018,4.0,139,2.877697841726619
66,400,2019,1.0,85,1.1764705882352942
66,400,2020,1.0,61,1.639344262295082
66,400,2021,3.0,72,4.166666666666666
66,400,2022,5.0,118,4.23728813559322
66,400,2023,4.0,114,3.508771929824561
66,400,2024,2.0,74,2.7027027027027026
66,440,1998,3.0,233,1.2875536480686696
66,440,1999,4.0,232,1.7241379310344827
66,440,2000,5.0,251,1.9920318725099602
66,440,2001,5.0,244,2.0491803278688523
66,440,2002,15.0,251,5.9760956175298805
66,440,2003,11.0,241,4.564315352697095
66,440,2004,4.0,169,2.366863905325444
66,440,2005,4.0,179,2.2346368715083798
66,440,2006,4.0,184,2.1739130434782608
66,440,2007,9.0,162,5.555555555555555
66,440,2008,6.0,140,4.285714285714286
66,440,2009,6.0,142,4.225352112676056
66,440,2010,5.0,114,4.385964912280701
66,440,2011,0.0,125,0.0
66,440,2012,4.0,112,3.571428571428571
66,440,2013,9.0,88,10.227272727272728
66,440,2014,4.0,98,4.081632653061225
66,440,2015,1.0,76,1.3157894736842104
66,440,2016,3.0,65,4.615384615384616
66,440,2017,3.0,51,5.88235294117647
66,440,2018,1.0,90,1.1111111111111112
66,440,2019,5.0,77,6.493506493506493
66,440,2020,1.0,48,2.083333333333333
66,440,2021,5.0,56,8.928571428571429
66,440,2022,5.0,43,11.627906976744185
66,440,2023,3.0,12,25.0
66,440,2024,1.0,13,7.6923076923076925
66,45,1998,6.0,180,3.3333333333333335
66,45,1999,7.0,158,4.430379746835443
66,45,2000,4.0,153,2.6143790849673203
66,45,2001,9.0,170,5.294117647058823
66,45,2002,7.0,167,4.191616766467066
66,45,2003,5.0,162,3.0864197530864197
66,45,2004,5.0,150,3.3333333333333335
66,45,2005,4.0,133,3.007518796992481
66,45,2006,6.0,107,5.607476635514018
66,45,2007,9.0,100,9.0
66,45,2012,2.0,76,2.631578947368421
66,45,2013,1.0,58,1.7241379310344827
66,456,1998,7.0,181,3.867403314917127
66,456,1999,5.0,156,3.205128205128205
66,456,2000,4.0,170,2.3529411764705883
66,456,2001,9.0,181,4.972375690607735
66,456,2002,7.0,140,5.0
66,456,2003,9.0,116,7.758620689655173
66,456,2004,4.0,119,3.361344537815126
66,456,2005,5.0,119,4.201680672268908
66,456,2006,2.0,112,1.7857142857142856
66,456,2007,8.0,123,6.504065040650407
66,456,2008,3.0,93,3.225806451612903
66,456,2009,5.0,97,5.154639175257731
66,456,2010,11.0,89,12.359550561797752
66,456,2011,3.0,72,4.166666666666666
66,456,2012,2.0,79,2.5316455696202533
66,456,2013,3.0,81,3.7037037037037033
66,456,2014,14.0,114,12.280701754385964
66,456,2015,9.0,127,7.086614173228346
66,456,2016,8.0,128,6.25
66,456,2017,10.0,125,8.0
66,456,2018,10.0,136,7.352941176470589
66,456,2019,16.0,131,12.213740458015266
66,456,2020,8.0,100,8.0
66,456,2021,18.0,149,12.080536912751679
66,456,2022,19.0,198,9.595959595959595
66,456,2023,18.0,213,8.450704225352112
66,456,2024,47.0,269,17.472118959107807
66,572,1998,6.0,140,4.285714285714286
66,572,1999,2.0,110,1.8181818181818181
66,572,2000,4.0,120,3.3333333333333335
66,572,2001,4.0,97,4.123711340206185
66,572,2002,8.0,120,6.666666666666667
66,572,2003,7.0,109,6.422018348623854
66,572,2004,7.0,161,4.3478260869565215
66,572,2005,5.0,135,3.7037037037037033
66,572,2006,3.0,131,2.2900763358778624
66,572,2007,8.0,157,5.095541401273886
66,572,2008,15.0,156,9.615384615384617
66,572,2009,8.0,168,4.761904761904762
66,572,2010,9.0,183,4.918032786885246
66,572,2011,12.0,192,6.25
66,572,2012,7.0,228,3.070175438596491
66,572,2013,4.0,284,1.4084507042253522
66,572,2014,12.0,292,4.10958904109589
66,572,2015,13.0,256,5.078125
66,572,2016,5.0,272,1.8382352941176472
66,572,2017,14.0,271,5.166051660516605
66,572,2018,10.0,320,3.125
66,572,2019,15.0,327,4.587155963302752
66,572,2020,5.0,321,1.557632398753894
66,572,2021,28.0,445,6.292134831460674
66,572,2022,28.0,372,7.526881720430108
66,572,2023,28.0,334,8.383233532934131
66,572,2024,27.0,342,7.894736842105263
66,594,1998,20.0,427,4.683840749414521
66,594,1999,13.0,441,2.947845804988662
66,594,2000,15.0,340,4.411764705882353
66,594,2001,10.0,356,2.8089887640449436
66,594,2002,9.0,339,2.6548672566371683
66,594,2003,10.0,315,3.1746031746031744
66,594,2004,9.0,264,3.4090909090909087
66,594,2005,14.0,254,5.511811023622047
66,594,2006,15.0,235,6.382978723404255
66,594,2007,19.0,292,6.506849315068493
66,594,2008,9.0,248,3.6290322580645165
66,594,2009,19.0,242,7.851239669421488
66,594,2010,20.0,276,7.246376811594203
66,594,2011,7.0,257,2.7237354085603114
66,594,2012,8.0,257,3.11284046692607
66,594,2013,8.0,176,4.545454545454546
66,594,2014,5.0,208,2.403846153846154
66,594,2015,8.0,193,4.145077720207254
66,594,2016,4.0,184,2.1739130434782608
66,594,2017,7.0,173,4.046242774566474
66,594,2018,7.0,176,3.977272727272727
66,594,2019,2.0,131,1.5267175572519083
66,594,2020,2.0,144,1.3888888888888888
66,594,2021,3.0,142,2.112676056338028
66,594,2022,6.0,110,5.454545454545454
66,594,2023,7.0,84,8.333333333333332
66,594,2024,4.0,69,5.797101449275362
66,682,1998,33.0,815,4.049079754601228
66,682,1999,26.0,816,3.1862745098039214
66,682,2000,20.0,787,2.5412960609911055
66,682,2001,11.0,757,1.453104359313078
66,682,2002,18.0,701,2.5677603423680457
66,682,2003,24.0,619,3.877221324717286
66,682,2004,21.0,589,3.5653650254668934
66,682,2005,25.0,497,5.030181086519115
66,682,2006,15.0,518,2.8957528957528957
66,682,2007,13.0,443,2.9345372460496613
66,682,2008,14.0,419,3.341288782816229
66,682,2009,15.0,416,3.6057692307692304
66,682,2010,17.0,417,4.07673860911271
66,682,2011,11.0,314,3.5031847133757963
66,682,2012,5.0,281,1.7793594306049825
66,682,2013,3.0,201,1.4925373134328357
66,682,2014,7.0,190,3.684210526315789
66,682,2015,4.0,223,1.7937219730941705
66,682,2016,9.0,238,3.7815126050420167
66,682,2017,12.0,259,4.633204633204633
66,682,2018,12.0,245,4.8979591836734695
66,682,2019,10.0,211,4.739336492890995
66,682,2020,4.0,188,2.127659574468085
66,682,2021,12.0,178,6.741573033707865
66,682,2022,2.0,125,1.6
66,682,2023,4.0,97,4.123711340206185
66,682,2024,6.0,66,9.090909090909092
66,687,1998,8.0,219,3.65296803652968
66,687,1999,7.0,186,3.763440860215054
66,687,2000,3.0,197,1.5228426395939088
66,687,2001,5.0,208,2.403846153846154
66,687,2002,6.0,205,2.9268292682926833
66,687,2003,3.0,176,1.7045454545454544
66,687,2004,9.0,154,5.844155844155844
66,687,2005,5.0,169,2.9585798816568047
66,687,2006,7.0,141,4.964539007092199
66,687,2007,9.0,129,6.976744186046512
66,687,2008,6.0,91,6.593406593406594
66,687,2009,9.0,95,9.473684210526317
66,687,2010,8.0,63,12.698412698412698
66,687,2011,10.0,75,13.333333333333334
66,687,2012,1.0,49,2.0408163265306123
66,687,2013,2.0,22,9.090909090909092
66,687,2014,2.0,46,4.3478260869565215
66,687,2015,1.0,43,2.3255813953488373
66,687,2016,4.0,53,7.547169811320755
66,687,2017,1.0,40,2.5
66,687,2018,4.0,44,9.090909090909092
66,687,2019,1.0,26,3.8461538461538463
66,687,2020,1.0,17,5.88235294117647
66,687,2021,2.0,28,7.142857142857142
66,687,2022,2.0,16,12.5
66,687,2023,1.0,15,6.666666666666667
66,687,2024,0.0,11,0.0
66,75,1998,3.0,81,3.7037037037037033
66,75,1999,3.0,78,3.8461538461538463
66,75,2000,6.0,69,8.695652173913043
66,75,2001,1.0,44,2.272727272727273
66,75,2002,3.0,80,3.75
66,75,2003,3.0,71,4.225352112676056
66,75,2004,3.0,69,4.3478260869565215
66,75,2005,3.0,46,6.521739130434782
66,75,2006,2.0,41,4.878048780487805
66,75,2007,2.0,51,3.9215686274509802
66,75,2012,1.0,24,4.166666666666666
66,75,2013,0.0,7,0.0
66,88,1998,8.0,474,1.6877637130801686
66,88,1999,15.0,371,4.0431266846361185
66,88,2000,22.0,442,4.97737556561086
66,88,2001,26.0,405,6.419753086419753
66,88,2002,11.0,355,3.0985915492957745
66,88,2003,16.0,339,4.71976401179941
66,88,2004,10.0,342,2.923976608187134
66,88,2005,14.0,246,5.691056910569105
66,88,2006,6.0,317,1.8927444794952681
66,88,2007,5.0,253,1.9762845849802373
66,88,2012,2.0,155,1.2903225806451613
66,88,2013,4.0,130,3.076923076923077
66,001,2008,858.0,10147,8.45570119247068
66,001,2009,938.0,9494,9.87992416262903
66,001,2010,960.0,9161,10.479205326929375
66,001,2011,981.0,9231,10.627234319142023
66,001,2014,847.0,8890,9.527559055118111
66,001,2015,839.0,9059,9.261507892703388
66,001,2016,831.0,8730,9.518900343642612
66,001,2017,869.0,8605,10.09877977919814
66,001,2018,797.0,8273,9.63374833796688
66,001,2019,894.0,8558,10.446365973358262
66,001,2020,899.0,8750,10.274285714285716
66,001,2021,1002.0,8599,11.652517734620304
66,001,2022,1009.0,7970,12.659974905897114
66,001,2023,931.0,7492,12.426588360918313
66,001,2024,830.0,7087,11.711584591505574
66,045,2008,5.0,83,6.024096385542169
66,045,2009,3.0,75,4.0
66,045,2010,6.0,77,7.792207792207792
66,045,2011,3.0,70,4.285714285714286
66,045,2014,1.0,47,2.127659574468085
66,045,2015,4.0,56,7.142857142857142
66,045,2016,0.0,55,0.0
66,045,2017,3.0,59,5.084745762711865
66,045,2018,2.0,57,3.508771929824561
66,045,2019,2.0,39,5.128205128205128
66,045,2020,0.0,58,0.0
66,045,2021,2.0,55,3.6363636363636362
66,045,2022,0.0,44,0.0
66,045,2023,3.0,26,11.538461538461538
66,045,2024,1.0,25,4.0
66,075,2008,2.0,39,5.128205128205128
66,075,2009,0.0,49,0.0
66,075,2010,1.0,31,3.225806451612903
66,075,2011,2.0,42,4.761904761904762
66,075,2014,0.0,16,0.0
66,075,2015,1.0,25,4.0
66,075,2016,0.0,21,0.0
66,075,2017,0.0,18,0.0
66,075,2018,0.0,13,0.0
66,075,2019,0.0,9,0.0
66,075,2020,1.0,17,5.88235294117647
66,075,2021,2.0,20,10.0
66,075,2022,0.0,12,0.0
66,075,2023,0.0,8,0.0
66,075,2024,2.0,6,33.33333333333333
66,088,2008,7.0,246,2.8455284552845526
66,088,2009,6.0,204,2.941176470588235
66,088,2010,7.0,223,3.1390134529147984
66,088,2011,5.0,147,3.4013605442176873
66,088,2014,3.0,114,2.631578947368421
66,088,2015,2.0,103,1.9417475728155338
66,088,2016,5.0,104,4.807692307692308
66,088,2017,1.0,104,0.9615384615384616
66,088,2018,1.0,123,0.8130081300813009
66,088,2019,2.0,75,2.666666666666667
66,088,2020,7.0,88,7.954545454545454
66,088,2021,1.0,102,0.9803921568627451
66,088,2022,2.0,79,2.5316455696202533
66,088,2023,3.0,73,4.10958904109589
66,088,2024,4.0,53,7.547169811320755
68,1,1998,1307.0,16652,7.848907038193611
68,1,1999,1354.0,17769,7.620012381113174
68,1,2000,1303.0,15063,8.650335258580629
68,1,2001,1130.0,12962,8.7177904644345
68,1,2002,1033.0,12397,8.332661127692184
68,1,2003,1272.0,13316,9.552418143586662
68,1,2004,1425.0,13462,10.585351359381963
68,1,2005,1470.0,14413,10.199125789218066
68,1,2006,1489.0,15074,9.877935518110654
68,1,2007,1429.0,14929,9.571974010315493
68,1,2012,1549.0,13637,11.35880325584806
68,1,2013,1377.0,13291,10.360394251749304
68,101,1998,8.0,90,8.88888888888889
68,101,1999,3.0,100,3.0
68,101,2000,6.0,87,6.896551724137931
68,101,2001,3.0,79,3.79746835443038
68,101,2002,4.0,97,4.123711340206185
68,101,2003,5.0,84,5.952380952380952
68,101,2004,4.0,94,4.25531914893617
68,101,2005,14.0,108,12.962962962962962
68,101,2006,2.0,69,2.898550724637681
68,101,2007,4.0,99,4.040404040404041
68,101,2008,8.0,75,10.666666666666668
68,101,2009,0.0,8,0.0
68,101,2010,1.0,15,6.666666666666667
68,101,2011,2.0,6,33.33333333333333
68,101,2012,0.0,25,0.0
68,101,2013,2.0,18,11.11111111111111
68,101,2014,0.0,8,0.0
68,101,2015,1.0,14,7.142857142857142
68,101,2016,2.0,22,9.090909090909092
68,101,2017,0.0,9,0.0
68,101,2018,0.0,14,0.0
68,101,2019,0.0,14,0.0
68,101,2020,1.0,24,4.166666666666666
68,101,2021,0.0,22,0.0
68,101,2022,1.0,12,8.333333333333332
68,101,2023,0.0,8,0.0
68,101,2024,0.0,3,0.0
68,13,1998,1.0,5,20.0
68,13,1999,1.0,17,5.88235294117647
68,13,2000,2.0,16,12.5
68,13,2001,1.0,7,14.285714285714285
68,13,2002,0.0,17,0.0
68,13,2003,0.0,16,0.0
68,13,2004,0.0,10,0.0
68,13,2005,0.0,10,0.0
68,13,2006,1.0,11,9.090909090909092
68,13,2007,1.0,14,7.142857142857142
68,13,2012,0.0,5,0.0
68,13,2013,0.0,6,0.0
68,132,1998,0.0,1,0.0
68,132,1999,0.0,2,0.0
68,132,2001,0.0,1,0.0
68,132,2003,0.0,1,0.0
68,132,2004,0.0,11,0.0
68,132,2005,0.0,10,0.0
68,132,2006,0.0,17,0.0
68,132,2007,0.0,11,0.0
68,132,2008,3.0,17,17.647058823529413
68,132,2009,0.0,7,0.0
68,132,2010,0.0,1,0.0
68,132,2012,0.0,5,0.0
68,132,2013,0.0,1,0.0
68,132,2017,1.0,3,33.33333333333333
68,132,2018,0.0,1,0.0
68,132,2020,0.0,1,0.0
68,132,2022,0.0,1,0.0
68,132,2024,0.0,1,0.0
68,147,1998,4.0,151,2.6490066225165565
68,147,1999,6.0,180,3.3333333333333335
68,147,2000,5.0,194,2.5773195876288657
68,147,2001,6.0,188,3.1914893617021276
68,147,2002,8.0,148,5.405405405405405
68,147,2003,8.0,154,5.194805194805195
68,147,2004,6.0,120,5.0
68,147,2005,0.0,68,0.0
68,147,2006,2.0,64,3.125
68,147,2007,0.0,47,0.0
68,147,2008,0.0,38,0.0
68,147,2009,2.0,47,4.25531914893617
68,147,2010,1.0,47,2.127659574468085
68,147,2011,0.0,34,0.0
68,147,2012,1.0,44,2.272727272727273
68,147,2013,2.0,26,7.6923076923076925
68,147,2014,0.0,27,0.0
68,147,2015,0.0,21,0.0
68,147,2016,0.0,27,0.0
68,147,2017,1.0,29,3.4482758620689653
68,147,2018,0.0,26,0.0
68,147,2019,1.0,27,3.7037037037037033
68,147,2020,1.0,25,4.0
68,147,2021,0.0,11,0.0
68,147,2022,1.0,11,9.090909090909092
68,147,2023,1.0,11,9.090909090909092
68,147,2024,0.0,15,0.0
68,152,1998,1.0,22,4.545454545454546
68,152,1999,1.0,16,6.25
68,152,2000,0.0,28,0.0
68,152,2001,1.0,54,1.8518518518518516
68,152,2002,6.0,33,18.181818181818183
68,152,2003,3.0,56,5.357142857142857
68,152,2004,2.0,73,2.73972602739726
68,152,2005,5.0,53,9.433962264150944
68,152,2006,0.0,35,0.0
68,152,2007,2.0,27,7.4074074074074066
68,152,2008,0.0,13,0.0
68,152,2009,1.0,31,3.225806451612903
68,152,2010,2.0,30,6.666666666666667
68,152,2011,0.0,20,0.0
68,152,2012,2.0,16,12.5
68,152,2013,0.0,13,0.0
68,152,2014,1.0,6,16.666666666666664
68,152,2015,0.0,6,0.0
68,152,2016,1.0,7,14.285714285714285
68,152,2017,1.0,7,14.285714285714285
68,152,2018,0.0,5,0.0
68,152,2019,1.0,7,14.285714285714285
68,152,2020,0.0,6,0.0
68,152,2021,0.0,2,0.0
68,152,2022,0.0,1,0.0
68,152,2023,0.0,3,0.0
68,160,1998,0.0,4,0.0
68,160,1999,0.0,12,0.0
68,160,2000,0.0,12,0.0
68,160,2001,0.0,4,0.0
68,160,2002,0.0,3,0.0
68,160,2003,0.0,13,0.0
68,160,2004,0.0,11,0.0
68,160,2005,0.0,12,0.0
68,160,2006,0.0,7,0.0
68,160,2007,0.0,14,0.0
68,160,2008,0.0,8,0.0
68,160,2009,0.0,5,0.0
68,160,2010,0.0,9,0.0
68,160,2011,0.0,3,0.0
68,160,2012,0.0,2,0.0
68,160,2019,0.0,1,0.0
68,160,2020,0.0,1,0.0
68,162,1998,5.0,73,6.8493150684931505
68,162,1999,2.0,53,3.7735849056603774
68,162,2000,3.0,35,8.571428571428571
68,162,2001,3.0,45,6.666666666666667
68,162,2002,1.0,71,1.4084507042253522
68,162,2003,2.0,74,2.7027027027027026
68,162,2004,1.0,76,1.3157894736842104
68,162,2005,1.0,59,1.694915254237288
68,162,2006,3.0,83,3.614457831325301
68,162,2007,3.0,70,4.285714285714286
68,162,2008,2.0,47,4.25531914893617
68,162,2009,2.0,27,7.4074074074074066
68,162,2010,1.0,33,3.0303030303030303
68,162,2011,1.0,47,2.127659574468085
68,162,2012,1.0,29,3.4482758620689653
68,162,2013,0.0,23,0.0
68,162,2014,0.0,16,0.0
68,162,2015,0.0,13,0.0
68,162,2016,1.0,15,6.666666666666667
68,162,2017,2.0,19,10.526315789473683
68,162,2018,1.0,16,6.25
68,162,2019,2.0,20,10.0
68,162,2020,1.0,14,7.142857142857142
68,162,2021,1.0,20,5.0
68,162,2022,2.0,17,11.76470588235294
68,162,2023,0.0,2,0.0
68,162,2024,0.0,4,0.0
68,167,1998,4.0,321,1.2461059190031152
68,167,1999,3.0,253,1.185770750988142
68,167,2000,8.0,249,3.2128514056224895
68,167,2001,9.0,166,5.421686746987952
68,167,2002,2.0,156,1.282051282051282
68,167,2003,5.0,120,4.166666666666666
68,167,2004,6.0,128,4.6875
68,167,2005,1.0,109,0.9174311926605505
68,167,2006,2.0,95,2.1052631578947367
68,167,2007,0.0,88,0.0
68,167,2008,2.0,89,2.247191011235955
68,167,2009,2.0,87,2.2988505747126435
68,167,2010,1.0,64,1.5625
68,167,2011,2.0,56,3.571428571428571
68,167,2012,0.0,53,0.0
68,167,2013,1.0,53,1.8867924528301887
68,167,2014,0.0,25,0.0
68,167,2015,0.0,26,0.0
68,167,2016,1.0,36,2.7777777777777777
68,167,2017,1.0,36,2.7777777777777777
68,167,2018,2.0,40,5.0
68,167,2019,1.0,22,4.545454545454546
68,167,2020,3.0,36,8.333333333333332
68,167,2021,0.0,22,0.0
68,167,2022,0.0,15,0.0
68,167,2023,0.0,14,0.0
68,167,2024,1.0,5,20.0
68,169,1998,0.0,17,0.0
68,169,1999,2.0,21,9.523809523809524
68,169,2000,1.0,18,5.555555555555555
68,169,2001,0.0,20,0.0
68,169,2002,0.0,20,0.0
68,169,2003,0.0,18,0.0
68,169,2004,0.0,16,0.0
68,169,2005,1.0,18,5.555555555555555
68,169,2006,0.0,11,0.0
68,169,2007,0.0,16,0.0
68,169,2008,0.0,6,0.0
68,169,2009,1.0,10,10.0
68,169,2010,0.0,9,0.0
68,169,2011,2.0,20,10.0
68,169,2012,0.0,5,0.0
68,169,2013,0.0,6,0.0
68,169,2014,0.0,6,0.0
68,169,2015,1.0,3,33.33333333333333
68,169,2016,0.0,3,0.0
68,169,2018,0.0,2,0.0
68,169,2020,0.0,1,0.0
68,169,2023,0.0,1,0.0
68,176,1998,0.0,31,0.0
68,176,1999,1.0,23,4.3478260869565215
68,176,2000,1.0,28,3.571428571428571
68,176,2001,2.0,40,5.0
68,176,2002,0.0,30,0.0
68,176,2003,0.0,22,0.0
68,176,2004,0.0,28,0.0
68,176,2005,2.0,41,4.878048780487805
68,176,2006,1.0,20,5.0
68,176,2007,0.0,14,0.0
68,176,2008,0.0,24,0.0
68,176,2009,0.0,10,0.0
68,176,2010,0.0,15,0.0
68,176,2011,0.0,14,0.0
68,176,2012,0.0,7,0.0
68,176,2014,0.0,2,0.0
68,176,2017,0.0,1,0.0
68,176,2018,0.0,2,0.0
68,176,2019,0.0,3,0.0
68,176,2020,0.0,2,0.0
68,176,2021,0.0,3,0.0
68,176,2022,0.0,1,0.0
68,179,1998,0.0,20,0.0
68,179,1999,0.0,12,0.0
68,179,2000,2.0,28,7.142857142857142
68,179,2001,2.0,43,4.651162790697675
68,179,2002,4.0,56,7.142857142857142
68,179,2003,4.0,52,7.6923076923076925
68,179,2004,3.0,54,5.555555555555555
68,179,2005,5.0,58,8.620689655172415
68,179,2006,0.0,44,0.0
68,179,2007,1.0,39,2.564102564102564
68,179,2008,0.0,33,0.0
68,179,2009,1.0,13,7.6923076923076925
68,179,2010,0.0,15,0.0
68,179,2011,1.0,18,5.555555555555555
68,179,2012,0.0,16,0.0
68,179,2014,0.0,1,0.0
68,179,2015,0.0,2,0.0
68,179,2016,0.0,1,0.0
68,179,2017,0.0,4,0.0
68,179,2018,0.0,5,0.0
68,179,2019,0.0,3,0.0
68,179,2020,0.0,2,0.0
68,179,2022,0.0,2,0.0
68,190,1998,19.0,314,6.050955414012739
68,190,1999,16.0,213,7.511737089201878
68,190,2000,20.0,349,5.730659025787966
68,190,2001,17.0,334,5.089820359281437
68,190,2002,16.0,319,5.015673981191222
68,190,2003,11.0,291,3.7800687285223367
68,190,2004,10.0,352,2.840909090909091
68,190,2005,18.0,428,4.205607476635514
68,190,2006,14.0,385,3.6363636363636362
68,190,2007,12.0,347,3.45821325648415
68,190,2008,5.0,288,1.7361111111111112
68,190,2009,7.0,295,2.3728813559322033
68,190,2010,12.0,256,4.6875
68,190,2011,2.0,271,0.7380073800738007
68,190,2012,8.0,194,4.123711340206185
68,190,2013,5.0,171,2.923976608187134
68,190,2014,6.0,215,2.7906976744186047
68,190,2015,5.0,207,2.4154589371980677
68,190,2016,7.0,195,3.5897435897435894
68,190,2017,7.0,170,4.117647058823529
68,190,2018,4.0,121,3.3057851239669422
68,190,2019,2.0,58,3.4482758620689653
68,190,2020,5.0,113,4.424778761061947
68,190,2021,5.0,123,4.0650406504065035
68,190,2022,2.0,64,3.125
68,190,2023,3.0,41,7.317073170731707
68,190,2024,0.0,29,0.0
68,20,1998,1.0,11,9.090909090909092
68,20,1999,1.0,26,3.8461538461538463
68,20,2000,3.0,31,9.67741935483871
68,20,2001,0.0,22,0.0
68,20,2002,0.0,10,0.0
68,20,2003,0.0,24,0.0
68,20,2004,2.0,29,6.896551724137931
68,20,2005,0.0,17,0.0
68,20,2006,0.0,19,0.0
68,20,2007,1.0,20,5.0
68,20,2012,0.0,3,0.0
68,20,2013,0.0,7,0.0
68,207,1998,2.0,84,2.380952380952381
68,207,1999,6.0,90,6.666666666666667
68,207,2000,3.0,81,3.7037037037037033
68,207,2001,6.0,90,6.666666666666667
68,207,2002,6.0,69,8.695652173913043
68,207,2003,4.0,80,5.0
68,207,2004,4.0,70,5.714285714285714
68,207,2005,2.0,60,3.3333333333333335
68,207,2006,1.0,58,1.7241379310344827
68,207,2007,1.0,52,1.9230769230769231
68,207,2008,2.0,34,5.88235294117647
68,207,2009,1.0,55,1.8181818181818181
68,207,2010,0.0,31,0.0
68,207,2011,1.0,29,3.4482758620689653
68,207,2012,2.0,36,5.555555555555555
68,207,2013,2.0,34,5.88235294117647
68,207,2014,0.0,15,0.0
68,207,2015,0.0,18,0.0
68,207,2016,0.0,10,0.0
68,207,2017,0.0,18,0.0
68,207,2018,0.0,17,0.0
68,207,2019,0.0,7,0.0
68,207,2020,0.0,26,0.0
68,207,2021,1.0,24,4.166666666666666
68,207,2022,0.0,11,0.0
68,207,2023,0.0,3,0.0
68,207,2024,0.0,7,0.0
68,209,1998,0.0,3,0.0
68,209,1999,0.0,4,0.0
68,209,2000,0.0,6,0.0
68,209,2001,0.0,13,0.0
68,209,2002,0.0,15,0.0
68,209,2003,0.0,9,0.0
68,209,2004,0.0,15,0.0
68,209,2005,0.0,18,0.0
68,209,2006,0.0,15,0.0
68,209,2007,0.0,17,0.0
68,209,2008,0.0,16,0.0
68,209,2009,0.0,5,0.0
68,209,2010,0.0,3,0.0
68,209,2017,0.0,4,0.0
68,209,2018,0.0,2,0.0
68,209,2020,0.0,1,0.0
68,209,2023,0.0,1,0.0
68,209,2024,0.0,1,0.0
68,211,1998,0.0,51,0.0
68,211,1999,1.0,55,1.8181818181818181
68,211,2000,0.0,51,0.0
68,211,2001,2.0,43,4.651162790697675
68,211,2002,0.0,30,0.0
68,211,2003,0.0,30,0.0
68,211,2004,1.0,33,3.0303030303030303
68,211,2005,0.0,38,0.0
68,211,2006,0.0,21,0.0
68,211,2007,3.0,39,7.6923076923076925
68,211,2008,0.0,16,0.0
68,211,2009,0.0,17,0.0
68,211,2010,0.0,10,0.0
68,211,2011,0.0,11,0.0
68,211,2012,0.0,9,0.0
68,211,2013,0.0,4,0.0
68,211,2014,1.0,5,20.0
68,211,2015,0.0,4,0.0
68,211,2016,0.0,5,0.0
68,211,2017,0.0,7,0.0
68,211,2018,0.0,4,0.0
68,211,2019,0.0,4,0.0
68,211,2021,0.0,5,0.0
68,211,2022,0.0,2,0.0
68,211,2023,0.0,5,0.0
68,217,1998,0.0,5,0.0
68,217,1999,1.0,14,7.142857142857142
68,217,2000,1.0,19,5.263157894736842
68,217,2001,2.0,38,5.263157894736842
68,217,2002,1.0,18,5.555555555555555
68,217,2003,3.0,44,6.8181818181818175
68,217,2004,1.0,46,2.1739130434782608
68,217,2005,1.0,42,2.380952380952381
68,217,2006,1.0,31,3.225806451612903
68,217,2007,1.0,41,2.4390243902439024
68,217,2008,1.0,40,2.5
68,217,2009,1.0,21,4.761904761904762
68,217,2010,1.0,38,2.631578947368421
68,217,2011,0.0,29,0.0
68,217,2012,0.0,9,0.0
68,217,2013,1.0,24,4.166666666666666
68,217,2014,0.0,12,0.0
68,217,2015,0.0,12,0.0
68,217,2016,0.0,12,0.0
68,217,2017,0.0,12,0.0
68,217,2018,0.0,5,0.0
68,217,2019,0.0,19,0.0
68,217,2020,0.0,9,0.0
68,217,2021,0.0,6,0.0
68,217,2022,0.0,3,0.0
68,217,2023,0.0,4,0.0
68,217,2024,1.0,2,50.0
68,229,1998,2.0,61,3.278688524590164
68,229,1999,3.0,65,4.615384615384616
68,229,2000,4.0,75,5.333333333333334
68,229,2001,1.0,78,1.282051282051282
68,229,2002,1.0,60,1.6666666666666667
68,229,2003,3.0,57,5.263157894736842
68,229,2004,7.0,102,6.862745098039216
68,229,2005,3.0,76,3.9473684210526314
68,229,2006,2.0,74,2.7027027027027026
68,229,2007,3.0,72,4.166666666666666
68,229,2008,2.0,45,4.444444444444445
68,229,2009,1.0,51,1.9607843137254901
68,229,2010,1.0,38,2.631578947368421
68,229,2011,1.0,25,4.0
68,229,2012,1.0,17,5.88235294117647
68,229,2013,0.0,13,0.0
68,229,2014,0.0,24,0.0
68,229,2015,1.0,10,10.0
68,229,2016,0.0,4,0.0
68,229,2017,0.0,10,0.0
68,229,2018,1.0,5,20.0
68,229,2019,0.0,2,0.0
68,229,2020,0.0,5,0.0
68,229,2021,1.0,5,20.0
68,229,2022,1.0,5,20.0
68,229,2023,0.0,2,0.0
68,229,2024,0.0,5,0.0
68,235,1998,5.0,121,4.132231404958678
68,235,1999,6.0,137,4.37956204379562
68,235,2000,15.0,188,7.9787234042553195
68,235,2001,15.0,194,7.731958762886598
68,235,2002,3.0,146,2.054794520547945
68,235,2003,10.0,137,7.2992700729927
68,235,2004,8.0,181,4.41988950276243
68,235,2005,8.0,149,5.369127516778524
68,235,2006,10.0,140,7.142857142857142
68,235,2007,5.0,119,4.201680672268908
68,235,2008,11.0,134,8.208955223880597
68,235,2009,8.0,102,7.8431372549019605
68,235,2010,7.0,84,8.333333333333332
68,235,2011,1.0,87,1.1494252873563218
68,235,2012,1.0,100,1.0
68,235,2013,4.0,65,6.153846153846154
68,235,2014,1.0,66,1.5151515151515151
68,235,2015,2.0,43,4.651162790697675
68,235,2016,2.0,49,4.081632653061225
68,235,2017,3.0,50,6.0
68,235,2018,2.0,37,5.405405405405405
68,235,2019,1.0,30,3.3333333333333335
68,235,2020,5.0,39,12.82051282051282
68,235,2021,0.0,34,0.0
68,235,2022,1.0,37,2.7027027027027026
68,235,2023,1.0,14,7.142857142857142
68,235,2024,1.0,12,8.333333333333332
68,245,1998,0.0,3,0.0
68,245,1999,1.0,24,4.166666666666666
68,245,2000,0.0,23,0.0
68,245,2001,1.0,23,4.3478260869565215
68,245,2002,3.0,28,10.714285714285714
68,245,2003,0.0,23,0.0
68,245,2004,2.0,25,8.0
68,245,2005,1.0,25,4.0
68,245,2006,0.0,13,0.0
68,245,2007,0.0,4,0.0
68,245,2008,2.0,21,9.523809523809524
68,245,2009,1.0,8,12.5
68,245,2010,0.0,8,0.0
68,245,2011,2.0,6,33.33333333333333
68,245,2012,0.0,6,0.0
68,245,2013,0.0,5,0.0
68,245,2014,0.0,2,0.0
68,245,2015,1.0,2,50.0
68,245,2017,0.0,1,0.0
68,245,2018,0.0,1,0.0
68,245,2020,1.0,2,50.0
68,245,2021,0.0,2,0.0
68,250,1998,1.0,22,4.545454545454546
68,250,1999,2.0,17,11.76470588235294
68,250,2000,0.0,10,0.0
68,250,2001,0.0,7,0.0
68,250,2002,1.0,29,3.4482758620689653
68,250,2003,1.0,35,2.857142857142857
68,250,2004,3.0,38,7.894736842105263
68,250,2005,3.0,40,7.5
68,250,2006,0.0,1,0.0
68,250,2012,0.0,12,0.0
68,250,2013,2.0,20,10.0
68,250,2014,0.0,10,0.0
68,250,2015,0.0,10,0.0
68,250,2016,0.0,9,0.0
68,250,2017,1.0,8,12.5
68,250,2018,1.0,13,7.6923076923076925
68,250,2019,2.0,11,18.181818181818183
68,250,2020,0.0,8,0.0
68,250,2021,1.0,10,10.0
68,250,2022,2.0,6,33.33333333333333
68,250,2023,0.0,2,0.0
68,255,1998,6.0,140,4.285714285714286
68,255,1999,3.0,165,1.8181818181818181
68,255,2000,0.0,93,0.0
68,255,2001,1.0,54,1.8518518518518516
68,255,2002,1.0,51,1.9607843137254901
68,255,2003,3.0,106,2.8301886792452833
68,255,2004,7.0,128,5.46875
68,255,2005,1.0,128,0.78125
68,255,2006,5.0,92,5.434782608695652
68,255,2007,4.0,95,4.2105263157894735
68,255,2008,2.0,86,2.3255813953488373
68,255,2009,6.0,66,9.090909090909092
68,255,2010,2.0,64,3.125
68,255,2011,1.0,53,1.8867924528301887
68,255,2012,1.0,37,2.7027027027027026
68,255,2013,1.0,47,2.127659574468085
68,255,2014,2.0,43,4.651162790697675
68,255,2015,1.0,60,1.6666666666666667
68,255,2016,2.0,68,2.941176470588235
68,255,2017,1.0,46,2.1739130434782608
68,255,2018,1.0,37,2.7027027027027026
68,255,2019,1.0,53,1.8867924528301887
68,255,2020,2.0,60,3.3333333333333335
68,255,2021,2.0,58,3.4482758620689653
68,255,2022,2.0,41,4.878048780487805
68,255,2023,1.0,12,8.333333333333332
68,255,2024,2.0,9,22.22222222222222
68,264,1998,0.0,18,0.0
68,264,1999,0.0,10,0.0
68,264,2000,0.0,8,0.0
68,264,2001,0.0,9,0.0
68,264,2002,0.0,4,0.0
68,264,2003,0.0,14,0.0
68,264,2004,0.0,10,0.0
68,264,2005,0.0,15,0.0
68,264,2006,0.0,34,0.0
68,264,2007,0.0,16,0.0
68,264,2008,0.0,17,0.0
68,264,2009,1.0,5,20.0
68,264,2010,0.0,7,0.0
68,264,2011,0.0,8,0.0
68,264,2012,0.0,6,0.0
68,264,2013,0.0,5,0.0
68,264,2014,0.0,6,0.0
68,264,2015,0.0,3,0.0
68,264,2016,0.0,6,0.0
68,264,2017,0.0,6,0.0
68,264,2018,0.0,4,0.0
68,264,2019,1.0,4,25.0
68,264,2020,0.0,3,0.0
68,264,2021,0.0,3,0.0
68,264,2022,0.0,6,0.0
68,264,2023,0.0,2,0.0
68,266,1998,0.0,8,0.0
68,266,1999,0.0,28,0.0
68,266,2000,1.0,39,2.564102564102564
68,266,2001,3.0,39,7.6923076923076925
68,266,2002,0.0,48,0.0
68,266,2003,1.0,31,3.225806451612903
68,266,2004,3.0,41,7.317073170731707
68,266,2005,2.0,35,5.714285714285714
68,266,2006,1.0,23,4.3478260869565215
68,266,2007,1.0,41,2.4390243902439024
68,266,2008,1.0,17,5.88235294117647
68,266,2009,1.0,19,5.263157894736842
68,266,2010,0.0,14,0.0
68,266,2011,0.0,7,0.0
68,266,2012,1.0,15,6.666666666666667
68,266,2013,0.0,8,0.0
68,266,2014,1.0,15,6.666666666666667
68,266,2015,0.0,11,0.0
68,266,2016,0.0,12,0.0
68,266,2017,0.0,11,0.0
68,266,2018,0.0,3,0.0
68,266,2019,0.0,6,0.0
68,266,2020,0.0,7,0.0
68,266,2021,0.0,10,0.0
68,266,2022,0.0,3,0.0
68,266,2023,0.0,2,0.0
68,266,2024,0.0,5,0.0
68,271,1998,1.0,17,5.88235294117647
68,271,1999,1.0,49,2.0408163265306123
68,271,2000,2.0,90,2.2222222222222223
68,271,2001,0.0,59,0.0
68,271,2002,1.0,57,1.7543859649122806
68,271,2003,0.0,62,0.0
68,271,2004,1.0,78,1.282051282051282
68,271,2005,3.0,61,4.918032786885246
68,271,2007,0.0,2,0.0
68,271,2008,0.0,1,0.0
68,271,2009,1.0,49,2.0408163265306123
68,271,2010,2.0,39,5.128205128205128
68,271,2011,0.0,34,0.0
68,271,2012,0.0,23,0.0
68,271,2013,0.0,38,0.0
68,271,2014,0.0,24,0.0
68,271,2015,2.0,35,5.714285714285714
68,271,2016,1.0,20,5.0
68,271,2017,0.0,21,0.0
68,271,2018,0.0,14,0.0
68,271,2019,0.0,13,0.0
68,271,2020,1.0,23,4.3478260869565215
68,271,2021,0.0,11,0.0
68,271,2022,0.0,14,0.0
68,271,2023,0.0,12,0.0
68,271,2024,1.0,11,9.090909090909092
68,276,1998,107.0,1982,5.398587285570131
68,276,1999,89.0,1333,6.676669167291823
68,276,2000,314.0,3881,8.090698273640815
68,276,2001,337.0,4895,6.884576098059244
68,276,2002,292.0,4842,6.030565881866997
68,276,2003,251.0,5068,4.952644041041831
68,276,2004,268.0,5440,4.926470588235294
68,276,2005,187.0,3933,4.754640223747775
68,276,2006,200.0,3461,5.778676683039584
68,276,2007,407.0,4300,9.465116279069766
68,276,2008,357.0,4148,8.60655737704918
68,276,2009,267.0,5475,4.876712328767123
68,276,2010,248.0,5367,4.620831004285448
68,276,2011,235.0,5680,4.137323943661972
68,276,2012,382.0,6320,6.044303797468355
68,276,2013,362.0,6197,5.8415362272067135
68,276,2014,370.0,6577,5.625665196898282
68,276,2015,544.0,7878,6.905305915206905
68,276,2016,543.0,6900,7.869565217391304
68,276,2017,541.0,6276,8.620140216698534
68,276,2018,452.0,5566,8.120733021918793
68,276,2019,410.0,5050,8.118811881188119
68,276,2020,441.0,4811,9.166493452504678
68,276,2021,433.0,4529,9.5606094060499
68,276,2022,504.0,4780,10.543933054393305
68,276,2023,491.0,4521,10.860429108604292
68,276,2024,475.0,4127,11.509571117034165
68,296,1998,1.0,33,3.0303030303030303
68,296,1999,1.0,32,3.125
68,296,2000,1.0,35,2.857142857142857
68,296,2001,0.0,28,0.0
68,296,2002,0.0,10,0.0
68,296,2003,2.0,15,13.333333333333334
68,296,2004,0.0,21,0.0
68,296,2005,1.0,25,4.0
68,296,2006,1.0,10,10.0
68,296,2007,0.0,17,0.0
68,296,2008,0.0,13,0.0
68,296,2009,0.0,2,0.0
68,296,2012,0.0,13,0.0
68,296,2013,0.0,5,0.0
68,296,2014,0.0,9,0.0
68,296,2015,0.0,4,0.0
68,296,2016,0.0,4,0.0
68,296,2017,0.0,7,0.0
68,296,2018,0.0,2,0.0
68,296,2019,0.0,3,0.0
68,296,2020,0.0,2,0.0
68,296,2021,0.0,1,0.0
68,296,2022,0.0,4,0.0
68,298,1998,0.0,11,0.0
68,298,1999,3.0,23,13.043478260869565
68,298,2000,1.0,16,6.25
68,298,2001,1.0,21,4.761904761904762
68,298,2002,3.0,16,18.75
68,298,2003,2.0,20,10.0
68,298,2004,2.0,26,7.6923076923076925
68,298,2005,1.0,20,5.0
68,298,2006,1.0,20,5.0
68,298,2009,1.0,38,2.631578947368421
68,298,2010,1.0,11,9.090909090909092
68,298,2012,1.0,7,14.285714285714285
68,298,2013,0.0,3,0.0
68,298,2014,2.0,8,25.0
68,298,2015,0.0,2,0.0
68,298,2016,1.0,5,20.0
68,298,2017,1.0,10,10.0
68,298,2018,1.0,3,33.33333333333333
68,298,2019,1.0,5,20.0
68,298,2020,2.0,9,22.22222222222222
68,298,2021,0.0,4,0.0
68,298,2022,1.0,2,50.0
68,298,2023,0.0,1,0.0
68,298,2024,1.0,2,50.0
68,307,1998,12.0,370,3.2432432432432434
68,307,1999,17.0,579,2.936096718480138
68,307,2000,19.0,602,3.1561461794019934
68,307,2001,25.0,637,3.924646781789639
68,307,2002,13.0,477,2.7253668763102725
68,307,2003,22.0,530,4.150943396226415
68,307,2004,10.0,536,1.8656716417910446
68,307,2005,10.0,440,2.272727272727273
68,307,2006,13.0,484,2.6859504132231407
68,307,2007,5.0,370,1.3513513513513513
68,307,2008,6.0,342,1.7543859649122806
68,307,2009,16.0,355,4.507042253521127
68,307,2010,7.0,327,2.1406727828746175
68,307,2011,2.0,256,0.78125
68,307,2012,7.0,273,2.564102564102564
68,307,2013,6.0,214,2.803738317757009
68,307,2014,5.0,201,2.4875621890547266
68,307,2015,2.0,137,1.4598540145985401
68,307,2016,10.0,143,6.993006993006993
68,307,2017,2.0,150,1.3333333333333335
68,307,2018,5.0,149,3.3557046979865772
68,307,2019,5.0,104,4.807692307692308
68,307,2020,2.0,75,2.666666666666667
68,307,2021,5.0,73,6.8493150684931505
68,307,2022,1.0,42,2.380952380952381
68,307,2023,1.0,22,4.545454545454546
68,307,2024,2.0,19,10.526315789473683
68,318,1998,7.0,114,6.140350877192982
68,318,1999,6.0,94,6.382978723404255
68,318,2000,0.0,93,0.0
68,318,2001,7.0,75,9.333333333333334
68,318,2002,6.0,89,6.741573033707865
68,318,2003,3.0,82,3.6585365853658534
68,318,2004,1.0,79,1.2658227848101267
68,318,2005,2.0,63,3.1746031746031744
68,318,2006,3.0,64,4.6875
68,318,2007,3.0,68,4.411764705882353
68,318,2008,3.0,50,6.0
68,318,2009,1.0,36,2.7777777777777777
68,318,2010,4.0,37,10.81081081081081
68,318,2011,0.0,33,0.0
68,318,2012,3.0,16,18.75
68,318,2013,0.0,22,0.0
68,318,2014,0.0,23,0.0
68,318,2015,0.0,11,0.0
68,318,2016,0.0,4,0.0
68,318,2017,0.0,11,0.0
68,318,2018,1.0,9,11.11111111111111
68,318,2019,0.0,6,0.0
68,318,2020,0.0,14,0.0
68,318,2021,0.0,6,0.0
68,318,2022,0.0,6,0.0
68,318,2023,0.0,5,0.0
68,318,2024,0.0,3,0.0
68,320,1998,2.0,57,3.508771929824561
68,320,1999,2.0,49,4.081632653061225
68,320,2000,3.0,61,4.918032786885246
68,320,2001,1.0,58,1.7241379310344827
68,320,2002,1.0,41,2.4390243902439024
68,320,2003,0.0,42,0.0
68,320,2004,2.0,32,6.25
68,320,2005,3.0,41,7.317073170731707
68,320,2006,1.0,30,3.3333333333333335
68,320,2007,0.0,35,0.0
68,320,2008,0.0,21,0.0
68,320,2009,1.0,20,5.0
68,320,2010,0.0,8,0.0
68,320,2011,0.0,9,0.0
68,320,2012,0.0,3,0.0
68,320,2013,0.0,5,0.0
68,320,2014,0.0,11,0.0
68,320,2015,0.0,4,0.0
68,320,2016,0.0,9,0.0
68,320,2017,0.0,3,0.0
68,320,2019,0.0,2,0.0
68,320,2020,0.0,1,0.0
68,320,2021,0.0,5,0.0
68,320,2022,1.0,8,12.5
68,320,2023,0.0,3,0.0
68,320,2024,0.0,2,0.0
68,322,1998,0.0,1,0.0
68,322,1999,0.0,16,0.0
68,322,2000,0.0,14,0.0
68,322,2001,0.0,14,0.0
68,322,2002,1.0,9,11.11111111111111
68,322,2003,0.0,20,0.0
68,322,2004,4.0,16,25.0
68,322,2005,0.0,16,0.0
68,322,2006,0.0,12,0.0
68,322,2007,0.0,7,0.0
68,322,2008,0.0,5,0.0
68,322,2009,0.0,4,0.0
68,322,2021,0.0,2,0.0
68,322,2022,0.0,2,0.0
68,322,2023,0.0,2,0.0
68,324,1998,0.0,3,0.0
68,324,1999,0.0,3,0.0
68,324,2000,0.0,14,0.0
68,324,2001,2.0,30,6.666666666666667
68,324,2002,1.0,23,4.3478260869565215
68,324,2003,1.0,13,7.6923076923076925
68,324,2004,0.0,21,0.0
68,324,2005,1.0,14,7.142857142857142
68,324,2006,0.0,13,0.0
68,324,2007,0.0,13,0.0
68,324,2008,0.0,7,0.0
68,324,2009,2.0,14,14.285714285714285
68,324,2010,2.0,11,18.181818181818183
68,324,2011,0.0,6,0.0
68,324,2013,0.0,1,0.0
68,324,2015,0.0,4,0.0
68,324,2020,0.0,5,0.0
68,324,2021,0.0,1,0.0
68,324,2022,0.0,1,0.0
68,324,2024,0.0,1,0.0
68,327,1999,0.0,34,0.0
68,327,2000,1.0,46,2.1739130434782608
68,327,2001,1.0,43,2.3255813953488373
68,327,2002,2.0,30,6.666666666666667
68,327,2003,4.0,36,11.11111111111111
68,327,2004,0.0,45,0.0
68,327,2005,1.0,36,2.7777777777777777
68,327,2006,2.0,27,7.4074074074074066
68,327,2007,1.0,31,3.225806451612903
68,327,2008,0.0,24,0.0
68,327,2009,0.0,22,0.0
68,327,2010,0.0,40,0.0
68,327,2011,0.0,13,0.0
68,327,2012,0.0,17,0.0
68,327,2013,0.0,18,0.0
68,327,2014,0.0,9,0.0
68,327,2015,0.0,2,0.0
68,327,2016,0.0,7,0.0
68,327,2017,0.0,8,0.0
68,327,2018,0.0,2,0.0
68,327,2019,1.0,5,20.0
68,327,2020,0.0,4,0.0
68,327,2021,0.0,2,0.0
68,327,2022,0.0,3,0.0
68,327,2023,0.0,2,0.0
68,344,1998,0.0,5,0.0
68,344,1999,0.0,5,0.0
68,344,2000,1.0,14,7.142857142857142
68,344,2001,1.0,12,8.333333333333332
68,344,2002,0.0,8,0.0
68,344,2003,0.0,4,0.0
68,344,2004,0.0,1,0.0
68,344,2005,0.0,3,0.0
68,344,2006,0.0,6,0.0
68,344,2007,0.0,2,0.0
68,344,2008,0.0,1,0.0
68,344,2014,0.0,1,0.0
68,344,2020,0.0,1,0.0
68,368,1998,0.0,5,0.0
68,368,1999,1.0,24,4.166666666666666
68,368,2000,2.0,26,7.6923076923076925
68,368,2001,1.0,14,7.142857142857142
68,368,2002,0.0,8,0.0
68,368,2003,1.0,11,9.090909090909092
68,368,2004,0.0,4,0.0
68,368,2005,1.0,4,25.0
68,368,2006,1.0,16,6.25
68,368,2007,0.0,7,0.0
68,368,2008,1.0,4,25.0
68,368,2010,0.0,6,0.0
68,368,2011,0.0,4,0.0
68,368,2012,1.0,9,11.11111111111111
68,368,2013,0.0,6,0.0
68,368,2015,0.0,3,0.0
68,368,2017,0.0,1,0.0
68,368,2021,0.0,1,0.0
68,370,2000,0.0,1,0.0
68,370,2002,0.0,1,0.0
68,377,1998,0.0,22,0.0
68,377,1999,0.0,42,0.0
68,377,2000,2.0,43,4.651162790697675
68,377,2001,1.0,56,1.7857142857142856
68,377,2002,0.0,56,0.0
68,377,2003,2.0,65,3.076923076923077
68,377,2004,1.0,25,4.0
68,377,2006,0.0,7,0.0
68,377,2007,0.0,45,0.0
68,377,2008,2.0,66,3.0303030303030303
68,377,2009,2.0,54,3.7037037037037033
68,377,2010,1.0,39,2.564102564102564
68,377,2011,1.0,22,4.545454545454546
68,377,2012,2.0,34,5.88235294117647
68,377,2013,2.0,40,5.0
68,377,2014,1.0,19,5.263157894736842
68,377,2015,0.0,28,0.0
68,377,2016,3.0,28,10.714285714285714
68,377,2017,0.0,15,0.0
68,377,2018,2.0,10,20.0
68,377,2019,0.0,7,0.0
68,377,2020,1.0,20,5.0
68,377,2021,0.0,15,0.0
68,377,2022,0.0,15,0.0
68,377,2023,1.0,6,16.666666666666664
68,377,2024,0.0,5,0.0
68,385,1998,4.0,81,4.938271604938271
68,385,1999,4.0,95,4.2105263157894735
68,385,2000,4.0,143,2.797202797202797
68,385,2001,7.0,149,4.697986577181208
68,385,2002,8.0,113,7.079646017699115
68,385,2003,3.0,113,2.6548672566371683
68,385,2004,6.0,150,4.0
68,385,2005,6.0,157,3.821656050955414
68,385,2006,3.0,138,2.1739130434782608
68,385,2007,6.0,107,5.607476635514018
68,385,2008,1.0,99,1.0101010101010102
68,385,2009,1.0,95,1.0526315789473684
68,385,2010,1.0,64,1.5625
68,385,2011,2.0,72,2.7777777777777777
68,385,2012,0.0,35,0.0
68,385,2013,2.0,61,3.278688524590164
68,385,2014,2.0,32,6.25
68,385,2015,2.0,39,5.128205128205128
68,385,2016,1.0,24,4.166666666666666
68,385,2017,0.0,19,0.0
68,385,2018,0.0,37,0.0
68,385,2019,0.0,13,0.0
68,385,2020,1.0,17,5.88235294117647
68,385,2021,3.0,24,12.5
68,385,2022,0.0,10,0.0
68,385,2023,0.0,9,0.0
68,385,2024,0.0,11,0.0
68,397,1998,2.0,76,2.631578947368421
68,397,1999,1.0,44,2.272727272727273
68,397,2000,3.0,43,6.976744186046512
68,397,2001,2.0,63,3.1746031746031744
68,397,2002,2.0,56,3.571428571428571
68,397,2003,2.0,66,3.0303030303030303
68,397,2004,2.0,52,3.8461538461538463
68,397,2005,0.0,55,0.0
68,397,2006,2.0,29,6.896551724137931
68,397,2007,0.0,38,0.0
68,397,2008,0.0,19,0.0
68,397,2009,0.0,19,0.0
68,397,2010,0.0,17,0.0
68,397,2011,0.0,11,0.0
68,397,2012,0.0,6,0.0
68,397,2013,0.0,4,0.0
68,397,2014,0.0,7,0.0
68,397,2015,1.0,9,11.11111111111111
68,397,2016,0.0,3,0.0
68,397,2017,0.0,1,0.0
68,397,2018,0.0,5,0.0
68,397,2019,0.0,4,0.0
68,397,2020,0.0,3,0.0
68,397,2021,0.0,2,0.0
68,397,2022,0.0,1,0.0
68,397,2024,0.0,1,0.0
68,406,1998,9.0,215,4.186046511627907
68,406,1999,2.0,167,1.1976047904191618
68,406,2000,5.0,190,2.631578947368421
68,406,2001,3.0,201,1.4925373134328357
68,406,2002,5.0,157,3.1847133757961785
68,406,2003,10.0,182,5.4945054945054945
68,406,2004,4.0,243,1.646090534979424
68,406,2005,3.0,178,1.6853932584269662
68,406,2006,6.0,203,2.955665024630542
68,406,2007,6.0,160,3.75
68,406,2008,7.0,142,4.929577464788732
68,406,2009,2.0,153,1.3071895424836601
68,406,2010,5.0,147,3.4013605442176873
68,406,2011,1.0,119,0.8403361344537815
68,406,2012,2.0,112,1.7857142857142856
68,406,2013,2.0,110,1.8181818181818181
68,406,2014,0.0,80,0.0
68,406,2015,2.0,73,2.73972602739726
68,406,2016,2.0,50,4.0
68,406,2017,3.0,57,5.263157894736842
68,406,2018,0.0,65,0.0
68,406,2019,4.0,84,4.761904761904762
68,406,2020,5.0,86,5.813953488372093
68,406,2021,3.0,58,5.172413793103448
68,406,2022,3.0,53,5.660377358490567
68,406,2023,3.0,38,7.894736842105263
68,406,2024,1.0,25,4.0
68,418,1998,2.0,79,2.5316455696202533
68,418,1999,3.0,103,2.912621359223301
68,418,2000,1.0,95,1.0526315789473684
68,418,2001,0.0,118,0.0
68,418,2002,2.0,108,1.8518518518518516
68,418,2003,0.0,59,0.0
68,418,2004,5.0,98,5.1020408163265305
68,418,2005,3.0,84,3.571428571428571
68,418,2006,3.0,77,3.896103896103896
68,418,2007,1.0,65,1.5384615384615385
68,418,2008,3.0,72,4.166666666666666
68,418,2009,2.0,63,3.1746031746031744
68,418,2010,1.0,47,2.127659574468085
68,418,2011,1.0,36,2.7777777777777777
68,418,2012,0.0,21,0.0
68,418,2013,0.0,17,0.0
68,418,2014,0.0,19,0.0
68,418,2015,0.0,11,0.0
68,418,2016,0.0,12,0.0
68,418,2017,0.0,9,0.0
68,418,2018,0.0,4,0.0
68,418,2019,1.0,12,8.333333333333332
68,418,2020,1.0,21,4.761904761904762
68,418,2021,0.0,9,0.0
68,418,2022,1.0,13,7.6923076923076925
68,418,2023,3.0,10,30.0
68,418,2024,0.0,2,0.0
68,425,1998,0.0,26,0.0
68,425,1999,0.0,27,0.0
68,425,2000,3.0,40,7.5
68,425,2001,1.0,32,3.125
68,425,2002,1.0,22,4.545454545454546
68,425,2003,0.0,13,0.0
68,425,2004,0.0,42,0.0
68,425,2005,1.0,28,3.571428571428571
68,425,2006,0.0,26,0.0
68,425,2007,2.0,17,11.76470588235294
68,425,2008,0.0,6,0.0
68,425,2011,0.0,2,0.0
68,425,2012,0.0,16,0.0
68,425,2013,1.0,9,11.11111111111111
68,425,2014,2.0,10,20.0
68,425,2015,0.0,3,0.0
68,425,2016,1.0,10,10.0
68,425,2017,1.0,6,16.666666666666664
68,425,2018,1.0,6,16.666666666666664
68,425,2019,0.0,2,0.0
68,425,2020,0.0,4,0.0
68,425,2021,0.0,3,0.0
68,425,2022,0.0,7,0.0
68,425,2023,1.0,1,100.0
68,425,2024,0.0,1,0.0
68,432,1998,50.0,787,6.353240152477764
68,432,1999,79.0,789,10.012674271229404
68,432,2000,99.0,798,12.406015037593985
68,432,2001,78.0,745,10.46979865771812
68,432,2002,75.0,605,12.396694214876034
68,432,2003,69.0,562,12.277580071174377
68,432,2004,57.0,522,10.919540229885058
68,432,2005,47.0,595,7.899159663865546
68,432,2006,47.0,591,7.952622673434856
68,432,2007,62.0,608,10.197368421052632
68,432,2008,81.0,653,12.404287901990811
68,432,2009,69.0,545,12.660550458715598
68,432,2010,71.0,600,11.833333333333334
68,432,2011,60.0,591,10.152284263959391
68,432,2012,53.0,555,9.54954954954955
68,432,2013,49.0,479,10.22964509394572
68,432,2014,54.0,556,9.712230215827338
68,432,2015,57.0,576,9.895833333333332
68,432,2016,57.0,599,9.515859766277128
68,432,2017,40.0,579,6.90846286701209
68,432,2018,76.0,640,11.875
68,432,2019,52.0,643,8.087091757387247
68,432,2020,55.0,642,8.566978193146417
68,432,2021,70.0,596,11.74496644295302
68,432,2022,64.0,554,11.552346570397113
68,432,2023,47.0,525,8.952380952380953
68,432,2024,51.0,465,10.967741935483872
68,444,1998,1.0,61,1.639344262295082
68,444,1999,1.0,43,2.3255813953488373
68,444,2000,0.0,30,0.0
68,444,2001,0.0,30,0.0
68,444,2002,1.0,14,7.142857142857142
68,444,2003,2.0,21,9.523809523809524
68,444,2004,0.0,32,0.0
68,444,2005,0.0,12,0.0
68,444,2006,0.0,19,0.0
68,444,2007,1.0,21,4.761904761904762
68,444,2008,0.0,18,0.0
68,444,2009,0.0,18,0.0
68,444,2010,0.0,16,0.0
68,444,2011,1.0,15,6.666666666666667
68,444,2012,1.0,14,7.142857142857142
68,444,2013,1.0,16,6.25
68,444,2014,0.0,12,0.0
68,444,2015,1.0,12,8.333333333333332
68,444,2016,0.0,5,0.0
68,444,2017,0.0,4,0.0
68,444,2018,0.0,8,0.0
68,444,2019,0.0,4,0.0
68,444,2020,1.0,5,20.0
68,444,2021,0.0,8,0.0
68,444,2022,0.0,3,0.0
68,444,2023,0.0,3,0.0
68,444,2024,0.0,1,0.0
68,464,1998,1.0,129,0.7751937984496124
68,464,1999,1.0,134,0.7462686567164178
68,464,2000,2.0,120,1.6666666666666667
68,464,2001,5.0,118,4.23728813559322
68,464,2002,2.0,140,1.4285714285714286
68,464,2003,1.0,120,0.8333333333333334
68,464,2004,8.0,118,6.779661016949152
68,464,2005,3.0,143,2.097902097902098
68,464,2006,5.0,125,4.0
68,464,2007,3.0,72,4.166666666666666
68,464,2008,3.0,108,2.7777777777777777
68,464,2009,0.0,60,0.0
68,464,2010,1.0,46,2.1739130434782608
68,464,2011,2.0,75,2.666666666666667
68,464,2012,1.0,60,1.6666666666666667
68,464,2013,1.0,47,2.127659574468085
68,464,2014,2.0,50,4.0
68,464,2015,0.0,40,0.0
68,464,2016,0.0,35,0.0
68,464,2017,0.0,29,0.0
68,464,2018,0.0,31,0.0
68,464,2019,0.0,21,0.0
68,464,2020,1.0,33,3.0303030303030303
68,464,2021,1.0,46,2.1739130434782608
68,464,2022,3.0,28,10.714285714285714
68,464,2023,0.0,25,0.0
68,464,2024,0.0,15,0.0
68,468,1998,3.0,56,5.357142857142857
68,468,1999,2.0,50,4.0
68,468,2000,3.0,82,3.6585365853658534
68,468,2001,1.0,73,1.36986301369863
68,468,2002,2.0,75,2.666666666666667
68,468,2003,6.0,52,11.538461538461538
68,468,2004,2.0,57,3.508771929824561
68,468,2005,0.0,40,0.0
68,468,2006,2.0,36,5.555555555555555
68,468,2007,1.0,38,2.631578947368421
68,468,2008,1.0,23,4.3478260869565215
68,468,2009,0.0,24,0.0
68,468,2010,0.0,24,0.0
68,468,2011,1.0,15,6.666666666666667
68,468,2012,0.0,16,0.0
68,468,2013,0.0,9,0.0
68,468,2014,0.0,7,0.0
68,468,2015,0.0,11,0.0
68,468,2016,3.0,12,25.0
68,468,2017,2.0,22,9.090909090909092
68,468,2018,0.0,12,0.0
68,468,2019,0.0,7,0.0
68,468,2020,0.0,9,0.0
68,468,2021,0.0,6,0.0
68,468,2022,0.0,9,0.0
68,468,2023,0.0,1,0.0
68,468,2024,0.0,3,0.0
68,498,1998,0.0,5,0.0
68,498,1999,0.0,1,0.0
68,498,2000,0.0,8,0.0
68,498,2001,1.0,31,3.225806451612903
68,498,2002,1.0,17,5.88235294117647
68,498,2003,0.0,49,0.0
68,498,2004,1.0,47,2.127659574468085
68,498,2005,1.0,38,2.631578947368421
68,498,2006,3.0,39,7.6923076923076925
68,498,2007,1.0,28,3.571428571428571
68,498,2008,0.0,22,0.0
68,498,2009,0.0,29,0.0
68,498,2010,1.0,18,5.555555555555555
68,498,2011,0.0,13,0.0
68,498,2012,1.0,15,6.666666666666667
68,498,2013,0.0,8,0.0
68,498,2014,0.0,10,0.0
68,498,2015,0.0,3,0.0
68,498,2016,0.0,1,0.0
68,498,2017,0.0,3,0.0
68,498,2018,0.0,7,0.0
68,498,2019,0.0,2,0.0
68,498,2020,0.0,7,0.0
68,498,2021,0.0,3,0.0
68,498,2022,0.0,1,0.0
68,498,2023,0.0,1,0.0
68,500,1998,5.0,100,5.0
68,500,1999,2.0,99,2.0202020202020203
68,500,2000,2.0,85,2.3529411764705883
68,500,2001,1.0,72,1.3888888888888888
68,500,2002,1.0,61,1.639344262295082
68,500,2003,3.0,61,4.918032786885246
68,500,2004,6.0,75,8.0
68,500,2005,1.0,53,1.8867924528301887
68,500,2006,2.0,46,4.3478260869565215
68,500,2007,2.0,47,4.25531914893617
68,500,2008,2.0,61,3.278688524590164
68,500,2009,1.0,31,3.225806451612903
68,500,2010,6.0,27,22.22222222222222
68,500,2011,1.0,10,10.0
68,500,2012,1.0,17,5.88235294117647
68,500,2013,0.0,17,0.0
68,500,2014,0.0,4,0.0
68,500,2015,0.0,10,0.0
68,500,2016,0.0,9,0.0
68,500,2017,0.0,6,0.0
68,500,2018,0.0,12,0.0
68,500,2019,0.0,12,0.0
68,500,2020,1.0,10,10.0
68,500,2021,0.0,9,0.0
68,500,2022,0.0,13,0.0
68,500,2023,0.0,13,0.0
68,500,2024,0.0,14,0.0
68,502,1998,6.0,54,11.11111111111111
68,502,1999,3.0,50,6.0
68,502,2000,0.0,69,0.0
68,502,2001,5.0,66,7.575757575757576
68,502,2002,1.0,53,1.8867924528301887
68,502,2003,4.0,33,12.121212121212121
68,502,2004,2.0,45,4.444444444444445
68,502,2005,0.0,52,0.0
68,502,2006,5.0,36,13.88888888888889
68,502,2007,1.0,16,6.25
68,502,2008,1.0,7,14.285714285714285
68,502,2009,0.0,22,0.0
68,502,2012,0.0,16,0.0
68,502,2013,0.0,16,0.0
68,502,2014,1.0,13,7.6923076923076925
68,502,2015,1.0,10,10.0
68,502,2016,0.0,5,0.0
68,502,2017,0.0,9,0.0
68,502,2018,0.0,10,0.0
68,502,2019,1.0,8,12.5
68,502,2020,1.0,11,9.090909090909092
68,502,2021,0.0,9,0.0
68,502,2022,0.0,5,0.0
68,502,2023,1.0,6,16.666666666666664
68,502,2024,0.0,2,0.0
68,51,1998,2.0,87,2.2988505747126435
68,51,1999,2.0,100,2.0
68,51,2000,5.0,103,4.854368932038835
68,51,2001,2.0,96,2.083333333333333
68,51,2002,1.0,75,1.3333333333333335
68,51,2003,1.0,74,1.3513513513513513
68,51,2004,1.0,84,1.1904761904761905
68,51,2005,0.0,58,0.0
68,51,2006,2.0,80,2.5
68,51,2007,2.0,79,2.5316455696202533
68,51,2012,0.0,23,0.0
68,51,2013,0.0,29,0.0
68,522,1999,1.0,1,100.0
68,522,2000,1.0,4,25.0
68,522,2004,0.0,1,0.0
68,522,2009,0.0,1,0.0
68,522,2011,0.0,1,0.0
68,522,2022,0.0,2,0.0
68,524,1998,0.0,1,0.0
68,524,2000,0.0,1,0.0
68,524,2002,0.0,1,0.0
68,524,2005,0.0,1,0.0
68,533,1998,1.0,3,33.33333333333333
68,533,1999,0.0,2,0.0
68,533,2000,0.0,1,0.0
68,533,2001,0.0,1,0.0
68,533,2002,0.0,3,0.0
68,533,2003,1.0,24,4.166666666666666
68,533,2004,1.0,28,3.571428571428571
68,533,2005,0.0,15,0.0
68,533,2006,0.0,16,0.0
68,533,2007,0.0,18,0.0
68,533,2008,2.0,13,15.384615384615385
68,533,2009,0.0,19,0.0
68,533,2010,0.0,23,0.0
68,533,2011,0.0,8,0.0
68,533,2012,0.0,7,0.0
68,533,2013,0.0,11,0.0
68,533,2014,0.0,15,0.0
68,533,2015,0.0,6,0.0
68,533,2016,2.0,5,40.0
68,533,2017,0.0,12,0.0
68,533,2018,0.0,2,0.0
68,533,2019,0.0,5,0.0
68,533,2020,0.0,6,0.0
68,533,2021,0.0,4,0.0
68,533,2022,1.0,6,16.666666666666664
68,533,2023,0.0,2,0.0
68,533,2024,0.0,4,0.0
68,547,1998,21.0,764,2.74869109947644
68,547,1999,15.0,693,2.1645021645021645
68,547,2000,20.0,706,2.8328611898017
68,547,2001,17.0,835,2.035928143712575
68,547,2002,26.0,699,3.719599427753934
68,547,2003,17.0,656,2.591463414634146
68,547,2004,13.0,657,1.97869101978691
68,547,2005,17.0,535,3.177570093457944
68,547,2006,12.0,460,2.608695652173913
68,547,2007,9.0,342,2.631578947368421
68,547,2008,11.0,383,2.8720626631853787
68,547,2009,12.0,413,2.9055690072639226
68,547,2010,10.0,460,2.1739130434782608
68,547,2011,6.0,459,1.3071895424836601
68,547,2012,8.0,394,2.030456852791878
68,547,2013,7.0,285,2.456140350877193
68,547,2014,6.0,263,2.2813688212927756
68,547,2015,9.0,268,3.3582089552238807
68,547,2016,4.0,179,2.2346368715083798
68,547,2017,5.0,268,1.8656716417910446
68,547,2018,5.0,297,1.6835016835016834
68,547,2019,6.0,264,2.272727272727273
68,547,2020,2.0,161,1.2422360248447204
68,547,2021,5.0,135,3.7037037037037033
68,547,2022,2.0,129,1.550387596899225
68,547,2023,2.0,56,3.571428571428571
68,547,2024,7.0,161,4.3478260869565215
68,549,1998,0.0,2,0.0
68,549,1999,0.0,1,0.0
68,549,2000,0.0,1,0.0
68,549,2002,0.0,1,0.0
68,549,2006,0.0,1,0.0
68,549,2007,0.0,1,0.0
68,549,2009,1.0,2,50.0
68,549,2010,0.0,1,0.0
68,549,2016,0.0,1,0.0
68,572,1998,14.0,324,4.320987654320987
68,572,1999,14.0,289,4.844290657439446
68,572,2000,12.0,280,4.285714285714286
68,572,2001,13.0,287,4.529616724738676
68,572,2002,10.0,217,4.6082949308755765
68,572,2003,8.0,197,4.060913705583756
68,572,2004,15.0,187,8.02139037433155
68,572,2005,11.0,193,5.699481865284974
68,572,2006,5.0,121,4.132231404958678
68,572,2007,6.0,113,5.3097345132743365
68,572,2008,3.0,66,4.545454545454546
68,572,2009,0.0,66,0.0
68,572,2010,1.0,67,1.4925373134328357
68,572,2011,1.0,61,1.639344262295082
68,572,2012,0.0,37,0.0
68,572,2013,0.0,38,0.0
68,572,2014,1.0,29,3.4482758620689653
68,572,2015,2.0,38,5.263157894736842
68,572,2016,2.0,20,10.0
68,572,2017,2.0,36,5.555555555555555
68,572,2018,0.0,22,0.0
68,572,2019,1.0,13,7.6923076923076925
68,572,2020,0.0,22,0.0
68,572,2021,2.0,22,9.090909090909092
68,572,2022,2.0,9,22.22222222222222
68,572,2023,1.0,8,12.5
68,572,2024,1.0,3,33.33333333333333
68,573,1998,1.0,37,2.7027027027027026
68,573,1999,0.0,43,0.0
68,573,2000,1.0,45,2.2222222222222223
68,573,2001,2.0,60,3.3333333333333335
68,573,2002,2.0,38,5.263157894736842
68,573,2003,1.0,49,2.0408163265306123
68,573,2004,0.0,52,0.0
68,573,2005,0.0,11,0.0
68,573,2010,1.0,28,3.571428571428571
68,573,2012,0.0,42,0.0
68,573,2013,1.0,27,3.7037037037037033
68,573,2014,0.0,45,0.0
68,573,2015,0.0,20,0.0
68,573,2016,0.0,26,0.0
68,573,2017,0.0,40,0.0
68,573,2018,1.0,28,3.571428571428571
68,573,2019,0.0,31,0.0
68,573,2020,2.0,50,4.0
68,573,2021,0.0,28,0.0
68,573,2022,1.0,20,5.0
68,573,2023,1.0,21,4.761904761904762
68,573,2024,1.0,11,9.090909090909092
68,575,1998,5.0,254,1.968503937007874
68,575,1999,10.0,255,3.9215686274509802
68,575,2000,4.0,216,1.8518518518518516
68,575,2001,7.0,224,3.125
68,575,2002,3.0,232,1.293103448275862
68,575,2003,19.0,224,8.482142857142858
68,575,2004,11.0,219,5.0228310502283104
68,575,2005,1.0,177,0.5649717514124294
68,575,2006,9.0,205,4.390243902439024
68,575,2007,7.0,198,3.535353535353535
68,575,2008,7.0,203,3.4482758620689653
68,575,2009,4.0,204,1.9607843137254901
68,575,2010,4.0,176,2.272727272727273
68,575,2011,4.0,174,2.2988505747126435
68,575,2012,2.0,155,1.2903225806451613
68,575,2013,3.0,185,1.6216216216216217
68,575,2014,5.0,127,3.937007874015748
68,575,2015,3.0,115,2.608695652173913
68,575,2016,3.0,75,4.0
68,575,2017,5.0,76,6.578947368421052
68,575,2018,4.0,102,3.9215686274509802
68,575,2019,2.0,80,2.5
68,575,2020,5.0,109,4.587155963302752
68,575,2021,4.0,100,4.0
68,575,2022,9.0,52,17.307692307692307
68,575,2023,2.0,35,5.714285714285714
68,575,2024,0.0,14,0.0
68,615,1998,6.0,138,4.3478260869565215
68,615,1999,1.0,121,0.8264462809917356
68,615,2000,4.0,159,2.515723270440252
68,615,2001,9.0,207,4.3478260869565215
68,615,2002,11.0,195,5.641025641025641
68,615,2003,4.0,208,1.9230769230769231
68,615,2004,2.0,69,2.898550724637681
68,615,2005,3.0,171,1.7543859649122806
68,615,2006,5.0,164,3.048780487804878
68,615,2007,1.0,128,0.78125
68,615,2008,2.0,113,1.7699115044247788
68,615,2009,2.0,98,2.0408163265306123
68,615,2010,1.0,46,2.1739130434782608
68,615,2012,2.0,54,3.7037037037037033
68,615,2013,0.0,48,0.0
68,615,2014,2.0,56,3.571428571428571
68,615,2015,2.0,38,5.263157894736842
68,615,2016,2.0,29,6.896551724137931
68,615,2017,0.0,24,0.0
68,615,2018,1.0,40,2.5
68,615,2019,0.0,43,0.0
68,615,2020,3.0,39,7.6923076923076925
68,615,2021,2.0,35,5.714285714285714
68,615,2022,0.0,17,0.0
68,615,2023,1.0,13,7.6923076923076925
68,615,2024,2.0,13,15.384615384615385
68,655,1998,12.0,171,7.017543859649122
68,655,1999,6.0,155,3.870967741935484
68,655,2000,5.0,179,2.793296089385475
68,655,2001,7.0,131,5.343511450381679
68,655,2002,5.0,107,4.672897196261682
68,655,2003,5.0,154,3.2467532467532463
68,655,2004,1.0,176,0.5681818181818182
68,655,2005,3.0,274,1.094890510948905
68,655,2006,7.0,251,2.788844621513944
68,655,2007,1.0,147,0.6802721088435374
68,655,2008,7.0,212,3.30188679245283
68,655,2009,5.0,284,1.7605633802816902
68,655,2010,7.0,208,3.3653846153846154
68,655,2011,6.0,197,3.0456852791878175
68,655,2012,10.0,200,5.0
68,655,2013,5.0,186,2.6881720430107525
68,655,2014,3.0,148,2.027027027027027
68,655,2015,2.0,93,2.1505376344086025
68,655,2016,5.0,108,4.62962962962963
68,655,2017,2.0,100,2.0
68,655,2018,3.0,103,2.912621359223301
68,655,2019,7.0,129,5.426356589147287
68,655,2020,4.0,143,2.797202797202797
68,655,2021,4.0,132,3.0303030303030303
68,655,2022,2.0,101,1.9801980198019802
68,655,2023,5.0,70,7.142857142857142
68,655,2024,4.0,33,12.121212121212121
68,669,1998,5.0,136,3.6764705882352944
68,669,1999,7.0,122,5.737704918032787
68,669,2000,5.0,132,3.787878787878788
68,669,2001,2.0,97,2.0618556701030926
68,669,2002,3.0,96,3.125
68,669,2003,4.0,113,3.5398230088495577
68,669,2004,2.0,119,1.680672268907563
68,669,2005,2.0,76,2.631578947368421
68,669,2006,5.0,73,6.8493150684931505
68,669,2007,3.0,82,3.6585365853658534
68,669,2008,1.0,65,1.5384615384615385
68,669,2009,3.0,66,4.545454545454546
68,669,2010,4.0,52,7.6923076923076925
68,669,2011,1.0,44,2.272727272727273
68,669,2012,0.0,40,0.0
68,669,2013,0.0,35,0.0
68,669,2014,0.0,31,0.0
68,669,2015,0.0,20,0.0
68,669,2016,1.0,25,4.0
68,669,2017,0.0,27,0.0
68,669,2018,2.0,36,5.555555555555555
68,669,2019,0.0,23,0.0
68,669,2020,2.0,20,10.0
68,669,2021,0.0,13,0.0
68,669,2022,0.0,16,0.0
68,669,2023,0.0,8,0.0
68,669,2024,0.0,5,0.0
68,673,1998,0.0,6,0.0
68,673,1999,0.0,2,0.0
68,673,2000,0.0,2,0.0
68,673,2001,0.0,27,0.0
68,673,2002,1.0,34,2.941176470588235
68,673,2003,1.0,30,3.3333333333333335
68,673,2004,1.0,22,4.545454545454546
68,673,2005,0.0,15,0.0
68,673,2012,0.0,2,0.0
68,673,2013,0.0,1,0.0
68,673,2014,0.0,1,0.0
68,673,2015,0.0,6,0.0
68,673,2016,0.0,1,0.0
68,673,2017,0.0,1,0.0
68,673,2020,1.0,1,100.0
68,673,2022,1.0,1,100.0
68,673,2024,0.0,2,0.0
68,679,1998,132.0,1558,8.472400513478819
68,679,1999,98.0,1559,6.2860808210391275
68,679,2000,83.0,1548,5.361757105943153
68,679,2001,81.0,1565,5.175718849840256
68,679,2002,75.0,1510,4.966887417218543
68,679,2003,102.0,1552,6.572164948453609
68,679,2004,106.0,1557,6.8079640333975595
68,679,2005,60.0,1357,4.421518054532056
68,679,2006,51.0,1417,3.5991531404375445
68,679,2007,56.0,1482,3.7786774628879893
68,679,2008,69.0,1526,4.521625163826998
68,679,2009,58.0,1569,3.696622052262587
68,679,2010,49.0,1536,3.1901041666666665
68,679,2011,45.0,1520,2.9605263157894735
68,679,2012,31.0,1477,2.098849018280298
68,679,2013,41.0,1523,2.6920551543007223
68,679,2014,32.0,1458,2.194787379972565
68,679,2015,53.0,1521,3.4845496383957926
68,679,2016,40.0,1549,2.5823111684958038
68,679,2017,38.0,1562,2.4327784891165174
68,679,2018,48.0,1473,3.2586558044806515
68,679,2019,39.0,1372,2.8425655976676385
68,679,2020,28.0,1328,2.108433734939759
68,679,2021,33.0,1292,2.5541795665634677
68,679,2022,39.0,1215,3.2098765432098766
68,679,2023,40.0,1214,3.2948929159802307
68,679,2024,45.0,1043,4.314477468839885
68,682,1998,6.0,50,12.0
68,682,1999,5.0,57,8.771929824561402
68,682,2000,3.0,54,5.555555555555555
68,682,2001,2.0,52,3.8461538461538463
68,682,2002,2.0,39,5.128205128205128
68,682,2003,2.0,29,6.896551724137931
68,682,2004,1.0,26,3.8461538461538463
68,682,2005,6.0,43,13.953488372093023
68,682,2006,1.0,28,3.571428571428571
68,682,2007,2.0,19,10.526315789473683
68,682,2008,1.0,31,3.225806451612903
68,682,2009,1.0,17,5.88235294117647
68,682,2010,1.0,12,8.333333333333332
68,682,2011,0.0,20,0.0
68,682,2012,2.0,19,10.526315789473683
68,682,2013,0.0,7,0.0
68,682,2014,0.0,7,0.0
68,682,2015,0.0,7,0.0
68,682,2016,0.0,3,0.0
68,682,2017,2.0,7,28.57142857142857
68,682,2018,0.0,4,0.0
68,682,2019,1.0,11,9.090909090909092
68,682,2020,0.0,5,0.0
68,682,2021,0.0,4,0.0
68,682,2023,0.0,3,0.0
68,682,2024,0.0,1,0.0
68,684,1998,2.0,64,3.125
68,684,1999,1.0,47,2.127659574468085
68,684,2000,0.0,44,0.0
68,684,2001,0.0,67,0.0
68,684,2002,1.0,73,1.36986301369863
68,684,2003,4.0,85,4.705882352941177
68,684,2004,5.0,94,5.319148936170213
68,684,2005,3.0,62,4.838709677419355
68,684,2006,0.0,53,0.0
68,684,2007,0.0,52,0.0
68,684,2008,3.0,50,6.0
68,684,2009,1.0,40,2.5
68,684,2010,0.0,39,0.0
68,684,2011,0.0,21,0.0
68,684,2012,0.0,19,0.0
68,684,2013,0.0,18,0.0
68,684,2014,1.0,8,12.5
68,684,2015,0.0,4,0.0
68,684,2016,1.0,8,12.5
68,684,2017,0.0,6,0.0
68,684,2018,0.0,4,0.0
68,684,2019,0.0,4,0.0
68,684,2021,0.0,1,0.0
68,684,2022,0.0,3,0.0
68,684,2023,0.0,2,0.0
68,684,2024,0.0,1,0.0
68,686,1998,0.0,11,0.0
68,686,1999,4.0,17,23.52941176470588
68,686,2000,3.0,17,17.647058823529413
68,686,2001,2.0,29,6.896551724137931
68,686,2002,0.0,21,0.0
68,686,2003,0.0,13,0.0
68,686,2004,0.0,24,0.0
68,686,2005,1.0,22,4.545454545454546
68,686,2006,0.0,11,0.0
68,686,2007,0.0,16,0.0
68,686,2008,1.0,11,9.090909090909092
68,686,2009,0.0,7,0.0
68,686,2010,0.0,10,0.0
68,686,2011,0.0,6,0.0
68,686,2012,0.0,6,0.0
68,686,2013,0.0,10,0.0
68,686,2014,0.0,6,0.0
68,686,2015,1.0,8,12.5
68,686,2016,0.0,8,0.0
68,686,2017,0.0,6,0.0
68,686,2018,0.0,6,0.0
68,686,2019,0.0,9,0.0
68,686,2020,2.0,8,25.0
68,686,2021,0.0,9,0.0
68,686,2023,0.0,2,0.0
68,686,2024,0.0,1,0.0
68,689,1998,16.0,591,2.707275803722504
68,689,1999,16.0,683,2.342606149341142
68,689,2000,31.0,684,4.5321637426900585
68,689,2001,25.0,675,3.7037037037037033
68,689,2002,23.0,587,3.9182282793867125
68,689,2003,16.0,688,2.3255813953488373
68,689,2004,17.0,683,2.4890190336749636
68,689,2005,33.0,650,5.076923076923077
68,689,2006,24.0,553,4.3399638336347195
68,689,2007,11.0,393,2.7989821882951653
68,689,2008,7.0,383,1.8276762402088773
68,689,2009,3.0,284,1.056338028169014
68,689,2010,8.0,266,3.007518796992481
68,689,2011,10.0,267,3.7453183520599254
68,689,2012,7.0,248,2.82258064516129
68,689,2013,4.0,196,2.0408163265306123
68,689,2014,0.0,183,0.0
68,689,2015,1.0,120,0.8333333333333334
68,689,2016,2.0,71,2.8169014084507045
68,689,2017,2.0,84,2.380952380952381
68,689,2018,1.0,69,1.4492753623188406
68,689,2019,0.0,43,0.0
68,689,2020,1.0,65,1.5384615384615385
68,689,2021,1.0,52,1.9230769230769231
68,689,2022,3.0,40,7.5
68,689,2023,2.0,29,6.896551724137931
68,689,2024,2.0,17,11.76470588235294
68,705,1998,0.0,1,0.0
68,705,1999,0.0,3,0.0
68,705,2000,0.0,10,0.0
68,705,2001,0.0,2,0.0
68,705,2002,0.0,1,0.0
68,705,2003,0.0,8,0.0
68,705,2004,0.0,22,0.0
68,705,2005,0.0,13,0.0
68,705,2006,0.0,13,0.0
68,705,2007,0.0,8,0.0
68,705,2008,0.0,11,0.0
68,705,2009,1.0,11,9.090909090909092
68,705,2010,0.0,11,0.0
68,705,2011,0.0,9,0.0
68,705,2012,0.0,9,0.0
68,705,2013,0.0,2,0.0
68,705,2014,0.0,2,0.0
68,705,2015,0.0,1,0.0
68,705,2016,0.0,1,0.0
68,705,2017,0.0,7,0.0
68,705,2019,0.0,2,0.0
68,705,2020,0.0,1,0.0
68,720,1998,0.0,3,0.0
68,720,1999,0.0,1,0.0
68,720,2000,0.0,2,0.0
68,720,2001,0.0,2,0.0
68,720,2002,1.0,22,4.545454545454546
68,720,2003,5.0,38,13.157894736842104
68,720,2004,0.0,28,0.0
68,720,2005,1.0,49,2.0408163265306123
68,720,2006,1.0,24,4.166666666666666
68,720,2007,0.0,7,0.0
68,720,2009,1.0,9,11.11111111111111
68,720,2010,1.0,16,6.25
68,720,2011,0.0,13,0.0
68,720,2012,0.0,10,0.0
68,720,2013,0.0,7,0.0
68,720,2014,0.0,15,0.0
68,720,2015,0.0,3,0.0
68,720,2016,0.0,5,0.0
68,720,2017,0.0,4,0.0
68,720,2018,2.0,6,33.33333333333333
68,720,2019,2.0,4,50.0
68,720,2020,1.0,5,20.0
68,720,2021,2.0,11,18.181818181818183
68,720,2022,0.0,3,0.0
68,720,2023,0.0,1,0.0
68,745,1998,0.0,36,0.0
68,745,1999,2.0,66,3.0303030303030303
68,745,2000,0.0,60,0.0
68,745,2001,0.0,43,0.0
68,745,2002,0.0,43,0.0
68,745,2003,1.0,51,1.9607843137254901
68,745,2004,1.0,38,2.631578947368421
68,745,2005,3.0,45,6.666666666666667
68,745,2006,1.0,31,3.225806451612903
68,745,2007,2.0,31,6.451612903225806
68,745,2008,2.0,52,3.8461538461538463
68,745,2009,1.0,34,2.941176470588235
68,745,2010,0.0,25,0.0
68,745,2011,0.0,24,0.0
68,745,2012,0.0,27,0.0
68,745,2013,0.0,8,0.0
68,745,2014,1.0,14,7.142857142857142
68,745,2015,1.0,7,14.285714285714285
68,745,2016,2.0,9,22.22222222222222
68,745,2017,1.0,2,50.0
68,745,2018,0.0,5,0.0
68,745,2019,0.0,2,0.0
68,745,2020,0.0,5,0.0
68,745,2021,1.0,7,14.285714285714285
68,745,2022,0.0,2,0.0
68,745,2023,0.0,3,0.0
68,745,2024,1.0,2,50.0
68,755,1998,68.0,1068,6.367041198501873
68,755,1999,69.0,1117,6.177260519247986
68,755,2000,60.0,1006,5.964214711729622
68,755,2001,69.0,950,7.2631578947368425
68,755,2002,87.0,978,8.895705521472392
68,755,2003,79.0,1024,7.71484375
68,755,2004,75.0,885,8.47457627118644
68,755,2005,105.0,1150,9.130434782608695
68,755,2006,114.0,1090,10.458715596330276
68,755,2007,84.0,947,8.870116156282998
68,755,2008,64.0,934,6.852248394004283
68,755,2010,37.0,921,4.017372421281216
68,755,2011,48.0,912,5.263157894736842
68,755,2012,86.0,903,9.523809523809524
68,755,2013,144.0,1105,13.031674208144798
68,755,2014,170.0,1099,15.468607825295724
68,755,2015,164.0,1129,14.526129317980512
68,755,2016,151.0,1119,13.494191242180516
68,755,2017,135.0,1097,12.306289881494987
68,755,2018,144.0,1069,13.470533208606176
68,755,2019,135.0,1028,13.13229571984436
68,755,2020,105.0,929,11.302475780409042
68,755,2021,113.0,937,12.059765208110992
68,755,2022,100.0,884,11.312217194570136
68,755,2023,83.0,840,9.880952380952381
68,755,2024,89.0,717,12.412831241283124
68,77,1998,11.0,506,2.1739130434782608
68,77,1999,18.0,492,3.6585365853658534
68,77,2000,11.0,385,2.857142857142857
68,77,2001,12.0,388,3.0927835051546393
68,77,2002,11.0,403,2.729528535980149
68,77,2003,14.0,358,3.910614525139665
68,77,2004,6.0,278,2.158273381294964
68,77,2005,4.0,362,1.1049723756906076
68,77,2006,0.0,49,0.0
68,77,2007,0.0,1,0.0
68,77,2012,0.0,119,0.0
68,77,2013,1.0,73,1.36986301369863
68,770,1998,5.0,104,4.807692307692308
68,770,1999,4.0,107,3.7383177570093453
68,770,2000,4.0,109,3.669724770642202
68,770,2001,3.0,114,2.631578947368421
68,770,2002,5.0,135,3.7037037037037033
68,770,2003,2.0,101,1.9801980198019802
68,770,2004,3.0,144,2.083333333333333
68,770,2005,2.0,88,2.272727272727273
68,770,2006,2.0,92,2.1739130434782608
68,770,2007,2.0,91,2.197802197802198
68,770,2008,0.0,17,0.0
68,770,2011,1.0,1,100.0
68,770,2012,1.0,18,5.555555555555555
68,770,2013,0.0,8,0.0
68,770,2014,2.0,17,11.76470588235294
68,770,2015,0.0,7,0.0
68,770,2016,2.0,14,14.285714285714285
68,770,2017,2.0,8,25.0
68,770,2018,2.0,12,16.666666666666664
68,770,2019,2.0,12,16.666666666666664
68,770,2020,2.0,21,9.523809523809524
68,770,2021,1.0,14,7.142857142857142
68,770,2022,1.0,9,11.11111111111111
68,770,2023,1.0,2,50.0
68,770,2024,0.0,1,0.0
68,773,1998,0.0,8,0.0
68,773,1999,3.0,39,7.6923076923076925
68,773,2000,0.0,77,0.0
68,773,2001,1.0,72,1.3888888888888888
68,773,2002,2.0,80,2.5
68,773,2003,0.0,76,0.0
68,773,2004,3.0,92,3.260869565217391
68,773,2005,7.0,106,6.60377358490566
68,773,2006,2.0,78,2.564102564102564
68,773,2007,3.0,67,4.477611940298507
68,773,2008,0.0,51,0.0
68,773,2009,1.0,47,2.127659574468085
68,773,2010,1.0,27,3.7037037037037033
68,773,2011,1.0,17,5.88235294117647
68,773,2012,0.0,15,0.0
68,773,2013,0.0,5,0.0
68,773,2014,0.0,3,0.0
68,773,2015,1.0,6,16.666666666666664
68,773,2017,0.0,3,0.0
68,773,2018,0.0,6,0.0
68,773,2020,0.0,3,0.0
68,773,2021,1.0,4,25.0
68,773,2022,1.0,6,16.666666666666664
68,773,2023,0.0,2,0.0
68,780,1998,0.0,24,0.0
68,780,1999,2.0,34,5.88235294117647
68,780,2000,3.0,50,6.0
68,780,2001,0.0,34,0.0
68,780,2002,2.0,33,6.0606060606060606
68,780,2003,2.0,35,5.714285714285714
68,780,2004,0.0,25,0.0
68,780,2005,1.0,20,5.0
68,780,2006,1.0,23,4.3478260869565215
68,780,2007,1.0,30,3.3333333333333335
68,780,2008,0.0,25,0.0
68,780,2009,1.0,24,4.166666666666666
68,780,2010,1.0,29,3.4482758620689653
68,780,2011,2.0,16,12.5
68,780,2012,2.0,16,12.5
68,780,2013,0.0,16,0.0
68,780,2014,1.0,10,10.0
68,780,2015,1.0,13,7.6923076923076925
68,780,2016,2.0,8,25.0
68,780,2017,0.0,10,0.0
68,780,2018,3.0,11,27.27272727272727
68,780,2019,0.0,1,0.0
68,780,2020,0.0,3,0.0
68,780,2023,0.0,1,0.0
68,780,2024,1.0,2,50.0
68,79,1998,3.0,58,5.172413793103448
68,79,1999,1.0,63,1.5873015873015872
68,79,2000,2.0,45,4.444444444444445
68,79,2001,1.0,53,1.8867924528301887
68,79,2002,2.0,45,4.444444444444445
68,79,2003,1.0,45,2.2222222222222223
68,79,2004,2.0,48,4.166666666666666
68,79,2005,4.0,44,9.090909090909092
68,79,2006,1.0,57,1.7543859649122806
68,79,2007,0.0,37,0.0
68,79,2012,1.0,23,4.3478260869565215
68,79,2013,1.0,16,6.25
68,81,1998,132.0,3644,3.6223929747530184
68,81,1999,148.0,4098,3.611517813567594
68,81,2000,140.0,4132,3.3881897386253628
68,81,2001,123.0,3635,3.3837689133425033
68,81,2002,131.0,3836,3.4150156412930137
68,81,2003,160.0,4164,3.842459173871278
68,81,2004,132.0,4306,3.0654900139340455
68,81,2005,130.0,4306,3.0190431955411055
68,81,2006,174.0,4310,4.037122969837587
68,81,2007,235.0,4225,5.562130177514793
68,81,2012,263.0,5215,5.043144774688399
68,81,2013,267.0,5252,5.083777608530084
68,820,1998,4.0,10,40.0
68,820,1999,0.0,16,0.0
68,820,2000,0.0,15,0.0
68,820,2001,0.0,19,0.0
68,820,2002,1.0,21,4.761904761904762
68,820,2003,1.0,16,6.25
68,820,2004,0.0,6,0.0
68,820,2005,0.0,8,0.0
68,820,2006,1.0,8,12.5
68,820,2007,0.0,13,0.0
68,820,2008,2.0,13,15.384615384615385
68,820,2010,0.0,6,0.0
68,820,2011,0.0,1,0.0
68,820,2012,0.0,3,0.0
68,820,2013,0.0,7,0.0
68,820,2014,0.0,5,0.0
68,820,2015,0.0,3,0.0
68,820,2016,0.0,2,0.0
68,820,2017,0.0,2,0.0
68,820,2018,0.0,1,0.0
68,820,2019,0.0,3,0.0
68,820,2020,0.0,5,0.0
68,820,2021,2.0,7,28.57142857142857
68,820,2022,2.0,6,33.33333333333333
68,820,2023,1.0,1,100.0
68,820,2024,0.0,2,0.0
68,855,1998,0.0,28,0.0
68,855,1999,0.0,74,0.0
68,855,2000,1.0,94,1.0638297872340425
68,855,2001,2.0,65,3.076923076923077
68,855,2002,1.0,60,1.6666666666666667
68,855,2003,0.0,34,0.0
68,855,2004,3.0,36,8.333333333333332
68,855,2005,2.0,37,5.405405405405405
68,855,2006,1.0,26,3.8461538461538463
68,855,2007,2.0,30,6.666666666666667
68,855,2008,0.0,21,0.0
68,855,2009,1.0,24,4.166666666666666
68,855,2010,0.0,12,0.0
68,855,2011,0.0,11,0.0
68,855,2012,0.0,3,0.0
68,855,2013,0.0,9,0.0
68,855,2014,0.0,4,0.0
68,855,2015,1.0,5,20.0
68,855,2016,0.0,5,0.0
68,855,2017,0.0,2,0.0
68,855,2018,0.0,9,0.0
68,855,2019,0.0,6,0.0
68,855,2020,1.0,1,100.0
68,855,2021,0.0,2,0.0
68,855,2022,0.0,5,0.0
68,855,2024,0.0,6,0.0
68,861,1998,49.0,659,7.435508345978755
68,861,1999,49.0,748,6.550802139037433
68,861,2000,52.0,912,5.701754385964912
68,861,2001,62.0,738,8.401084010840108
68,861,2002,65.0,667,9.745127436281859
68,861,2003,48.0,717,6.694560669456067
68,861,2004,61.0,823,7.411907654921021
68,861,2005,50.0,703,7.112375533428166
68,861,2006,69.0,842,8.194774346793348
68,861,2007,54.0,857,6.301050175029172
68,861,2008,79.0,956,8.263598326359832
68,861,2009,63.0,840,7.5
68,861,2010,40.0,769,5.201560468140442
68,861,2011,46.0,797,5.771643663739021
68,861,2012,43.0,784,5.48469387755102
68,861,2013,44.0,772,5.699481865284974
68,861,2014,47.0,809,5.80964153275649
68,861,2015,31.0,783,3.959131545338442
68,861,2016,26.0,785,3.3121019108280256
68,861,2017,38.0,841,4.5184304399524375
68,861,2018,38.0,846,4.491725768321513
68,861,2019,48.0,765,6.2745098039215685
68,861,2020,48.0,837,5.734767025089606
68,861,2021,35.0,796,4.396984924623116
68,861,2022,42.0,666,6.306306306306306
68,861,2023,25.0,523,4.780114722753346
68,861,2024,20.0,410,4.878048780487805
68,867,1998,0.0,19,0.0
68,867,1999,2.0,15,13.333333333333334
68,867,2000,1.0,10,10.0
68,867,2001,0.0,14,0.0
68,867,2002,1.0,7,14.285714285714285
68,867,2003,1.0,5,20.0
68,867,2004,1.0,10,10.0
68,867,2005,0.0,8,0.0
68,867,2007,0.0,5,0.0
68,867,2008,0.0,2,0.0
68,867,2009,0.0,6,0.0
68,867,2010,1.0,3,33.33333333333333
68,867,2011,0.0,2,0.0
68,867,2012,0.0,1,0.0
68,867,2013,1.0,2,50.0
68,867,2014,0.0,1,0.0
68,872,1998,4.0,44,9.090909090909092
68,872,1999,0.0,69,0.0
68,872,2000,2.0,54,3.7037037037037033
68,872,2001,2.0,47,4.25531914893617
68,872,2002,3.0,34,8.823529411764707
68,872,2003,4.0,56,7.142857142857142
68,872,2004,2.0,43,4.651162790697675
68,872,2005,1.0,32,3.125
68,872,2006,1.0,43,2.3255813953488373
68,872,2007,0.0,45,0.0
68,872,2008,0.0,31,0.0
68,872,2009,0.0,32,0.0
68,872,2010,0.0,33,0.0
68,872,2011,0.0,14,0.0
68,872,2012,0.0,19,0.0
68,872,2013,0.0,17,0.0
68,872,2014,1.0,18,5.555555555555555
68,872,2015,0.0,7,0.0
68,872,2016,1.0,9,11.11111111111111
68,872,2017,2.0,17,11.76470588235294
68,872,2018,0.0,12,0.0
68,872,2019,0.0,16,0.0
68,872,2020,0.0,14,0.0
68,872,2021,0.0,13,0.0
68,872,2022,0.0,7,0.0
68,872,2023,0.0,6,0.0
68,872,2024,0.0,4,0.0
68,895,1998,3.0,171,1.7543859649122806
68,895,1999,4.0,163,2.4539877300613497
68,895,2000,3.0,120,2.5
68,895,2001,2.0,96,2.083333333333333
68,895,2002,1.0,99,1.0101010101010102
68,895,2003,2.0,82,2.4390243902439024
68,895,2004,5.0,86,5.813953488372093
68,895,2005,2.0,93,2.1505376344086025
68,895,2006,2.0,81,2.4691358024691357
68,895,2007,3.0,89,3.3707865168539324
68,895,2008,1.0,73,1.36986301369863
68,895,2009,2.0,48,4.166666666666666
68,895,2010,0.0,50,0.0
68,895,2011,0.0,43,0.0
68,895,2012,1.0,47,2.127659574468085
68,895,2013,0.0,36,0.0
68,895,2014,1.0,25,4.0
68,895,2015,0.0,31,0.0
68,895,2016,0.0,26,0.0
68,895,2017,2.0,32,6.25
68,895,2018,0.0,17,0.0
68,895,2019,1.0,19,5.263157894736842
68,895,2020,2.0,26,7.6923076923076925
68,895,2021,0.0,16,0.0
68,895,2022,1.0,19,5.263157894736842
68,895,2023,0.0,8,0.0
68,895,2024,0.0,7,0.0
68,92,1998,2.0,31,6.451612903225806
68,92,1999,0.0,23,0.0
68,92,2000,2.0,43,4.651162790697675
68,92,2001,5.0,25,20.0
68,92,2002,1.0,26,3.8461538461538463
68,92,2003,0.0,32,0.0
68,92,2004,2.0,25,8.0
68,92,2005,0.0,13,0.0
68,92,2006,0.0,13,0.0
68,92,2007,0.0,16,0.0
68,92,2012,0.0,10,0.0
68,92,2013,1.0,6,16.666666666666664
68,121,2000,0.0,5,0.0
68,121,2001,0.0,14,0.0
68,121,2002,0.0,9,0.0
68,121,2003,0.0,12,0.0
68,121,2004,0.0,10,0.0
68,121,2005,1.0,11,9.090909090909092
68,121,2006,0.0,9,0.0
68,121,2007,2.0,4,50.0
68,121,2008,0.0,9,0.0
68,121,2009,0.0,9,0.0
68,121,2010,0.0,5,0.0
68,121,2011,0.0,7,0.0
68,121,2016,0.0,1,0.0
68,001,2008,1666.0,15559,10.707629025001607
68,001,2009,1554.0,12801,12.13967658776658
68,001,2010,1468.0,12314,11.921390287477667
68,001,2011,1651.0,13089,12.61364504545802
68,001,2014,1290.0,13495,9.559095961467209
68,001,2015,1239.0,12609,9.826314537235307
68,001,2016,1304.0,13058,9.98621534691377
68,001,2017,1368.0,13957,9.801533280791002
68,001,2018,1358.0,13908,9.764164509634742
68,001,2019,1393.0,13691,10.17456723394931
68,001,2020,1325.0,12755,10.388083104664837
68,001,2021,1453.0,12467,11.654768589075157
68,001,2022,1128.0,11229,10.04541811381245
68,001,2023,1125.0,10251,10.974539069359086
68,001,2024,971.0,8981,10.811713617637233
68,013,2008,1.0,6,16.666666666666664
68,013,2009,2.0,16,12.5
68,013,2010,0.0,1,0.0
68,013,2011,2.0,6,33.33333333333333
68,013,2014,0.0,4,0.0
68,013,2015,0.0,2,0.0
68,013,2016,1.0,1,100.0
68,013,2017,1.0,3,33.33333333333333
68,013,2019,0.0,1,0.0
68,020,2008,1.0,16,6.25
68,020,2009,0.0,10,0.0
68,020,2010,0.0,12,0.0
68,020,2014,0.0,5,0.0
68,020,2015,0.0,6,0.0
68,020,2016,0.0,4,0.0
68,020,2018,0.0,4,0.0
68,020,2019,0.0,1,0.0
68,020,2020,0.0,8,0.0
68,020,2021,0.0,2,0.0
68,020,2022,1.0,1,100.0
68,020,2023,0.0,1,0.0
68,051,2008,4.0,58,6.896551724137931
68,051,2009,0.0,53,0.0
68,051,2010,1.0,50,2.0
68,051,2011,1.0,25,4.0
68,051,2014,0.0,24,0.0
68,051,2015,0.0,25,0.0
68,051,2016,1.0,28,3.571428571428571
68,051,2017,1.0,21,4.761904761904762
68,051,2018,0.0,32,0.0
68,051,2019,0.0,15,0.0
68,051,2020,2.0,33,6.0606060606060606
68,051,2021,0.0,16,0.0
68,051,2022,1.0,6,16.666666666666664
68,051,2023,0.0,11,0.0
68,051,2024,0.0,5,0.0
68,077,2008,5.0,135,3.7037037037037033
68,077,2009,3.0,81,3.7037037037037033
68,077,2010,4.0,150,2.666666666666667
68,077,2011,6.0,149,4.026845637583892
68,077,2014,2.0,66,3.0303030303030303
68,077,2015,1.0,53,1.8867924528301887
68,077,2016,1.0,35,2.857142857142857
68,077,2017,0.0,21,0.0
68,077,2018,2.0,16,12.5
68,077,2019,0.0,20,0.0
68,077,2020,1.0,26,3.8461538461538463
68,077,2021,0.0,9,0.0
68,077,2022,4.0,13,30.76923076923077
68,077,2023,2.0,4,50.0
68,077,2024,0.0,2,0.0
68,079,2008,0.0,15,0.0
68,079,2009,2.0,41,4.878048780487805
68,079,2010,0.0,33,0.0
68,079,2011,1.0,17,5.88235294117647
68,079,2014,0.0,18,0.0
68,079,2015,1.0,14,7.142857142857142
68,079,2016,0.0,8,0.0
68,079,2017,0.0,9,0.0
68,079,2018,1.0,12,8.333333333333332
68,079,2019,0.0,11,0.0
68,079,2020,1.0,10,10.0
68,079,2021,1.0,6,16.666666666666664
68,079,2022,0.0,8,0.0
68,079,2023,0.0,3,0.0
68,079,2024,0.0,5,0.0
68,081,2008,346.0,4872,7.101806239737273
68,081,2009,334.0,5548,6.020187454938716
68,081,2010,271.0,5157,5.2549932131083965
68,081,2011,315.0,5791,5.4394750474874805
68,081,2014,245.0,5439,4.504504504504505
68,081,2015,221.0,5252,4.207920792079208
68,081,2016,248.0,4892,5.069501226492233
68,081,2017,197.0,4714,4.179041154009334
68,081,2018,207.0,4409,4.694942163755954
68,081,2019,199.0,4300,4.627906976744186
68,081,2020,246.0,4292,5.731593662628145
68,081,2021,363.0,4764,7.619647355163728
68,081,2022,387.0,4748,8.150800336983993
68,081,2023,310.0,3884,7.981462409886715
68,081,2024,234.0,2996,7.810413885180241
68,092,2008,2.0,17,11.76470588235294
68,092,2009,1.0,19,5.263157894736842
68,092,2010,1.0,15,6.666666666666667
68,092,2011,0.0,17,0.0
68,092,2014,0.0,5,0.0
68,092,2016,0.0,2,0.0
68,092,2017,0.0,2,0.0
68,092,2018,1.0,2,50.0
68,092,2019,0.0,4,0.0
68,092,2020,0.0,8,0.0
68,092,2021,0.0,5,0.0
68,092,2022,0.0,4,0.0
68,092,2023,0.0,2,0.0
68,092,2024,0.0,1,0.0
70,1,1998,371.0,5436,6.8248712288447395
70,1,1999,440.0,6504,6.765067650676507
70,1,2000,481.0,6767,7.108024235259347
70,1,2001,519.0,6661,7.791622879447531
70,1,2002,558.0,7040,7.926136363636363
70,1,2003,528.0,6228,8.477842003853564
70,1,2004,460.0,5880,7.8231292517006805
70,1,2005,607.0,7794,7.7880420836540925
70,1,2006,712.0,8337,8.540242293390907
70,1,2007,753.0,8730,8.625429553264604
70,1,2012,971.0,9866,9.841881208189744
70,1,2013,1000.0,9873,10.128633647320976
70,110,1998,7.0,97,7.216494845360824
70,110,1999,6.0,82,7.317073170731707
70,110,2000,6.0,78,7.6923076923076925
70,110,2001,6.0,110,5.454545454545454
70,110,2002,3.0,111,2.7027027027027026
70,110,2003,3.0,114,2.631578947368421
70,110,2004,6.0,116,5.172413793103448
70,110,2005,5.0,114,4.385964912280701
70,110,2006,5.0,88,5.681818181818182
70,110,2007,6.0,64,9.375
70,110,2008,2.0,50,4.0
70,110,2009,0.0,41,0.0
70,110,2010,0.0,46,0.0
70,110,2011,0.0,40,0.0
70,110,2012,0.0,49,0.0
70,110,2013,1.0,17,5.88235294117647
70,110,2014,2.0,24,8.333333333333332
70,110,2015,0.0,13,0.0
70,110,2016,1.0,13,7.6923076923076925
70,110,2017,1.0,3,33.33333333333333
70,110,2018,1.0,6,16.666666666666664
70,110,2019,0.0,4,0.0
70,110,2020,0.0,18,0.0
70,110,2021,1.0,18,5.555555555555555
70,110,2022,0.0,8,0.0
70,110,2024,0.0,1,0.0
70,124,1998,5.0,35,14.285714285714285
70,124,1999,8.0,63,12.698412698412698
70,124,2000,3.0,95,3.1578947368421053
70,124,2001,2.0,67,2.9850746268656714
70,124,2002,2.0,39,5.128205128205128
70,124,2003,2.0,61,3.278688524590164
70,124,2004,2.0,60,3.3333333333333335
70,124,2005,3.0,83,3.614457831325301
70,124,2006,4.0,79,5.063291139240507
70,124,2007,0.0,42,0.0
70,124,2008,3.0,75,4.0
70,124,2009,3.0,71,4.225352112676056
70,124,2010,0.0,66,0.0
70,124,2011,1.0,47,2.127659574468085
70,124,2012,1.0,60,1.6666666666666667
70,124,2013,4.0,36,11.11111111111111
70,124,2014,3.0,24,12.5
70,124,2015,0.0,19,0.0
70,124,2016,2.0,16,12.5
70,124,2017,0.0,29,0.0
70,124,2018,0.0,22,0.0
70,124,2019,1.0,10,10.0
70,124,2020,2.0,31,6.451612903225806
70,124,2021,1.0,19,5.263157894736842
70,124,2022,1.0,16,6.25
70,124,2023,1.0,9,11.11111111111111
70,124,2024,0.0,1,0.0
70,204,1998,1.0,15,6.666666666666667
70,204,1999,1.0,19,5.263157894736842
70,204,2000,0.0,18,0.0
70,204,2001,1.0,19,5.263157894736842
70,204,2002,1.0,22,4.545454545454546
70,204,2003,0.0,20,0.0
70,204,2004,1.0,40,2.5
70,204,2005,2.0,38,5.263157894736842
70,204,2006,0.0,56,0.0
70,204,2007,1.0,37,2.7027027027027026
70,204,2008,1.0,48,2.083333333333333
70,204,2009,1.0,36,2.7777777777777777
70,204,2010,0.0,21,0.0
70,204,2011,1.0,14,7.142857142857142
70,204,2012,0.0,8,0.0
70,204,2013,1.0,10,10.0
70,204,2014,0.0,4,0.0
70,204,2015,0.0,3,0.0
70,204,2016,0.0,3,0.0
70,204,2017,0.0,4,0.0
70,204,2018,1.0,6,16.666666666666664
70,204,2019,1.0,1,100.0
70,204,2021,0.0,1,0.0
70,204,2022,0.0,1,0.0
70,204,2024,0.0,1,0.0
70,215,1998,140.0,1475,9.491525423728813
70,215,1999,155.0,1858,8.342303552206674
70,215,2000,209.0,1706,12.250879249706918
70,215,2001,223.0,1793,12.437255995538205
70,215,2002,200.0,1525,13.114754098360656
70,215,2003,264.0,1965,13.435114503816795
70,215,2004,274.0,1915,14.308093994778067
70,215,2005,279.0,2017,13.832424392662372
70,215,2006,205.0,2005,10.224438902743142
70,215,2007,164.0,1917,8.555033907146584
70,215,2008,193.0,1982,9.737638748738647
70,215,2009,199.0,2027,9.817464232856437
70,215,2010,182.0,2176,8.363970588235293
70,215,2011,128.0,2023,6.327236777063766
70,215,2012,196.0,2199,8.913142337426102
70,215,2013,178.0,2258,7.883082373782107
70,215,2014,184.0,2224,8.273381294964029
70,215,2015,197.0,2037,9.671084928816889
70,215,2016,238.0,2049,11.61542215714983
70,215,2017,198.0,1992,9.939759036144578
70,215,2018,172.0,1747,9.845449341728678
70,215,2019,141.0,1452,9.710743801652892
70,215,2020,128.0,1339,9.559372666168784
70,215,2021,160.0,1415,11.307420494699647
70,215,2022,67.0,762,8.792650918635172
70,215,2023,84.0,575,14.608695652173914
70,215,2024,58.0,387,14.987080103359174
70,230,1998,2.0,13,15.384615384615385
70,230,1999,1.0,15,6.666666666666667
70,230,2000,1.0,26,3.8461538461538463
70,230,2001,4.0,36,11.11111111111111
70,230,2002,0.0,30,0.0
70,230,2003,4.0,45,8.88888888888889
70,230,2004,3.0,38,7.894736842105263
70,230,2005,3.0,43,6.976744186046512
70,230,2006,3.0,35,8.571428571428571
70,230,2007,0.0,2,0.0
70,230,2008,0.0,40,0.0
70,230,2009,1.0,17,5.88235294117647
70,230,2010,3.0,25,12.0
70,230,2011,2.0,14,14.285714285714285
70,230,2012,0.0,15,0.0
70,230,2013,0.0,4,0.0
70,230,2014,0.0,4,0.0
70,230,2015,0.0,2,0.0
70,230,2016,0.0,5,0.0
70,230,2017,0.0,2,0.0
70,230,2018,0.0,5,0.0
70,230,2019,0.0,4,0.0
70,230,2020,1.0,3,33.33333333333333
70,230,2022,0.0,1,0.0
70,230,2023,0.0,1,0.0
70,233,2000,0.0,6,0.0
70,233,2001,5.0,52,9.615384615384617
70,233,2002,10.0,75,13.333333333333334
70,233,2003,7.0,84,8.333333333333332
70,233,2004,4.0,78,5.128205128205128
70,233,2005,1.0,73,1.36986301369863
70,233,2006,5.0,44,11.363636363636363
70,233,2007,2.0,59,3.389830508474576
70,233,2008,0.0,64,0.0
70,233,2009,4.0,50,8.0
70,233,2010,1.0,40,2.5
70,233,2011,0.0,25,0.0
70,233,2012,1.0,12,8.333333333333332
70,233,2013,0.0,7,0.0
70,233,2014,1.0,12,8.333333333333332
70,233,2015,0.0,10,0.0
70,233,2016,1.0,2,50.0
70,233,2017,0.0,4,0.0
70,233,2018,0.0,3,0.0
70,233,2019,0.0,2,0.0
70,233,2020,0.0,1,0.0
70,233,2021,0.0,1,0.0
70,233,2022,0.0,2,0.0
70,233,2023,0.0,2,0.0
70,235,1998,7.0,115,6.086956521739131
70,235,1999,20.0,202,9.900990099009901
70,235,2000,12.0,208,5.769230769230769
70,235,2001,14.0,204,6.862745098039216
70,235,2002,4.0,178,2.247191011235955
70,235,2003,8.0,205,3.902439024390244
70,235,2004,15.0,213,7.042253521126761
70,235,2005,9.0,228,3.9473684210526314
70,235,2006,7.0,176,3.977272727272727
70,235,2007,10.0,165,6.0606060606060606
70,235,2008,10.0,181,5.524861878453039
70,235,2009,9.0,157,5.7324840764331215
70,235,2010,8.0,85,9.411764705882353
70,235,2011,5.0,75,6.666666666666667
70,235,2012,0.0,58,0.0
70,235,2013,0.0,48,0.0
70,235,2014,0.0,16,0.0
70,235,2015,0.0,20,0.0
70,235,2016,1.0,29,3.4482758620689653
70,235,2017,0.0,27,0.0
70,235,2018,3.0,51,5.88235294117647
70,235,2019,0.0,36,0.0
70,235,2020,0.0,20,0.0
70,235,2021,0.0,23,0.0
70,235,2022,1.0,10,10.0
70,235,2023,0.0,6,0.0
70,235,2024,2.0,15,13.333333333333334
70,265,1998,9.0,107,8.411214953271028
70,265,1999,13.0,121,10.743801652892563
70,265,2000,3.0,181,1.6574585635359116
70,265,2001,14.0,135,10.37037037037037
70,265,2002,8.0,139,5.755395683453238
70,265,2003,5.0,161,3.1055900621118013
70,265,2004,12.0,185,6.486486486486487
70,265,2005,11.0,188,5.851063829787234
70,265,2006,13.0,207,6.280193236714976
70,265,2007,4.0,185,2.1621621621621623
70,265,2008,10.0,212,4.716981132075472
70,265,2009,9.0,210,4.285714285714286
70,265,2010,2.0,140,1.4285714285714286
70,265,2011,4.0,109,3.669724770642202
70,265,2012,13.0,121,10.743801652892563
70,265,2013,6.0,99,6.0606060606060606
70,265,2014,11.0,90,12.222222222222221
70,265,2015,3.0,87,3.4482758620689653
70,265,2016,6.0,238,2.5210084033613445
70,265,2017,20.0,856,2.336448598130841
70,265,2018,27.0,919,2.9379760609358
70,265,2019,30.0,844,3.5545023696682465
70,265,2020,49.0,1032,4.748062015503876
70,265,2021,48.0,1209,3.970223325062035
70,265,2022,40.0,1068,3.7453183520599254
70,265,2023,27.0,913,2.9572836801752467
70,265,2024,27.0,743,3.6339165545087484
70,400,1998,4.0,64,6.25
70,400,1999,1.0,61,1.639344262295082
70,400,2000,5.0,102,4.901960784313726
70,400,2001,9.0,108,8.333333333333332
70,400,2002,3.0,82,3.6585365853658534
70,400,2003,4.0,101,3.9603960396039604
70,400,2004,7.0,99,7.07070707070707
70,400,2005,10.0,127,7.874015748031496
70,400,2006,0.0,30,0.0
70,400,2007,5.0,97,5.154639175257731
70,400,2008,2.0,79,2.5316455696202533
70,400,2009,4.0,61,6.557377049180328
70,400,2010,2.0,43,4.651162790697675
70,400,2011,2.0,27,7.4074074074074066
70,400,2012,4.0,43,9.30232558139535
70,400,2013,2.0,39,5.128205128205128
70,400,2014,0.0,25,0.0
70,400,2015,2.0,21,9.523809523809524
70,400,2016,0.0,23,0.0
70,400,2017,1.0,11,9.090909090909092
70,400,2018,0.0,7,0.0
70,400,2019,1.0,6,16.666666666666664
70,400,2020,1.0,11,9.090909090909092
70,400,2021,1.0,9,11.11111111111111
70,400,2022,1.0,5,20.0
70,400,2023,0.0,4,0.0
70,400,2024,2.0,4,50.0
70,418,1998,3.0,82,3.6585365853658534
70,418,1999,0.0,6,0.0
70,418,2000,1.0,1,100.0
70,418,2001,5.0,115,4.3478260869565215
70,418,2002,5.0,184,2.717391304347826
70,418,2003,4.0,185,2.1621621621621623
70,418,2004,4.0,155,2.5806451612903225
70,418,2005,6.0,169,3.5502958579881656
70,418,2006,2.0,76,2.631578947368421
70,418,2007,6.0,128,4.6875
70,418,2008,3.0,85,3.5294117647058822
70,418,2009,2.0,51,3.9215686274509802
70,418,2010,2.0,34,5.88235294117647
70,418,2011,1.0,49,2.0408163265306123
70,418,2012,1.0,52,1.9230769230769231
70,418,2013,1.0,36,2.7777777777777777
70,418,2014,1.0,12,8.333333333333332
70,418,2015,1.0,17,5.88235294117647
70,418,2016,0.0,1,0.0
70,418,2017,0.0,1,0.0
70,418,2018,1.0,3,33.33333333333333
70,418,2019,0.0,3,0.0
70,418,2020,2.0,6,33.33333333333333
70,418,2021,0.0,11,0.0
70,418,2022,0.0,11,0.0
70,418,2023,0.0,6,0.0
70,418,2024,0.0,2,0.0
70,429,1998,4.0,62,6.451612903225806
70,429,1999,10.0,130,7.6923076923076925
70,429,2000,9.0,186,4.838709677419355
70,429,2001,4.0,209,1.9138755980861244
70,429,2002,6.0,147,4.081632653061225
70,429,2003,5.0,142,3.5211267605633805
70,429,2004,12.0,189,6.349206349206349
70,429,2005,17.0,234,7.264957264957266
70,429,2006,10.0,252,3.968253968253968
70,429,2007,3.0,260,1.153846153846154
70,429,2008,3.0,253,1.185770750988142
70,429,2009,4.0,232,1.7241379310344827
70,429,2010,4.0,247,1.6194331983805668
70,429,2011,6.0,229,2.6200873362445414
70,429,2012,4.0,236,1.694915254237288
70,429,2013,4.0,130,3.076923076923077
70,429,2014,1.0,150,0.6666666666666667
70,429,2015,2.0,94,2.127659574468085
70,429,2016,3.0,104,2.8846153846153846
70,429,2017,5.0,114,4.385964912280701
70,429,2018,0.0,107,0.0
70,429,2019,5.0,138,3.6231884057971016
70,429,2020,2.0,115,1.7391304347826086
70,429,2021,3.0,77,3.896103896103896
70,429,2022,1.0,67,1.4925373134328357
70,429,2023,0.0,33,0.0
70,429,2024,0.0,17,0.0
70,473,1998,1.0,55,1.8181818181818181
70,473,1999,11.0,112,9.821428571428571
70,473,2000,4.0,144,2.7777777777777777
70,473,2001,5.0,160,3.125
70,473,2002,4.0,166,2.4096385542168677
70,473,2003,3.0,122,2.459016393442623
70,473,2004,2.0,111,1.8018018018018018
70,473,2005,1.0,118,0.847457627118644
70,473,2006,2.0,112,1.7857142857142856
70,473,2007,1.0,71,1.4084507042253522
70,473,2008,3.0,65,4.615384615384616
70,473,2009,1.0,51,1.9607843137254901
70,473,2010,1.0,25,4.0
70,473,2011,3.0,46,6.521739130434782
70,473,2012,1.0,42,2.380952380952381
70,473,2013,0.0,23,0.0
70,473,2014,0.0,17,0.0
70,473,2015,0.0,12,0.0
70,473,2016,0.0,1,0.0
70,473,2017,0.0,7,0.0
70,473,2018,0.0,9,0.0
70,473,2019,0.0,2,0.0
70,473,2022,1.0,2,50.0
70,508,1998,28.0,218,12.844036697247708
70,508,1999,17.0,216,7.87037037037037
70,508,2000,8.0,263,3.041825095057034
70,508,2001,4.0,224,1.7857142857142856
70,508,2002,11.0,202,5.445544554455446
70,508,2003,2.0,210,0.9523809523809524
70,508,2004,5.0,220,2.272727272727273
70,508,2005,5.0,193,2.5906735751295336
70,508,2006,10.0,176,5.681818181818182
70,508,2007,2.0,152,1.3157894736842104
70,508,2008,4.0,145,2.7586206896551726
70,508,2009,5.0,132,3.787878787878788
70,508,2010,0.0,79,0.0
70,508,2011,2.0,64,3.125
70,508,2012,0.0,65,0.0
70,508,2013,0.0,55,0.0
70,508,2014,0.0,16,0.0
70,508,2015,0.0,3,0.0
70,508,2016,0.0,9,0.0
70,508,2017,0.0,15,0.0
70,508,2018,0.0,12,0.0
70,508,2019,1.0,16,6.25
70,508,2020,1.0,13,7.6923076923076925
70,508,2021,1.0,28,3.571428571428571
70,508,2022,0.0,12,0.0
70,508,2023,1.0,8,12.5
70,508,2024,0.0,7,0.0
70,523,1998,1.0,45,2.2222222222222223
70,523,1999,5.0,72,6.944444444444445
70,523,2000,3.0,155,1.935483870967742
70,523,2001,2.0,121,1.6528925619834711
70,523,2002,2.0,95,2.1052631578947367
70,523,2003,6.0,125,4.8
70,523,2004,7.0,137,5.109489051094891
70,523,2005,1.0,66,1.5151515151515151
70,523,2006,0.0,23,0.0
70,523,2007,1.0,103,0.9708737864077669
70,523,2008,4.0,73,5.47945205479452
70,523,2009,1.0,68,1.4705882352941175
70,523,2010,1.0,74,1.3513513513513513
70,523,2011,0.0,64,0.0
70,523,2012,2.0,55,3.6363636363636362
70,523,2013,0.0,24,0.0
70,523,2014,0.0,21,0.0
70,523,2015,0.0,25,0.0
70,523,2016,0.0,8,0.0
70,523,2017,0.0,4,0.0
70,523,2018,0.0,21,0.0
70,523,2019,0.0,17,0.0
70,523,2020,0.0,12,0.0
70,523,2021,1.0,12,8.333333333333332
70,523,2022,1.0,20,5.0
70,523,2023,0.0,10,0.0
70,523,2024,0.0,3,0.0
70,670,1998,25.0,322,7.763975155279502
70,670,1999,25.0,411,6.082725060827251
70,670,2000,27.0,367,7.3569482288828345
70,670,2001,32.0,410,7.804878048780488
70,670,2002,22.0,385,5.714285714285714
70,670,2003,30.0,409,7.334963325183375
70,670,2004,26.0,419,6.205250596658711
70,670,2005,16.0,458,3.4934497816593884
70,670,2006,26.0,398,6.532663316582915
70,670,2007,15.0,290,5.172413793103448
70,670,2008,16.0,368,4.3478260869565215
70,670,2009,23.0,440,5.227272727272727
70,670,2010,8.0,290,2.7586206896551726
70,670,2011,8.0,273,2.93040293040293
70,670,2012,3.0,223,1.345291479820628
70,670,2013,2.0,111,1.8018018018018018
70,670,2014,1.0,75,1.3333333333333335
70,670,2015,0.0,98,0.0
70,670,2016,2.0,59,3.389830508474576
70,670,2017,2.0,57,3.508771929824561
70,670,2018,0.0,58,0.0
70,670,2019,4.0,49,8.16326530612245
70,670,2020,2.0,42,4.761904761904762
70,670,2021,1.0,26,3.8461538461538463
70,670,2022,2.0,26,7.6923076923076925
70,670,2023,0.0,13,0.0
70,670,2024,0.0,9,0.0
70,678,1998,3.0,43,6.976744186046512
70,678,1999,0.0,13,0.0
70,678,2000,10.0,156,6.41025641025641
70,678,2001,5.0,161,3.1055900621118013
70,678,2002,5.0,133,3.7593984962406015
70,678,2003,5.0,153,3.2679738562091507
70,678,2004,5.0,101,4.9504950495049505
70,678,2005,6.0,90,6.666666666666667
70,678,2006,2.0,5,40.0
70,678,2007,4.0,99,4.040404040404041
70,678,2008,7.0,113,6.1946902654867255
70,678,2009,7.0,101,6.9306930693069315
70,678,2010,6.0,132,4.545454545454546
70,678,2011,8.0,94,8.51063829787234
70,678,2012,7.0,101,6.9306930693069315
70,678,2013,7.0,101,6.9306930693069315
70,678,2014,1.0,45,2.2222222222222223
70,678,2015,2.0,28,7.142857142857142
70,678,2016,0.0,7,0.0
70,678,2017,1.0,17,5.88235294117647
70,678,2018,2.0,15,13.333333333333334
70,678,2019,2.0,15,13.333333333333334
70,678,2020,0.0,23,0.0
70,678,2021,2.0,26,7.6923076923076925
70,678,2022,2.0,30,6.666666666666667
70,678,2023,2.0,13,15.384615384615385
70,678,2024,0.0,7,0.0
70,702,1998,3.0,52,5.769230769230769
70,702,1999,2.0,33,6.0606060606060606
70,702,2000,4.0,75,5.333333333333334
70,702,2001,12.0,93,12.903225806451612
70,702,2002,10.0,94,10.638297872340425
70,702,2003,10.0,54,18.51851851851852
70,702,2004,2.0,33,6.0606060606060606
70,702,2005,4.0,89,4.49438202247191
70,702,2006,3.0,88,3.4090909090909087
70,702,2007,1.0,33,3.0303030303030303
70,702,2008,0.0,46,0.0
70,702,2009,0.0,42,0.0
70,702,2010,0.0,29,0.0
70,702,2011,0.0,34,0.0
70,702,2012,2.0,23,8.695652173913043
70,702,2013,0.0,18,0.0
70,702,2014,0.0,20,0.0
70,702,2015,0.0,17,0.0
70,702,2016,0.0,8,0.0
70,702,2017,0.0,12,0.0
70,702,2018,0.0,5,0.0
70,702,2019,0.0,4,0.0
70,702,2020,0.0,1,0.0
70,702,2021,0.0,1,0.0
70,702,2022,0.0,4,0.0
70,702,2023,0.0,1,0.0
70,702,2024,0.0,1,0.0
70,708,1998,42.0,524,8.015267175572518
70,708,1999,63.0,682,9.237536656891496
70,708,2000,55.0,701,7.845934379457916
70,708,2001,69.0,1032,6.686046511627906
70,708,2002,92.0,1066,8.630393996247655
70,708,2003,92.0,1230,7.479674796747967
70,708,2004,90.0,1326,6.787330316742081
70,708,2005,94.0,1443,6.5142065142065135
70,708,2006,90.0,1489,6.044325050369376
70,708,2007,117.0,1586,7.377049180327869
70,708,2008,80.0,1569,5.098789037603569
70,708,2009,63.0,1614,3.903345724907063
70,708,2010,56.0,1128,4.964539007092199
70,708,2011,66.0,1339,4.929051530993279
70,708,2012,68.0,1316,5.167173252279635
70,708,2013,38.0,1153,3.295750216825672
70,708,2014,43.0,1299,3.3102386451116246
70,708,2015,31.0,1185,2.6160337552742616
70,708,2016,18.0,910,1.9780219780219779
70,708,2017,45.0,1099,4.094631483166515
70,708,2018,45.0,1137,3.95778364116095
70,708,2019,36.0,1096,3.2846715328467155
70,708,2020,42.0,1135,3.700440528634361
70,708,2021,55.0,1228,4.478827361563518
70,708,2022,46.0,1060,4.339622641509433
70,708,2023,38.0,800,4.75
70,708,2024,25.0,640,3.90625
70,713,1998,24.0,560,4.285714285714286
70,713,1999,44.0,638,6.896551724137931
70,713,2000,32.0,622,5.144694533762058
70,713,2001,37.0,661,5.597579425113464
70,713,2002,31.0,608,5.098684210526316
70,713,2003,43.0,648,6.635802469135803
70,713,2004,27.0,669,4.0358744394618835
70,713,2005,33.0,596,5.5369127516778525
70,713,2006,17.0,416,4.086538461538462
70,713,2007,12.0,264,4.545454545454546
70,713,2008,22.0,465,4.731182795698925
70,713,2009,16.0,419,3.8186157517899764
70,713,2010,17.0,307,5.537459283387622
70,713,2011,26.0,378,6.878306878306878
70,713,2012,17.0,332,5.120481927710843
70,713,2013,15.0,205,7.317073170731707
70,713,2014,7.0,142,4.929577464788732
70,713,2015,4.0,115,3.4782608695652173
70,713,2016,5.0,177,2.824858757062147
70,713,2017,14.0,187,7.4866310160427805
70,713,2018,16.0,171,9.35672514619883
70,713,2019,7.0,112,6.25
70,713,2020,8.0,114,7.017543859649122
70,713,2021,8.0,91,8.791208791208792
70,713,2022,5.0,76,6.578947368421052
70,713,2023,6.0,43,13.953488372093023
70,713,2024,7.0,35,20.0
70,717,1998,2.0,150,1.3333333333333335
70,717,1999,7.0,231,3.0303030303030303
70,717,2000,12.0,252,4.761904761904762
70,717,2001,10.0,224,4.464285714285714
70,717,2002,6.0,164,3.6585365853658534
70,717,2003,2.0,28,7.142857142857142
70,717,2004,0.0,2,0.0
70,717,2005,3.0,196,1.530612244897959
70,717,2006,2.0,167,1.1976047904191618
70,717,2007,0.0,97,0.0
70,717,2008,3.0,96,3.125
70,717,2009,3.0,100,3.0
70,717,2010,6.0,78,7.6923076923076925
70,717,2011,6.0,102,5.88235294117647
70,717,2012,3.0,102,2.941176470588235
70,717,2013,1.0,69,1.4492753623188406
70,717,2014,0.0,47,0.0
70,717,2015,3.0,57,5.263157894736842
70,717,2016,0.0,24,0.0
70,717,2017,1.0,43,2.3255813953488373
70,717,2018,0.0,17,0.0
70,717,2019,3.0,20,15.0
70,717,2020,2.0,40,5.0
70,717,2021,3.0,27,11.11111111111111
70,717,2022,0.0,24,0.0
70,717,2023,0.0,6,0.0
70,717,2024,0.0,7,0.0
70,742,1998,18.0,274,6.569343065693431
70,742,1999,30.0,349,8.595988538681947
70,742,2000,19.0,301,6.312292358803987
70,742,2001,13.0,304,4.276315789473684
70,742,2002,13.0,284,4.577464788732395
70,742,2003,13.0,303,4.29042904290429
70,742,2004,24.0,309,7.766990291262135
70,742,2005,10.0,316,3.1645569620253164
70,742,2006,6.0,220,2.727272727272727
70,742,2007,7.0,216,3.2407407407407405
70,742,2008,5.0,262,1.9083969465648856
70,742,2009,3.0,131,2.2900763358778624
70,742,2010,3.0,124,2.4193548387096775
70,742,2011,3.0,78,3.8461538461538463
70,742,2012,1.0,77,1.2987012987012987
70,742,2013,1.0,47,2.127659574468085
70,742,2014,0.0,35,0.0
70,742,2015,1.0,13,7.6923076923076925
70,742,2016,3.0,29,10.344827586206897
70,742,2017,1.0,61,1.639344262295082
70,742,2018,0.0,30,0.0
70,742,2019,1.0,13,7.6923076923076925
70,742,2020,0.0,9,0.0
70,742,2021,2.0,12,16.666666666666664
70,742,2022,2.0,4,50.0
70,742,2023,0.0,3,0.0
70,742,2024,0.0,1,0.0
70,771,1998,18.0,256,7.03125
70,771,1999,19.0,401,4.738154613466334
70,771,2000,6.0,171,3.508771929824561
70,771,2001,8.0,196,4.081632653061225
70,771,2002,0.0,32,0.0
70,771,2003,1.0,141,0.7092198581560284
70,771,2004,2.0,211,0.9478672985781991
70,771,2005,3.0,235,1.276595744680851
70,771,2006,7.0,175,4.0
70,771,2007,11.0,212,5.188679245283019
70,771,2008,4.0,182,2.197802197802198
70,771,2009,3.0,182,1.6483516483516485
70,771,2010,1.0,40,2.5
70,771,2011,2.0,68,2.941176470588235
70,771,2012,0.0,61,0.0
70,771,2013,1.0,44,2.272727272727273
70,771,2014,5.0,54,9.25925925925926
70,771,2015,0.0,38,0.0
70,771,2016,1.0,38,2.631578947368421
70,771,2017,0.0,35,0.0
70,771,2018,3.0,46,6.521739130434782
70,771,2019,1.0,25,4.0
70,771,2020,0.0,22,0.0
70,771,2021,1.0,21,4.761904761904762
70,771,2022,1.0,18,5.555555555555555
70,771,2023,1.0,3,33.33333333333333
70,771,2024,1.0,10,10.0
70,820,1998,2.0,181,1.1049723756906076
70,820,1999,5.0,322,1.5527950310559007
70,820,2000,13.0,405,3.2098765432098766
70,820,2001,13.0,351,3.7037037037037033
70,820,2002,5.0,251,1.9920318725099602
70,820,2003,8.0,338,2.366863905325444
70,820,2004,7.0,251,2.788844621513944
70,820,2005,9.0,240,3.75
70,820,2006,14.0,183,7.650273224043716
70,820,2007,8.0,147,5.442176870748299
70,820,2008,10.0,189,5.291005291005291
70,820,2009,6.0,168,3.571428571428571
70,820,2010,2.0,142,1.4084507042253522
70,820,2011,4.0,168,2.380952380952381
70,820,2012,5.0,124,4.032258064516129
70,820,2013,7.0,128,5.46875
70,820,2014,6.0,184,3.260869565217391
70,820,2015,4.0,152,2.631578947368421
70,820,2016,5.0,198,2.525252525252525
70,820,2017,5.0,206,2.4271844660194173
70,820,2018,4.0,153,2.6143790849673203
70,820,2019,4.0,119,3.361344537815126
70,820,2020,4.0,136,2.941176470588235
70,820,2021,2.0,101,1.9801980198019802
70,820,2022,4.0,70,5.714285714285714
70,820,2023,1.0,49,2.0408163265306123
70,820,2024,1.0,60,1.6666666666666667
70,823,1998,2.0,11,18.181818181818183
70,823,1999,2.0,40,5.0
70,823,2000,1.0,32,3.125
70,823,2001,2.0,15,13.333333333333334
70,823,2002,2.0,113,1.7699115044247788
70,823,2003,4.0,146,2.73972602739726
70,823,2004,5.0,113,4.424778761061947
70,823,2005,5.0,132,3.787878787878788
70,823,2006,1.0,78,1.282051282051282
70,823,2007,3.0,76,3.9473684210526314
70,823,2008,0.0,84,0.0
70,823,2009,4.0,85,4.705882352941177
70,823,2010,1.0,70,1.4285714285714286
70,823,2011,5.0,46,10.869565217391305
70,823,2012,1.0,50,2.0
70,823,2013,1.0,25,4.0
70,823,2014,0.0,17,0.0
70,823,2015,1.0,9,11.11111111111111
70,823,2016,0.0,1,0.0
70,823,2017,0.0,6,0.0
70,823,2018,0.0,2,0.0
70,823,2019,2.0,5,40.0
70,823,2020,2.0,12,16.666666666666664
70,823,2021,0.0,8,0.0
70,823,2022,0.0,3,0.0
70,823,2023,0.0,2,0.0
70,823,2024,0.0,2,0.0
70,221,2003,3.0,3,100.0
70,221,2004,7.0,105,6.666666666666667
70,221,2005,8.0,117,6.837606837606838
70,221,2006,1.0,99,1.0101010101010102
70,221,2007,3.0,88,3.4090909090909087
70,221,2008,4.0,64,6.25
70,221,2009,3.0,61,4.918032786885246
70,221,2010,2.0,63,3.1746031746031744
70,221,2011,1.0,65,1.5384615384615385
70,221,2012,2.0,72,2.7777777777777777
70,221,2013,1.0,39,2.564102564102564
70,221,2014,0.0,23,0.0
70,221,2015,0.0,26,0.0
70,221,2016,2.0,32,6.25
70,221,2017,2.0,38,5.263157894736842
70,221,2018,0.0,35,0.0
70,221,2019,0.0,17,0.0
70,221,2020,0.0,22,0.0
70,221,2021,0.0,12,0.0
70,221,2022,1.0,5,20.0
70,221,2023,1.0,14,7.142857142857142
70,221,2024,0.0,4,0.0
70,001,2008,778.0,9356,8.315519452757588
70,001,2009,954.0,9291,10.26800129157249
70,001,2010,795.0,8845,8.988128886376485
70,001,2011,922.0,9919,9.295291864099203
70,001,2014,1147.0,10893,10.529697971174148
70,001,2015,1163.0,11219,10.366342811302255
70,001,2016,1098.0,11320,9.699646643109542
70,001,2017,1195.0,11662,10.246955925227235
70,001,2018,1247.0,11904,10.475470430107526
70,001,2019,1255.0,11977,10.478416965851215
70,001,2020,1227.0,11389,10.773553428747036
70,001,2021,1455.0,12236,11.891140895717554
70,001,2022,1453.0,11954,12.154927221013887
70,001,2023,1352.0,10984,12.308812818645302
70,001,2024,1019.0,8810,11.566401816118049
73,1,1998,723.0,10848,6.664823008849558
73,1,1999,796.0,11750,6.774468085106383
73,1,2000,631.0,10516,6.00038037276531
73,1,2001,653.0,10377,6.29276284089814
73,1,2002,724.0,9928,7.292506043513296
73,1,2003,701.0,10042,6.980681139215296
73,1,2004,754.0,9838,7.664159381988209
73,1,2005,764.0,9710,7.868177136972193
73,1,2006,739.0,9565,7.726084683742812
73,1,2007,781.0,9848,7.930544272948822
73,1,2012,947.0,10406,9.10051893138574
73,1,2013,824.0,9694,8.500103156591706
73,124,1998,18.0,376,4.787234042553192
73,124,1999,11.0,380,2.8947368421052633
73,124,2000,17.0,416,4.086538461538462
73,124,2001,14.0,381,3.674540682414698
73,124,2002,20.0,358,5.58659217877095
73,124,2003,10.0,313,3.1948881789137378
73,124,2004,12.0,284,4.225352112676056
73,124,2005,16.0,288,5.555555555555555
73,124,2006,14.0,310,4.516129032258064
73,124,2007,9.0,271,3.3210332103321036
73,124,2008,9.0,228,3.9473684210526314
73,124,2009,7.0,155,4.516129032258064
73,124,2010,4.0,156,2.564102564102564
73,124,2011,8.0,183,4.371584699453552
73,124,2012,5.0,136,3.6764705882352944
73,124,2013,4.0,155,2.5806451612903225
73,124,2014,5.0,134,3.731343283582089
73,124,2015,4.0,123,3.2520325203252036
73,124,2016,4.0,138,2.898550724637681
73,124,2017,7.0,102,6.862745098039216
73,124,2018,4.0,85,4.705882352941177
73,124,2019,3.0,96,3.125
73,124,2020,6.0,114,5.263157894736842
73,124,2021,2.0,78,2.564102564102564
73,124,2022,2.0,66,3.0303030303030303
73,124,2023,1.0,46,2.1739130434782608
73,124,2024,4.0,34,11.76470588235294
73,148,1998,2.0,77,2.5974025974025974
73,148,1999,3.0,95,3.1578947368421053
73,148,2000,1.0,86,1.1627906976744187
73,148,2001,3.0,80,3.75
73,148,2002,2.0,84,2.380952380952381
73,148,2003,2.0,69,2.898550724637681
73,148,2004,1.0,55,1.8181818181818181
73,148,2005,2.0,64,3.125
73,148,2006,3.0,73,4.10958904109589
73,148,2007,1.0,64,1.5625
73,148,2008,2.0,40,5.0
73,148,2009,0.0,27,0.0
73,148,2010,1.0,26,3.8461538461538463
73,148,2011,2.0,26,7.6923076923076925
73,148,2012,0.0,25,0.0
73,148,2013,0.0,19,0.0
73,148,2014,1.0,30,3.3333333333333335
73,148,2015,0.0,23,0.0
73,148,2016,0.0,12,0.0
73,148,2017,2.0,12,16.666666666666664
73,148,2018,0.0,3,0.0
73,148,2019,1.0,7,14.285714285714285
73,148,2020,0.0,10,0.0
73,148,2021,1.0,7,14.285714285714285
73,148,2022,0.0,9,0.0
73,148,2023,0.0,4,0.0
73,148,2024,0.0,3,0.0
73,152,1998,5.0,87,5.747126436781609
73,152,1999,9.0,112,8.035714285714286
73,152,2000,10.0,132,7.575757575757576
73,152,2001,9.0,116,7.758620689655173
73,152,2002,7.0,122,5.737704918032787
73,152,2003,3.0,84,3.571428571428571
73,152,2004,4.0,73,5.47945205479452
73,152,2005,3.0,75,4.0
73,152,2006,2.0,77,2.5974025974025974
73,152,2007,4.0,59,6.779661016949152
73,152,2008,3.0,66,4.545454545454546
73,152,2009,3.0,46,6.521739130434782
73,152,2010,1.0,67,1.4925373134328357
73,152,2011,0.0,30,0.0
73,152,2012,1.0,42,2.380952380952381
73,152,2013,0.0,36,0.0
73,152,2014,2.0,18,11.11111111111111
73,152,2015,1.0,29,3.4482758620689653
73,152,2016,4.0,38,10.526315789473683
73,152,2017,1.0,24,4.166666666666666
73,152,2018,1.0,27,3.7037037037037033
73,152,2019,1.0,22,4.545454545454546
73,152,2020,0.0,18,0.0
73,152,2021,1.0,14,7.142857142857142
73,152,2022,0.0,16,0.0
73,152,2023,0.0,8,0.0
73,152,2024,0.0,9,0.0
73,168,1998,97.0,1243,7.803700724054706
73,168,1999,86.0,1261,6.819984139571768
73,168,2000,72.0,1340,5.3731343283582085
73,168,2001,63.0,1455,4.329896907216495
73,168,2002,57.0,1307,4.361132364192808
73,168,2003,55.0,1260,4.365079365079365
73,168,2004,55.0,1337,4.113687359760658
73,168,2005,45.0,1242,3.6231884057971016
73,168,2006,83.0,1402,5.920114122681883
73,168,2007,65.0,1332,4.87987987987988
73,168,2008,53.0,1301,4.073789392774789
73,168,2009,60.0,1450,4.137931034482759
73,168,2010,63.0,1375,4.581818181818182
73,168,2011,39.0,1352,2.8846153846153846
73,168,2012,53.0,1326,3.996983408748114
73,168,2013,35.0,1262,2.77337559429477
73,168,2014,42.0,1214,3.459637561779242
73,168,2015,53.0,1210,4.380165289256198
73,168,2016,49.0,1219,4.0196882690730105
73,168,2017,48.0,1234,3.889789303079417
73,168,2018,54.0,1137,4.749340369393139
73,168,2019,49.0,1115,4.394618834080718
73,168,2020,34.0,1107,3.071364046973803
73,168,2021,48.0,1166,4.1166380789022305
73,168,2022,39.0,962,4.054054054054054
73,168,2023,47.0,925,5.081081081081082
73,168,2024,21.0,808,2.599009900990099
73,200,1998,0.0,14,0.0
73,200,1999,0.0,19,0.0
73,200,2000,0.0,30,0.0
73,200,2001,1.0,49,2.0408163265306123
73,200,2002,2.0,39,5.128205128205128
73,200,2003,0.0,57,0.0
73,200,2004,4.0,47,8.51063829787234
73,200,2005,3.0,66,4.545454545454546
73,200,2006,2.0,50,4.0
73,200,2007,1.0,33,3.0303030303030303
73,200,2008,2.0,37,5.405405405405405
73,200,2009,1.0,36,2.7777777777777777
73,200,2010,1.0,32,3.125
73,200,2011,1.0,19,5.263157894736842
73,200,2012,0.0,13,0.0
73,200,2013,0.0,9,0.0
73,200,2014,0.0,8,0.0
73,200,2015,0.0,6,0.0
73,200,2016,0.0,6,0.0
73,200,2017,0.0,7,0.0
73,200,2018,0.0,8,0.0
73,200,2019,0.0,4,0.0
73,200,2020,0.0,4,0.0
73,200,2021,0.0,3,0.0
73,200,2023,0.0,1,0.0
73,200,2024,0.0,1,0.0
73,217,1998,4.0,181,2.209944751381215
73,217,1999,16.0,290,5.517241379310345
73,217,2000,9.0,260,3.4615384615384617
73,217,2001,5.0,263,1.9011406844106464
73,217,2002,9.0,257,3.501945525291829
73,217,2003,11.0,220,5.0
73,217,2004,12.0,246,4.878048780487805
73,217,2005,6.0,262,2.2900763358778624
73,217,2006,4.0,203,1.9704433497536946
73,217,2007,4.0,230,1.7391304347826086
73,217,2008,12.0,263,4.562737642585551
73,217,2009,8.0,220,3.6363636363636362
73,217,2010,9.0,209,4.30622009569378
73,217,2011,13.0,214,6.074766355140187
73,217,2012,10.0,210,4.761904761904762
73,217,2013,11.0,179,6.145251396648044
73,217,2014,5.0,146,3.4246575342465753
73,217,2015,2.0,121,1.6528925619834711
73,217,2016,10.0,151,6.622516556291391
73,217,2017,3.0,129,2.3255813953488373
73,217,2018,4.0,102,3.9215686274509802
73,217,2019,6.0,104,5.769230769230769
73,217,2020,3.0,129,2.3255813953488373
73,217,2021,6.0,108,5.555555555555555
73,217,2022,13.0,115,11.304347826086957
73,217,2023,5.0,81,6.172839506172839
73,217,2024,1.0,38,2.631578947368421
73,226,1998,10.0,86,11.627906976744185
73,226,1999,4.0,115,3.4782608695652173
73,226,2000,2.0,110,1.8181818181818181
73,226,2001,2.0,117,1.7094017094017095
73,226,2002,1.0,94,1.0638297872340425
73,226,2003,5.0,104,4.807692307692308
73,226,2004,2.0,96,2.083333333333333
73,226,2005,2.0,103,1.9417475728155338
73,226,2006,2.0,91,2.197802197802198
73,226,2007,5.0,79,6.329113924050633
73,226,2008,2.0,61,3.278688524590164
73,226,2009,2.0,66,3.0303030303030303
73,226,2010,1.0,57,1.7543859649122806
73,226,2011,1.0,59,1.694915254237288
73,226,2012,3.0,43,6.976744186046512
73,226,2013,2.0,36,5.555555555555555
73,226,2014,1.0,40,2.5
73,226,2015,0.0,23,0.0
73,226,2016,2.0,30,6.666666666666667
73,226,2017,0.0,46,0.0
73,226,2018,0.0,29,0.0
73,226,2019,3.0,23,13.043478260869565
73,226,2020,0.0,23,0.0
73,226,2021,1.0,16,6.25
73,226,2022,2.0,15,13.333333333333334
73,226,2023,0.0,12,0.0
73,226,2024,0.0,9,0.0
73,236,1998,3.0,141,2.127659574468085
73,236,1999,4.0,113,3.5398230088495577
73,236,2000,1.0,135,0.7407407407407408
73,236,2001,1.0,133,0.7518796992481203
73,236,2002,2.0,112,1.7857142857142856
73,236,2003,1.0,83,1.2048192771084338
73,236,2004,1.0,59,1.694915254237288
73,236,2005,5.0,67,7.462686567164178
73,236,2006,3.0,79,3.79746835443038
73,236,2007,2.0,75,2.666666666666667
73,236,2008,1.0,61,1.639344262295082
73,236,2009,1.0,60,1.6666666666666667
73,236,2010,0.0,60,0.0
73,236,2011,2.0,61,3.278688524590164
73,236,2012,1.0,52,1.9230769230769231
73,236,2013,0.0,48,0.0
73,236,2014,1.0,29,3.4482758620689653
73,236,2015,0.0,22,0.0
73,236,2016,0.0,33,0.0
73,236,2017,1.0,44,2.272727272727273
73,236,2018,2.0,42,4.761904761904762
73,236,2019,4.0,35,11.428571428571429
73,236,2020,0.0,29,0.0
73,236,2021,3.0,24,12.5
73,236,2022,1.0,22,4.545454545454546
73,236,2023,1.0,19,5.263157894736842
73,236,2024,0.0,9,0.0
73,24,1998,1.0,71,1.4084507042253522
73,24,1999,2.0,46,4.3478260869565215
73,24,2000,3.0,46,6.521739130434782
73,24,2001,3.0,53,5.660377358490567
73,24,2002,2.0,63,3.1746031746031744
73,24,2003,0.0,48,0.0
73,24,2004,1.0,57,1.7543859649122806
73,24,2005,0.0,38,0.0
73,24,2006,0.0,50,0.0
73,24,2007,0.0,17,0.0
73,24,2012,0.0,20,0.0
73,24,2013,0.0,11,0.0
73,26,1998,6.0,93,6.451612903225806
73,26,1999,6.0,99,6.0606060606060606
73,26,2000,5.0,83,6.024096385542169
73,26,2001,5.0,89,5.617977528089887
73,26,2002,3.0,70,4.285714285714286
73,26,2003,1.0,62,1.6129032258064515
73,26,2004,2.0,87,2.2988505747126435
73,26,2005,0.0,67,0.0
73,26,2006,3.0,94,3.1914893617021276
73,26,2007,2.0,71,2.8169014084507045
73,26,2012,1.0,37,2.7027027027027026
73,26,2013,1.0,32,3.125
73,268,1998,57.0,1178,4.838709677419355
73,268,1999,61.0,1231,4.955320877335499
73,268,2000,54.0,1166,4.631217838765009
73,268,2001,31.0,1065,2.910798122065728
73,268,2002,40.0,993,4.028197381671702
73,268,2003,38.0,1032,3.6821705426356592
73,268,2004,33.0,1252,2.635782747603834
73,268,2005,43.0,1410,3.0496453900709217
73,268,2006,55.0,1445,3.8062283737024223
73,268,2007,48.0,1439,3.3356497567755383
73,268,2008,44.0,1390,3.1654676258992804
73,268,2009,51.0,1443,3.5343035343035343
73,268,2010,53.0,1412,3.7535410764872523
73,268,2011,35.0,1329,2.6335590669676447
73,268,2012,41.0,1225,3.346938775510204
73,268,2013,31.0,1299,2.386451116243264
73,268,2014,37.0,1360,2.7205882352941178
73,268,2015,33.0,1461,2.2587268993839835
73,268,2016,42.0,1646,2.551640340218712
73,268,2017,29.0,1663,1.7438364401683706
73,268,2018,40.0,1569,2.5493945188017846
73,268,2019,32.0,1516,2.1108179419525066
73,268,2020,123.0,1809,6.799336650082918
73,268,2021,123.0,1779,6.913996627318718
73,268,2022,112.0,1691,6.623299822590184
73,268,2023,88.0,1509,5.831676607024519
73,268,2024,66.0,1158,5.699481865284974
73,270,1998,6.0,86,6.976744186046512
73,270,1999,3.0,74,4.054054054054054
73,270,2000,5.0,98,5.1020408163265305
73,270,2001,1.0,90,1.1111111111111112
73,270,2002,0.0,78,0.0
73,270,2003,5.0,103,4.854368932038835
73,270,2004,0.0,71,0.0
73,270,2005,6.0,84,7.142857142857142
73,270,2006,2.0,55,3.6363636363636362
73,270,2007,2.0,81,2.4691358024691357
73,270,2008,1.0,72,1.3888888888888888
73,270,2009,2.0,51,3.9215686274509802
73,270,2010,1.0,47,2.127659574468085
73,270,2011,0.0,38,0.0
73,270,2012,1.0,18,5.555555555555555
73,270,2013,2.0,27,7.4074074074074066
73,270,2014,0.0,20,0.0
73,270,2015,0.0,21,0.0
73,270,2016,0.0,27,0.0
73,270,2017,1.0,24,4.166666666666666
73,270,2018,0.0,11,0.0
73,270,2019,0.0,15,0.0
73,270,2020,0.0,6,0.0
73,270,2021,1.0,10,10.0
73,270,2022,0.0,3,0.0
73,270,2023,0.0,1,0.0
73,270,2024,0.0,2,0.0
73,275,1998,1.0,29,3.4482758620689653
73,275,1999,4.0,115,3.4782608695652173
73,275,2000,2.0,112,1.7857142857142856
73,275,2001,2.0,109,1.834862385321101
73,275,2002,3.0,127,2.3622047244094486
73,275,2003,4.0,125,3.2
73,275,2004,7.0,133,5.263157894736842
73,275,2005,6.0,127,4.724409448818897
73,275,2006,1.0,104,0.9615384615384616
73,275,2007,2.0,87,2.2988505747126435
73,275,2008,1.0,102,0.9803921568627451
73,275,2009,1.0,53,1.8867924528301887
73,275,2010,2.0,47,4.25531914893617
73,275,2011,0.0,28,0.0
73,275,2012,2.0,14,14.285714285714285
73,275,2013,1.0,10,10.0
73,275,2014,0.0,17,0.0
73,275,2015,0.0,7,0.0
73,275,2016,0.0,3,0.0
73,275,2017,0.0,3,0.0
73,275,2019,0.0,1,0.0
73,275,2021,0.0,1,0.0
73,275,2022,0.0,2,0.0
73,275,2023,0.0,2,0.0
73,275,2024,0.0,2,0.0
73,283,1998,12.0,421,2.8503562945368173
73,283,1999,15.0,439,3.416856492027335
73,283,2000,11.0,435,2.528735632183908
73,283,2001,23.0,485,4.742268041237113
73,283,2002,16.0,447,3.5794183445190155
73,283,2003,16.0,401,3.99002493765586
73,283,2004,14.0,420,3.3333333333333335
73,283,2005,7.0,444,1.5765765765765765
73,283,2006,11.0,402,2.736318407960199
73,283,2007,6.0,410,1.4634146341463417
73,283,2008,11.0,354,3.1073446327683616
73,283,2009,12.0,335,3.582089552238806
73,283,2010,11.0,295,3.728813559322034
73,283,2011,17.0,307,5.537459283387622
73,283,2012,12.0,268,4.477611940298507
73,283,2013,5.0,211,2.3696682464454977
73,283,2014,11.0,185,5.9459459459459465
73,283,2015,11.0,172,6.395348837209303
73,283,2016,13.0,160,8.125
73,283,2017,5.0,126,3.968253968253968
73,283,2018,7.0,124,5.64516129032258
73,283,2019,7.0,95,7.368421052631578
73,283,2020,10.0,130,7.6923076923076925
73,283,2021,0.0,91,0.0
73,283,2022,1.0,48,2.083333333333333
73,283,2023,3.0,66,4.545454545454546
73,283,2024,1.0,36,2.7777777777777777
73,30,1998,3.0,73,4.10958904109589
73,30,1999,5.0,101,4.9504950495049505
73,30,2000,1.0,118,0.847457627118644
73,30,2001,8.0,97,8.24742268041237
73,30,2002,5.0,82,6.097560975609756
73,30,2003,3.0,80,3.75
73,30,2004,5.0,86,5.813953488372093
73,30,2005,1.0,67,1.4925373134328357
73,30,2006,3.0,65,4.615384615384616
73,30,2007,3.0,65,4.615384615384616
73,30,2012,1.0,20,5.0
73,30,2013,0.0,30,0.0
73,319,1998,18.0,390,4.615384615384616
73,319,1999,16.0,472,3.389830508474576
73,319,2000,17.0,476,3.571428571428571
73,319,2001,19.0,399,4.761904761904762
73,319,2002,13.0,361,3.6011080332409975
73,319,2003,17.0,353,4.815864022662889
73,319,2004,8.0,320,2.5
73,319,2005,5.0,302,1.6556291390728477
73,319,2006,7.0,297,2.356902356902357
73,319,2007,10.0,240,4.166666666666666
73,319,2008,3.0,244,1.2295081967213115
73,319,2009,6.0,197,3.0456852791878175
73,319,2010,6.0,165,3.6363636363636362
73,319,2011,7.0,142,4.929577464788732
73,319,2012,5.0,155,3.225806451612903
73,319,2013,5.0,88,5.681818181818182
73,319,2014,7.0,77,9.090909090909092
73,319,2015,3.0,66,4.545454545454546
73,319,2016,6.0,46,13.043478260869565
73,319,2017,3.0,37,8.108108108108109
73,319,2018,3.0,30,10.0
73,319,2019,3.0,34,8.823529411764707
73,319,2020,0.0,35,0.0
73,319,2021,0.0,31,0.0
73,319,2022,1.0,25,4.0
73,319,2023,0.0,17,0.0
73,319,2024,0.0,9,0.0
73,347,1998,2.0,69,2.898550724637681
73,347,1999,1.0,70,1.4285714285714286
73,347,2000,3.0,76,3.9473684210526314
73,347,2001,3.0,78,3.8461538461538463
73,347,2002,4.0,81,4.938271604938271
73,347,2003,3.0,67,4.477611940298507
73,347,2004,1.0,74,1.3513513513513513
73,347,2005,4.0,56,7.142857142857142
73,347,2006,0.0,65,0.0
73,347,2007,2.0,65,3.076923076923077
73,347,2008,2.0,54,3.7037037037037033
73,347,2009,0.0,42,0.0
73,347,2010,2.0,36,5.555555555555555
73,347,2011,1.0,17,5.88235294117647
73,347,2012,2.0,29,6.896551724137931
73,347,2013,0.0,20,0.0
73,347,2014,5.0,23,21.73913043478261
73,347,2015,1.0,16,6.25
73,347,2016,1.0,18,5.555555555555555
73,347,2017,3.0,12,25.0
73,347,2018,0.0,4,0.0
73,347,2019,0.0,5,0.0
73,347,2020,0.0,2,0.0
73,347,2021,0.0,3,0.0
73,347,2022,1.0,7,14.285714285714285
73,347,2023,0.0,5,0.0
73,347,2024,1.0,2,50.0
73,349,1998,30.0,680,4.411764705882353
73,349,1999,36.0,788,4.568527918781726
73,349,2000,41.0,723,5.670816044260028
73,349,2001,23.0,454,5.066079295154185
73,349,2002,17.0,416,4.086538461538462
73,349,2003,25.0,617,4.051863857374392
73,349,2004,26.0,590,4.406779661016949
73,349,2005,10.0,573,1.7452006980802792
73,349,2006,29.0,558,5.197132616487455
73,349,2007,18.0,472,3.8135593220338984
73,349,2008,15.0,389,3.8560411311053984
73,349,2009,8.0,436,1.834862385321101
73,349,2010,11.0,352,3.125
73,349,2011,11.0,369,2.9810298102981028
73,349,2012,9.0,320,2.8125
73,349,2013,5.0,379,1.3192612137203166
73,349,2014,9.0,475,1.8947368421052633
73,349,2015,11.0,543,2.0257826887661143
73,349,2016,12.0,609,1.9704433497536946
73,349,2017,17.0,793,2.1437578814627996
73,349,2018,25.0,808,3.094059405940594
73,349,2019,17.0,653,2.6033690658499236
73,349,2020,21.0,929,2.2604951560818085
73,349,2021,29.0,1080,2.685185185185185
73,349,2022,36.0,954,3.7735849056603774
73,349,2023,23.0,686,3.3527696793002915
73,349,2024,25.0,546,4.5787545787545785
73,352,1998,1.0,107,0.9345794392523363
73,352,1999,4.0,121,3.3057851239669422
73,352,2000,2.0,96,2.083333333333333
73,352,2001,3.0,109,2.7522935779816518
73,352,2002,4.0,80,5.0
73,352,2003,3.0,92,3.260869565217391
73,352,2004,3.0,84,3.571428571428571
73,352,2005,2.0,93,2.1505376344086025
73,352,2006,2.0,84,2.380952380952381
73,352,2007,1.0,80,1.25
73,352,2008,0.0,63,0.0
73,352,2009,2.0,76,2.631578947368421
73,352,2010,2.0,60,3.3333333333333335
73,352,2011,3.0,54,5.555555555555555
73,352,2012,3.0,57,5.263157894736842
73,352,2013,2.0,46,4.3478260869565215
73,352,2014,0.0,45,0.0
73,352,2015,3.0,32,9.375
73,352,2016,0.0,51,0.0
73,352,2017,2.0,40,5.0
73,352,2018,0.0,21,0.0
73,352,2019,2.0,28,7.142857142857142
73,352,2020,1.0,21,4.761904761904762
73,352,2021,1.0,20,5.0
73,352,2022,1.0,15,6.666666666666667
73,352,2023,0.0,15,0.0
73,352,2024,0.0,10,0.0
73,408,1998,26.0,378,6.878306878306878
73,408,1999,15.0,274,5.474452554744526
73,408,2000,26.0,362,7.18232044198895
73,408,2001,15.0,364,4.1208791208791204
73,408,2002,12.0,278,4.316546762589928
73,408,2003,17.0,268,6.343283582089552
73,408,2004,18.0,388,4.639175257731959
73,408,2005,13.0,420,3.0952380952380953
73,408,2006,21.0,447,4.697986577181208
73,408,2007,18.0,357,5.042016806722689
73,408,2008,20.0,562,3.558718861209965
73,408,2009,16.0,568,2.8169014084507045
73,408,2010,30.0,531,5.649717514124294
73,408,2011,13.0,247,5.263157894736842
73,408,2012,5.0,235,2.127659574468085
73,408,2013,5.0,242,2.066115702479339
73,408,2014,9.0,297,3.0303030303030303
73,408,2015,0.0,269,0.0
73,408,2016,3.0,184,1.6304347826086956
73,408,2017,3.0,131,2.2900763358778624
73,408,2018,4.0,82,4.878048780487805
73,408,2019,1.0,58,1.7241379310344827
73,408,2020,2.0,69,2.898550724637681
73,408,2021,4.0,75,5.333333333333334
73,408,2022,2.0,61,3.278688524590164
73,408,2023,5.0,132,3.787878787878788
73,408,2024,3.0,150,2.0
73,411,1998,53.0,1019,5.20117762512267
73,411,1999,44.0,995,4.42211055276382
73,411,2000,37.0,1015,3.645320197044335
73,411,2001,47.0,1092,4.304029304029304
73,411,2002,45.0,955,4.712041884816754
73,411,2003,26.0,760,3.421052631578948
73,411,2004,43.0,786,5.470737913486006
73,411,2005,33.0,786,4.198473282442748
73,411,2006,40.0,840,4.761904761904762
73,411,2007,98.0,1000,9.8
73,411,2008,107.0,937,11.419423692636073
73,411,2009,101.0,889,11.361079865016873
73,411,2010,102.0,890,11.46067415730337
73,411,2011,97.0,886,10.948081264108351
73,411,2012,56.0,813,6.888068880688807
73,411,2013,74.0,910,8.131868131868131
73,411,2014,94.0,909,10.34103410341034
73,411,2015,81.0,926,8.74730021598272
73,411,2016,101.0,939,10.75612353567625
73,411,2017,83.0,902,9.201773835920177
73,411,2018,96.0,970,9.896907216494846
73,411,2019,92.0,1072,8.582089552238806
73,411,2020,120.0,1083,11.080332409972298
73,411,2021,105.0,1066,9.849906191369605
73,411,2022,108.0,897,12.040133779264215
73,411,2023,108.0,871,12.399540757749714
73,411,2024,54.0,620,8.709677419354838
73,43,1998,6.0,139,4.316546762589928
73,43,1999,7.0,131,5.343511450381679
73,43,2000,7.0,169,4.142011834319527
73,43,2001,4.0,155,2.5806451612903225
73,43,2002,7.0,138,5.072463768115942
73,43,2003,12.0,142,8.450704225352112
73,43,2004,7.0,141,4.964539007092199
73,43,2005,6.0,120,5.0
73,43,2006,5.0,107,4.672897196261682
73,43,2007,6.0,135,4.444444444444445
73,43,2012,1.0,56,1.7857142857142856
73,43,2013,5.0,58,8.620689655172415
73,443,1998,19.0,432,4.398148148148148
73,443,1999,14.0,362,3.867403314917127
73,443,2000,17.0,391,4.3478260869565215
73,443,2001,14.0,339,4.129793510324483
73,443,2002,21.0,395,5.3164556962025316
73,443,2003,20.0,481,4.158004158004158
73,443,2004,12.0,459,2.6143790849673203
73,443,2005,8.0,363,2.203856749311295
73,443,2006,12.0,359,3.3426183844011144
73,443,2007,13.0,293,4.436860068259386
73,443,2008,10.0,273,3.6630036630036633
73,443,2009,9.0,222,4.054054054054054
73,443,2010,9.0,192,4.6875
73,443,2011,7.0,225,3.111111111111111
73,443,2012,4.0,214,1.8691588785046727
73,443,2013,4.0,197,2.030456852791878
73,443,2014,5.0,172,2.9069767441860463
73,443,2015,4.0,136,2.941176470588235
73,443,2016,5.0,138,3.6231884057971016
73,443,2017,6.0,178,3.3707865168539324
73,443,2018,2.0,107,1.8691588785046727
73,443,2019,2.0,122,1.639344262295082
73,443,2020,5.0,102,4.901960784313726
73,443,2021,3.0,59,5.084745762711865
73,443,2022,0.0,29,0.0
73,443,2023,1.0,24,4.166666666666666
73,443,2024,0.0,12,0.0
73,449,1998,7.0,208,3.3653846153846154
73,449,1999,10.0,255,3.9215686274509802
73,449,2000,9.0,258,3.488372093023256
73,449,2001,14.0,281,4.98220640569395
73,449,2002,10.0,257,3.8910505836575875
73,449,2003,10.0,259,3.861003861003861
73,449,2004,10.0,245,4.081632653061225
73,449,2005,8.0,271,2.952029520295203
73,449,2006,14.0,255,5.490196078431373
73,449,2007,7.0,229,3.056768558951965
73,449,2008,6.0,213,2.8169014084507045
73,449,2009,3.0,185,1.6216216216216217
73,449,2010,5.0,130,3.8461538461538463
73,449,2011,3.0,102,2.941176470588235
73,449,2012,6.0,90,6.666666666666667
73,449,2013,0.0,116,0.0
73,449,2014,5.0,107,4.672897196261682
73,449,2015,2.0,77,2.5974025974025974
73,449,2016,3.0,79,3.79746835443038
73,449,2017,3.0,59,5.084745762711865
73,449,2018,7.0,65,10.76923076923077
73,449,2019,3.0,44,6.8181818181818175
73,449,2020,2.0,94,2.127659574468085
73,449,2021,2.0,57,3.508771929824561
73,449,2022,2.0,31,6.451612903225806
73,449,2023,3.0,39,7.6923076923076925
73,449,2024,1.0,18,5.555555555555555
73,461,1998,7.0,53,13.20754716981132
73,461,1999,4.0,36,11.11111111111111
73,461,2000,2.0,53,3.7735849056603774
73,461,2001,5.0,78,6.41025641025641
73,461,2002,7.0,77,9.090909090909092
73,461,2003,10.0,87,11.494252873563218
73,461,2004,16.0,95,16.842105263157894
73,461,2005,6.0,73,8.21917808219178
73,461,2006,6.0,68,8.823529411764707
73,461,2007,3.0,81,3.7037037037037033
73,461,2008,5.0,63,7.936507936507936
73,461,2009,4.0,52,7.6923076923076925
73,461,2010,6.0,61,9.836065573770492
73,461,2011,3.0,51,5.88235294117647
73,461,2012,4.0,30,13.333333333333334
73,461,2013,1.0,35,2.857142857142857
73,461,2014,3.0,27,11.11111111111111
73,461,2015,2.0,27,7.4074074074074066
73,461,2016,1.0,25,4.0
73,461,2017,1.0,13,7.6923076923076925
73,461,2018,1.0,15,6.666666666666667
73,461,2019,0.0,8,0.0
73,461,2020,0.0,7,0.0
73,461,2021,0.0,3,0.0
73,461,2022,1.0,4,25.0
73,461,2024,1.0,4,25.0
73,483,1998,10.0,256,3.90625
73,483,1999,7.0,324,2.1604938271604937
73,483,2000,11.0,328,3.353658536585366
73,483,2001,12.0,301,3.9867109634551494
73,483,2002,5.0,233,2.1459227467811157
73,483,2003,6.0,243,2.4691358024691357
73,483,2004,1.0,200,0.5
73,483,2005,4.0,212,1.8867924528301887
73,483,2006,2.0,155,1.2903225806451613
73,483,2007,2.0,144,1.3888888888888888
73,483,2008,3.0,203,1.477832512315271
73,483,2009,2.0,136,1.4705882352941175
73,483,2010,3.0,140,2.142857142857143
73,483,2011,1.0,131,0.7633587786259541
73,483,2012,5.0,120,4.166666666666666
73,483,2013,3.0,101,2.9702970297029703
73,483,2014,2.0,111,1.8018018018018018
73,483,2015,1.0,94,1.0638297872340425
73,483,2016,2.0,82,2.4390243902439024
73,483,2017,4.0,96,4.166666666666666
73,483,2018,6.0,81,7.4074074074074066
73,483,2019,3.0,62,4.838709677419355
73,483,2020,1.0,63,1.5873015873015872
73,483,2021,4.0,50,8.0
73,483,2022,1.0,38,2.631578947368421
73,483,2023,3.0,22,13.636363636363635
73,483,2024,3.0,21,14.285714285714285
73,504,1998,3.0,174,1.7241379310344827
73,504,1999,10.0,218,4.587155963302752
73,504,2000,13.0,279,4.659498207885305
73,504,2001,9.0,335,2.6865671641791042
73,504,2002,3.0,338,0.8875739644970414
73,504,2003,10.0,297,3.3670033670033668
73,504,2004,7.0,280,2.5
73,504,2005,5.0,261,1.9157088122605364
73,504,2006,9.0,268,3.3582089552238807
73,504,2007,17.0,261,6.513409961685824
73,504,2008,16.0,264,6.0606060606060606
73,504,2009,13.0,196,6.63265306122449
73,504,2010,9.0,187,4.81283422459893
73,504,2011,16.0,181,8.83977900552486
73,504,2012,4.0,201,1.9900497512437811
73,504,2013,6.0,159,3.7735849056603774
73,504,2014,10.0,159,6.289308176100629
73,504,2015,10.0,148,6.756756756756757
73,504,2016,7.0,149,4.697986577181208
73,504,2017,4.0,145,2.7586206896551726
73,504,2018,3.0,150,2.0
73,504,2019,2.0,110,1.8181818181818181
73,504,2020,3.0,97,3.0927835051546393
73,504,2021,4.0,94,4.25531914893617
73,504,2022,4.0,86,4.651162790697675
73,504,2023,3.0,70,4.285714285714286
73,504,2024,3.0,28,10.714285714285714
73,520,1998,5.0,133,3.7593984962406015
73,520,1999,7.0,142,4.929577464788732
73,520,2000,7.0,171,4.093567251461988
73,520,2001,4.0,153,2.6143790849673203
73,520,2002,5.0,142,3.5211267605633805
73,520,2003,3.0,132,2.272727272727273
73,520,2004,1.0,97,1.0309278350515463
73,520,2005,4.0,117,3.418803418803419
73,520,2006,0.0,103,0.0
73,520,2007,0.0,90,0.0
73,520,2008,1.0,93,1.0752688172043012
73,520,2009,3.0,108,2.7777777777777777
73,520,2010,0.0,75,0.0
73,520,2011,0.0,61,0.0
73,520,2012,4.0,69,5.797101449275362
73,520,2013,3.0,63,4.761904761904762
73,520,2014,1.0,57,1.7543859649122806
73,520,2015,3.0,71,4.225352112676056
73,520,2016,0.0,47,0.0
73,520,2017,2.0,53,3.7735849056603774
73,520,2018,3.0,41,7.317073170731707
73,520,2019,0.0,26,0.0
73,520,2020,1.0,30,3.3333333333333335
73,520,2021,1.0,12,8.333333333333332
73,520,2022,0.0,7,0.0
73,520,2023,1.0,10,10.0
73,520,2024,0.0,9,0.0
73,547,1998,0.0,4,0.0
73,547,1999,1.0,4,25.0
73,547,2000,4.0,40,10.0
73,547,2001,4.0,39,10.256410256410255
73,547,2002,1.0,33,3.0303030303030303
73,547,2003,2.0,33,6.0606060606060606
73,547,2004,1.0,45,2.2222222222222223
73,547,2005,0.0,27,0.0
73,547,2006,0.0,28,0.0
73,547,2007,3.0,27,11.11111111111111
73,547,2008,2.0,39,5.128205128205128
73,547,2009,2.0,23,8.695652173913043
73,547,2010,0.0,14,0.0
73,547,2011,0.0,7,0.0
73,547,2012,1.0,15,6.666666666666667
73,547,2013,1.0,17,5.88235294117647
73,547,2014,0.0,13,0.0
73,547,2015,2.0,14,14.285714285714285
73,547,2016,1.0,15,6.666666666666667
73,547,2017,1.0,10,10.0
73,547,2018,0.0,4,0.0
73,547,2019,1.0,5,20.0
73,547,2020,0.0,4,0.0
73,547,2021,0.0,2,0.0
73,547,2023,1.0,1,100.0
73,55,1998,12.0,151,7.9470198675496695
73,55,1999,7.0,149,4.697986577181208
73,55,2000,2.0,172,1.1627906976744187
73,55,2001,4.0,145,2.7586206896551726
73,55,2002,4.0,158,2.5316455696202533
73,55,2003,5.0,144,3.4722222222222223
73,55,2004,3.0,114,2.631578947368421
73,55,2005,5.0,119,4.201680672268908
73,55,2006,1.0,105,0.9523809523809524
73,55,2007,2.0,102,1.9607843137254901
73,55,2012,0.0,56,0.0
73,55,2013,2.0,52,3.8461538461538463
73,555,1998,12.0,317,3.7854889589905363
73,555,1999,17.0,303,5.6105610561056105
73,555,2000,10.0,336,2.976190476190476
73,555,2001,20.0,296,6.756756756756757
73,555,2002,33.0,296,11.14864864864865
73,555,2003,29.0,335,8.656716417910449
73,555,2004,23.0,371,6.199460916442049
73,555,2005,13.0,394,3.2994923857868024
73,555,2006,16.0,421,3.800475059382423
73,555,2007,10.0,326,3.067484662576687
73,555,2008,17.0,319,5.329153605015674
73,555,2009,15.0,266,5.639097744360902
73,555,2010,17.0,241,7.053941908713693
73,555,2011,9.0,302,2.980132450331126
73,555,2012,12.0,313,3.8338658146964857
73,555,2013,9.0,260,3.4615384615384617
73,555,2014,8.0,246,3.2520325203252036
73,555,2015,13.0,211,6.161137440758294
73,555,2016,7.0,274,2.5547445255474455
73,555,2017,13.0,294,4.421768707482993
73,555,2018,14.0,275,5.090909090909091
73,555,2019,11.0,310,3.5483870967741935
73,555,2020,5.0,394,1.2690355329949239
73,555,2021,18.0,362,4.972375690607735
73,555,2022,12.0,305,3.934426229508197
73,555,2023,8.0,208,3.8461538461538463
73,555,2024,4.0,216,1.8518518518518516
73,563,1998,2.0,114,1.7543859649122806
73,563,1999,1.0,139,0.7194244604316548
73,563,2000,6.0,119,5.042016806722689
73,563,2001,10.0,121,8.264462809917356
73,563,2002,6.0,92,6.521739130434782
73,563,2003,3.0,102,2.941176470588235
73,563,2004,5.0,67,7.462686567164178
73,563,2005,1.0,88,1.1363636363636365
73,563,2006,1.0,65,1.5384615384615385
73,563,2007,1.0,68,1.4705882352941175
73,563,2008,3.0,67,4.477611940298507
73,563,2009,5.0,70,7.142857142857142
73,563,2010,1.0,59,1.694915254237288
73,563,2011,2.0,44,4.545454545454546
73,563,2012,1.0,40,2.5
73,563,2013,3.0,49,6.122448979591836
73,563,2014,0.0,43,0.0
73,563,2015,0.0,33,0.0
73,563,2016,1.0,16,6.25
73,563,2017,0.0,11,0.0
73,563,2018,2.0,8,25.0
73,563,2019,1.0,15,6.666666666666667
73,563,2020,1.0,9,11.11111111111111
73,563,2021,0.0,11,0.0
73,563,2022,0.0,7,0.0
73,563,2023,0.0,6,0.0
73,585,1998,32.0,391,8.184143222506394
73,585,1999,25.0,434,5.76036866359447
73,585,2000,45.0,633,7.109004739336493
73,585,2001,20.0,652,3.067484662576687
73,585,2002,16.0,521,3.071017274472169
73,585,2003,23.0,545,4.220183486238533
73,585,2004,19.0,554,3.429602888086643
73,585,2005,16.0,554,2.888086642599278
73,585,2006,12.0,516,2.3255813953488373
73,585,2007,8.0,462,1.7316017316017316
73,585,2008,13.0,512,2.5390625
73,585,2009,10.0,550,1.8181818181818181
73,585,2010,8.0,449,1.7817371937639197
73,585,2011,3.0,353,0.84985835694051
73,585,2012,8.0,376,2.127659574468085
73,585,2013,5.0,304,1.644736842105263
73,585,2014,3.0,261,1.1494252873563218
73,585,2015,4.0,219,1.82648401826484
73,585,2016,2.0,152,1.3157894736842104
73,585,2017,5.0,335,1.4925373134328357
73,585,2018,9.0,447,2.013422818791946
73,585,2019,3.0,346,0.8670520231213872
73,585,2020,4.0,436,0.9174311926605505
73,585,2021,10.0,489,2.044989775051125
73,585,2022,2.0,374,0.53475935828877
73,585,2023,3.0,339,0.8849557522123894
73,585,2024,7.0,339,2.0648967551622417
73,616,1998,9.0,325,2.769230769230769
73,616,1999,7.0,357,1.9607843137254901
73,616,2000,14.0,331,4.229607250755287
73,616,2001,15.0,391,3.8363171355498724
73,616,2002,19.0,409,4.645476772616137
73,616,2003,14.0,395,3.5443037974683547
73,616,2004,18.0,318,5.660377358490567
73,616,2005,24.0,327,7.339449541284404
73,616,2006,8.0,291,2.7491408934707904
73,616,2007,12.0,265,4.528301886792453
73,616,2008,9.0,244,3.6885245901639343
73,616,2009,9.0,196,4.591836734693878
73,616,2010,11.0,187,5.88235294117647
73,616,2011,6.0,220,2.727272727272727
73,616,2012,11.0,212,5.188679245283019
73,616,2013,8.0,219,3.65296803652968
73,616,2014,11.0,209,5.263157894736842
73,616,2015,13.0,244,5.327868852459016
73,616,2016,4.0,237,1.6877637130801686
73,616,2017,6.0,220,2.727272727272727
73,616,2018,9.0,238,3.7815126050420167
73,616,2019,11.0,219,5.0228310502283104
73,616,2020,8.0,213,3.755868544600939
73,616,2021,13.0,243,5.349794238683128
73,616,2022,7.0,177,3.954802259887006
73,616,2023,4.0,116,3.4482758620689653
73,616,2024,6.0,104,5.769230769230769
73,622,1998,6.0,91,6.593406593406594
73,622,1999,5.0,101,4.9504950495049505
73,622,2000,3.0,112,2.6785714285714284
73,622,2001,4.0,109,3.669724770642202
73,622,2002,4.0,94,4.25531914893617
73,622,2003,6.0,95,6.315789473684211
73,622,2004,6.0,87,6.896551724137931
73,622,2005,1.0,106,0.9433962264150944
73,622,2006,3.0,83,3.614457831325301
73,622,2007,2.0,62,3.225806451612903
73,622,2008,3.0,43,6.976744186046512
73,622,2009,2.0,32,6.25
73,622,2010,0.0,49,0.0
73,622,2011,0.0,44,0.0
73,622,2012,1.0,40,2.5
73,622,2013,1.0,49,2.0408163265306123
73,622,2014,0.0,46,0.0
73,622,2015,1.0,45,2.2222222222222223
73,622,2016,2.0,53,3.7735849056603774
73,622,2017,2.0,44,4.545454545454546
73,622,2018,2.0,43,4.651162790697675
73,622,2019,1.0,40,2.5
73,622,2020,2.0,27,7.4074074074074066
73,622,2021,2.0,18,11.11111111111111
73,622,2022,1.0,14,7.142857142857142
73,622,2023,0.0,13,0.0
73,622,2024,0.0,9,0.0
73,624,1998,3.0,200,1.5
73,624,1999,2.0,213,0.9389671361502347
73,624,2000,7.0,274,2.5547445255474455
73,624,2001,10.0,304,3.289473684210526
73,624,2002,9.0,299,3.0100334448160537
73,624,2003,15.0,331,4.531722054380665
73,624,2004,12.0,292,4.10958904109589
73,624,2005,13.0,301,4.318936877076411
73,624,2006,7.0,291,2.405498281786942
73,624,2007,8.0,264,3.0303030303030303
73,624,2008,10.0,290,3.4482758620689653
73,624,2009,9.0,218,4.128440366972478
73,624,2010,9.0,218,4.128440366972478
73,624,2011,5.0,184,2.717391304347826
73,624,2012,6.0,190,3.1578947368421053
73,624,2013,8.0,172,4.651162790697675
73,624,2014,8.0,162,4.938271604938271
73,624,2015,4.0,176,2.272727272727273
73,624,2016,5.0,110,4.545454545454546
73,624,2017,4.0,111,3.6036036036036037
73,624,2018,5.0,111,4.504504504504505
73,624,2019,2.0,93,2.1505376344086025
73,624,2020,5.0,170,2.941176470588235
73,624,2021,9.0,134,6.7164179104477615
73,624,2022,5.0,70,7.142857142857142
73,624,2023,5.0,75,6.666666666666667
73,624,2024,2.0,43,4.651162790697675
73,67,1998,6.0,224,2.6785714285714284
73,67,1999,5.0,251,1.9920318725099602
73,67,2000,7.0,236,2.9661016949152543
73,67,2001,4.0,247,1.6194331983805668
73,67,2002,2.0,166,1.2048192771084338
73,67,2003,8.0,152,5.263157894736842
73,67,2004,11.0,214,5.14018691588785
73,67,2005,5.0,181,2.7624309392265194
73,67,2006,9.0,192,4.6875
73,67,2007,8.0,162,4.938271604938271
73,67,2012,0.0,133,0.0
73,67,2013,9.0,149,6.0402684563758395
73,671,1998,8.0,180,4.444444444444445
73,671,1999,4.0,160,2.5
73,671,2000,5.0,170,2.941176470588235
73,671,2001,3.0,175,1.7142857142857144
73,671,2002,6.0,167,3.592814371257485
73,671,2003,3.0,148,2.027027027027027
73,671,2004,6.0,169,3.5502958579881656
73,671,2005,3.0,168,1.7857142857142856
73,671,2006,4.0,172,2.3255813953488373
73,671,2007,2.0,123,1.6260162601626018
73,671,2008,5.0,124,4.032258064516129
73,671,2009,4.0,131,3.0534351145038165
73,671,2010,2.0,83,2.4096385542168677
73,671,2011,0.0,63,0.0
73,671,2012,1.0,63,1.5873015873015872
73,671,2013,1.0,32,3.125
73,671,2014,3.0,50,6.0
73,671,2015,1.0,30,3.3333333333333335
73,671,2016,2.0,14,14.285714285714285
73,671,2017,2.0,24,8.333333333333332
73,671,2018,0.0,15,0.0
73,671,2019,0.0,8,0.0
73,671,2020,0.0,24,0.0
73,671,2021,0.0,11,0.0
73,671,2022,0.0,6,0.0
73,671,2023,0.0,7,0.0
73,671,2024,0.0,4,0.0
73,675,1998,14.0,234,5.982905982905983
73,675,1999,12.0,281,4.270462633451958
73,675,2000,11.0,303,3.6303630363036308
73,675,2001,20.0,247,8.097165991902834
73,675,2002,8.0,247,3.2388663967611335
73,675,2003,8.0,236,3.389830508474576
73,675,2004,9.0,234,3.8461538461538463
73,675,2005,10.0,257,3.8910505836575875
73,675,2006,2.0,205,0.975609756097561
73,675,2007,6.0,197,3.0456852791878175
73,675,2008,8.0,174,4.597701149425287
73,675,2009,6.0,122,4.918032786885246
73,675,2010,6.0,102,5.88235294117647
73,675,2011,4.0,89,4.49438202247191
73,675,2012,7.0,103,6.796116504854369
73,675,2013,2.0,103,1.9417475728155338
73,675,2014,4.0,130,3.076923076923077
73,675,2015,1.0,110,0.9090909090909091
73,675,2016,7.0,113,6.1946902654867255
73,675,2017,3.0,97,3.0927835051546393
73,675,2018,4.0,118,3.389830508474576
73,675,2019,1.0,82,1.2195121951219512
73,675,2020,5.0,84,5.952380952380952
73,675,2021,10.0,109,9.174311926605505
73,675,2022,1.0,52,1.9230769230769231
73,675,2023,2.0,49,4.081632653061225
73,675,2024,8.0,37,21.62162162162162
73,678,1998,5.0,108,4.62962962962963
73,678,1999,8.0,100,8.0
73,678,2000,4.0,92,4.3478260869565215
73,678,2001,2.0,114,1.7543859649122806
73,678,2002,3.0,140,2.142857142857143
73,678,2003,2.0,139,1.4388489208633095
73,678,2004,3.0,122,2.459016393442623
73,678,2005,4.0,128,3.125
73,678,2006,2.0,126,1.5873015873015872
73,678,2007,2.0,90,2.2222222222222223
73,678,2008,2.0,69,2.898550724637681
73,678,2009,3.0,47,6.382978723404255
73,678,2010,2.0,62,3.225806451612903
73,678,2011,3.0,29,10.344827586206897
73,678,2012,0.0,37,0.0
73,678,2013,1.0,44,2.272727272727273
73,678,2014,0.0,23,0.0
73,678,2015,1.0,20,5.0
73,678,2016,0.0,12,0.0
73,678,2017,0.0,12,0.0
73,678,2018,0.0,12,0.0
73,678,2019,1.0,12,8.333333333333332
73,678,2020,1.0,11,9.090909090909092
73,678,2021,0.0,10,0.0
73,678,2022,0.0,4,0.0
73,678,2023,0.0,4,0.0
73,678,2024,1.0,1,100.0
73,686,1998,5.0,105,4.761904761904762
73,686,1999,5.0,102,4.901960784313726
73,686,2000,7.0,125,5.6000000000000005
73,686,2001,9.0,122,7.377049180327869
73,686,2002,10.0,106,9.433962264150944
73,686,2003,6.0,127,4.724409448818897
73,686,2004,2.0,90,2.2222222222222223
73,686,2005,1.0,92,1.0869565217391304
73,686,2006,2.0,78,2.564102564102564
73,686,2007,2.0,80,2.5
73,686,2008,2.0,60,3.3333333333333335
73,686,2009,1.0,75,1.3333333333333335
73,686,2010,3.0,52,5.769230769230769
73,686,2011,1.0,58,1.7241379310344827
73,686,2012,4.0,58,6.896551724137931
73,686,2013,2.0,47,4.25531914893617
73,686,2014,1.0,38,2.631578947368421
73,686,2015,1.0,52,1.9230769230769231
73,686,2016,1.0,36,2.7777777777777777
73,686,2017,2.0,26,7.6923076923076925
73,686,2018,1.0,22,4.545454545454546
73,686,2019,0.0,13,0.0
73,686,2020,1.0,19,5.263157894736842
73,686,2021,1.0,16,6.25
73,686,2022,1.0,9,11.11111111111111
73,686,2023,0.0,4,0.0
73,686,2024,1.0,6,16.666666666666664
73,770,1998,0.0,1,0.0
73,770,1999,0.0,41,0.0
73,770,2000,0.0,41,0.0
73,770,2001,0.0,30,0.0
73,770,2002,1.0,43,2.3255813953488373
73,770,2003,0.0,39,0.0
73,770,2004,2.0,26,7.6923076923076925
73,770,2005,0.0,29,0.0
73,770,2006,0.0,26,0.0
73,770,2007,0.0,16,0.0
73,770,2008,0.0,15,0.0
73,770,2009,0.0,16,0.0
73,770,2010,1.0,21,4.761904761904762
73,770,2011,0.0,5,0.0
73,770,2012,1.0,14,7.142857142857142
73,770,2013,0.0,10,0.0
73,770,2014,0.0,7,0.0
73,770,2015,0.0,6,0.0
73,770,2016,0.0,7,0.0
73,770,2017,0.0,2,0.0
73,770,2018,0.0,3,0.0
73,770,2019,0.0,1,0.0
73,770,2020,0.0,5,0.0
73,770,2021,0.0,8,0.0
73,770,2023,0.0,2,0.0
73,854,1998,3.0,36,8.333333333333332
73,854,1999,1.0,38,2.631578947368421
73,854,2000,0.0,41,0.0
73,854,2001,0.0,56,0.0
73,854,2002,0.0,52,0.0
73,854,2003,2.0,42,4.761904761904762
73,854,2004,0.0,52,0.0
73,854,2005,4.0,45,8.88888888888889
73,854,2006,1.0,62,1.6129032258064515
73,854,2007,1.0,40,2.5
73,854,2008,0.0,26,0.0
73,854,2009,0.0,31,0.0
73,854,2010,0.0,13,0.0
73,854,2011,0.0,18,0.0
73,854,2012,1.0,9,11.11111111111111
73,854,2013,2.0,21,9.523809523809524
73,854,2014,0.0,17,0.0
73,854,2015,0.0,13,0.0
73,854,2016,0.0,11,0.0
73,854,2017,0.0,5,0.0
73,854,2018,0.0,20,0.0
73,854,2019,0.0,16,0.0
73,854,2020,0.0,10,0.0
73,854,2021,0.0,5,0.0
73,854,2022,0.0,9,0.0
73,854,2023,0.0,4,0.0
73,854,2024,0.0,8,0.0
73,861,1998,3.0,185,1.6216216216216217
73,861,1999,9.0,176,5.113636363636364
73,861,2000,11.0,226,4.867256637168142
73,861,2001,19.0,207,9.178743961352657
73,861,2002,10.0,194,5.154639175257731
73,861,2003,4.0,181,2.209944751381215
73,861,2004,9.0,154,5.844155844155844
73,861,2005,3.0,170,1.7647058823529411
73,861,2006,5.0,186,2.6881720430107525
73,861,2007,1.0,140,0.7142857142857143
73,861,2008,3.0,145,2.0689655172413794
73,861,2009,2.0,102,1.9607843137254901
73,861,2010,2.0,80,2.5
73,861,2011,0.0,60,0.0
73,861,2012,1.0,70,1.4285714285714286
73,861,2013,5.0,54,9.25925925925926
73,861,2014,0.0,33,0.0
73,861,2015,1.0,26,3.8461538461538463
73,861,2016,2.0,27,7.4074074074074066
73,861,2017,2.0,53,3.7735849056603774
73,861,2018,1.0,28,3.571428571428571
73,861,2019,1.0,21,4.761904761904762
73,861,2020,0.0,30,0.0
73,861,2021,2.0,26,7.6923076923076925
73,861,2022,2.0,18,11.11111111111111
73,861,2023,2.0,6,33.33333333333333
73,861,2024,0.0,7,0.0
73,870,1998,7.0,136,5.147058823529411
73,870,1999,4.0,171,2.3391812865497075
73,870,2000,2.0,173,1.1560693641618496
73,870,2001,7.0,159,4.40251572327044
73,870,2002,8.0,147,5.442176870748299
73,870,2003,10.0,169,5.9171597633136095
73,870,2004,2.0,142,1.4084507042253522
73,870,2005,6.0,152,3.9473684210526314
73,870,2006,2.0,128,1.5625
73,870,2007,3.0,129,2.3255813953488373
73,870,2008,3.0,118,2.5423728813559325
73,870,2009,3.0,109,2.7522935779816518
73,870,2010,5.0,85,5.88235294117647
73,870,2011,1.0,72,1.3888888888888888
73,870,2012,2.0,60,3.3333333333333335
73,870,2013,2.0,47,4.25531914893617
73,870,2014,1.0,44,2.272727272727273
73,870,2015,1.0,46,2.1739130434782608
73,870,2016,1.0,44,2.272727272727273
73,870,2017,0.0,19,0.0
73,870,2018,1.0,19,5.263157894736842
73,870,2019,2.0,19,10.526315789473683
73,870,2020,0.0,21,0.0
73,870,2021,0.0,17,0.0
73,870,2022,1.0,19,5.263157894736842
73,870,2023,0.0,8,0.0
73,870,2024,1.0,7,14.285714285714285
73,873,1998,2.0,71,2.8169014084507045
73,873,1999,4.0,69,5.797101449275362
73,873,2000,1.0,71,1.4084507042253522
73,873,2001,4.0,86,4.651162790697675
73,873,2002,0.0,78,0.0
73,873,2003,1.0,63,1.5873015873015872
73,873,2004,4.0,59,6.779661016949152
73,873,2005,2.0,64,3.125
73,873,2006,3.0,51,5.88235294117647
73,873,2007,1.0,65,1.5384615384615385
73,873,2008,1.0,53,1.8867924528301887
73,873,2009,1.0,29,3.4482758620689653
73,873,2010,3.0,60,5.0
73,873,2011,1.0,43,2.3255813953488373
73,873,2012,2.0,39,5.128205128205128
73,873,2013,0.0,27,0.0
73,873,2014,0.0,41,0.0
73,873,2015,1.0,27,3.7037037037037033
73,873,2016,0.0,25,0.0
73,873,2017,1.0,22,4.545454545454546
73,873,2018,0.0,17,0.0
73,873,2019,0.0,21,0.0
73,873,2020,1.0,27,3.7037037037037033
73,873,2021,2.0,17,11.76470588235294
73,873,2022,0.0,14,0.0
73,873,2023,2.0,7,28.57142857142857
73,873,2024,1.0,9,11.11111111111111
73,001,2008,913.0,10055,9.080059671805072
73,001,2009,996.0,9961,9.99899608473045
73,001,2010,897.0,9592,9.351542952460383
73,001,2011,895.0,9930,9.013091641490432
73,001,2014,725.0,9212,7.870169344333478
73,001,2015,638.0,9213,6.92499728644307
73,001,2016,640.0,8788,7.282658170232134
73,001,2017,760.0,8812,8.624602814344076
73,001,2018,670.0,8460,7.919621749408984
73,001,2019,662.0,7860,8.422391857506362
73,001,2020,668.0,7242,9.223971278652305
73,001,2021,745.0,7095,10.500352360817477
73,001,2022,867.0,7431,11.66733952361728
73,001,2023,764.0,6741,11.33363002521881
73,001,2024,652.0,6032,10.809018567639257
73,024,2008,2.0,35,5.714285714285714
73,024,2009,0.0,15,0.0
73,024,2010,0.0,21,0.0
73,024,2011,0.0,24,0.0
73,024,2014,0.0,19,0.0
73,024,2015,1.0,14,7.142857142857142
73,024,2016,0.0,16,0.0
73,024,2017,0.0,13,0.0
73,024,2018,0.0,6,0.0
73,024,2019,1.0,7,14.285714285714285
73,024,2020,0.0,14,0.0
73,024,2021,0.0,11,0.0
73,024,2022,0.0,3,0.0
73,024,2024,0.0,1,0.0
73,026,2008,2.0,63,3.1746031746031744
73,026,2009,0.0,37,0.0
73,026,2010,0.0,34,0.0
73,026,2011,0.0,43,0.0
73,026,2014,0.0,12,0.0
73,026,2015,3.0,30,10.0
73,026,2016,2.0,30,6.666666666666667
73,026,2017,4.0,35,11.428571428571429
73,026,2018,3.0,32,9.375
73,026,2019,2.0,17,11.76470588235294
73,026,2020,0.0,21,0.0
73,026,2021,2.0,12,16.666666666666664
73,026,2022,0.0,11,0.0
73,026,2023,0.0,8,0.0
73,026,2024,1.0,4,25.0
73,030,2008,3.0,41,7.317073170731707
73,030,2009,0.0,62,0.0
73,030,2010,1.0,27,3.7037037037037033
73,030,2011,1.0,48,2.083333333333333
73,030,2014,0.0,13,0.0
73,030,2015,1.0,15,6.666666666666667
73,030,2016,1.0,11,9.090909090909092
73,030,2017,0.0,17,0.0
73,030,2018,1.0,9,11.11111111111111
73,030,2019,2.0,11,18.181818181818183
73,030,2020,0.0,11,0.0
73,030,2021,0.0,4,0.0
73,030,2022,0.0,9,0.0
73,030,2023,0.0,7,0.0
73,030,2024,0.0,2,0.0
73,043,2008,2.0,103,1.9417475728155338
73,043,2009,8.0,99,8.080808080808081
73,043,2010,4.0,74,5.405405405405405
73,043,2011,1.0,65,1.5384615384615385
73,043,2014,2.0,40,5.0
73,043,2015,2.0,33,6.0606060606060606
73,043,2016,2.0,34,5.88235294117647
73,043,2017,1.0,43,2.3255813953488373
73,043,2018,4.0,25,16.0
73,043,2019,0.0,8,0.0
73,043,2020,1.0,24,4.166666666666666
73,043,2021,1.0,15,6.666666666666667
73,043,2022,0.0,11,0.0
73,043,2023,0.0,24,0.0
73,043,2024,0.0,19,0.0
73,055,2008,4.0,94,4.25531914893617
73,055,2009,6.0,76,7.894736842105263
73,055,2010,3.0,54,5.555555555555555
73,055,2011,3.0,51,5.88235294117647
73,055,2014,0.0,30,0.0
73,055,2015,3.0,33,9.090909090909092
73,055,2016,0.0,23,0.0
73,055,2017,5.0,41,12.195121951219512
73,055,2018,0.0,26,0.0
73,055,2019,1.0,37,2.7027027027027026
73,055,2020,1.0,27,3.7037037037037033
73,055,2021,0.0,15,0.0
73,055,2022,1.0,14,7.142857142857142
73,055,2023,1.0,8,12.5
73,055,2024,0.0,2,0.0
73,067,2008,14.0,185,7.567567567567568
73,067,2009,3.0,148,2.027027027027027
73,067,2010,4.0,157,2.547770700636943
73,067,2011,7.0,133,5.263157894736842
73,067,2014,2.0,100,2.0
73,067,2015,4.0,98,4.081632653061225
73,067,2016,10.0,123,8.130081300813007
73,067,2017,3.0,134,2.2388059701492535
73,067,2018,9.0,126,7.142857142857142
73,067,2019,3.0,93,3.225806451612903
73,067,2020,4.0,120,3.3333333333333335
73,067,2021,8.0,142,5.633802816901409
73,067,2022,2.0,85,2.3529411764705883
73,067,2023,2.0,80,2.5
73,067,2024,3.0,39,7.6923076923076925
76,1,1998,3190.0,39154,8.147315727639578
76,1,1999,3246.0,39598,8.197383706247791
76,1,2000,3829.0,40546,9.4435949292162
76,1,2001,3567.0,35383,10.081112398609502
76,1,2002,3818.0,34946,10.925427802895896
76,1,2003,3710.0,37417,9.915279151187963
76,1,2004,4142.0,38877,10.65411425778738
76,1,2005,4389.0,38583,11.375476246015085
76,1,2006,4699.0,38436,12.225517743781872
76,1,2007,4337.0,38289,11.32701298022931
76,1,2012,3824.0,35676,10.71869043614755
76,1,2013,3661.0,34799,10.520417253369349
76,100,1998,1.0,64,1.5625
76,100,1999,1.0,113,0.8849557522123894
76,100,2000,3.0,99,3.0303030303030303
76,100,2001,1.0,84,1.1904761904761905
76,100,2002,5.0,74,6.756756756756757
76,100,2003,2.0,75,2.666666666666667
76,100,2004,6.0,89,6.741573033707865
76,100,2005,1.0,69,1.4492753623188406
76,100,2006,3.0,63,4.761904761904762
76,100,2007,2.0,32,6.25
76,100,2008,1.0,21,4.761904761904762
76,100,2009,0.0,28,0.0
76,100,2010,0.0,25,0.0
76,100,2011,0.0,22,0.0
76,100,2012,0.0,15,0.0
76,100,2013,1.0,10,10.0
76,100,2014,1.0,12,8.333333333333332
76,100,2015,0.0,12,0.0
76,100,2016,2.0,22,9.090909090909092
76,100,2017,2.0,17,11.76470588235294
76,100,2018,3.0,14,21.428571428571427
76,100,2019,1.0,15,6.666666666666667
76,100,2020,1.0,12,8.333333333333332
76,100,2021,3.0,19,15.789473684210526
76,100,2022,2.0,17,11.76470588235294
76,100,2023,3.0,17,17.647058823529413
76,100,2024,2.0,6,33.33333333333333
76,109,1998,213.0,2739,7.776560788608982
76,109,1999,220.0,2939,7.48553929908132
76,109,2000,265.0,3470,7.636887608069164
76,109,2001,261.0,3329,7.840192249924903
76,109,2002,188.0,2886,6.5142065142065135
76,109,2003,195.0,3280,5.945121951219512
76,109,2004,259.0,4233,6.118592015119301
76,109,2005,259.0,4547,5.6960633384649215
76,109,2006,300.0,4810,6.237006237006238
76,109,2007,329.0,4741,6.939464248048935
76,109,2008,357.0,5176,6.897217928902627
76,109,2009,384.0,5072,7.570977917981073
76,109,2010,375.0,4813,7.7913982962809065
76,109,2011,442.0,5488,8.053935860058308
76,109,2012,479.0,5818,8.233069783430732
76,109,2013,321.0,4448,7.216726618705035
76,109,2014,330.0,5211,6.332757628094416
76,109,2015,386.0,4606,8.38037342596613
76,109,2016,391.0,4538,8.61613045394447
76,109,2017,376.0,4653,8.080808080808081
76,109,2018,306.0,4281,7.147862648913805
76,109,2019,385.0,4233,9.09520434679896
76,109,2020,325.0,4112,7.903696498054474
76,109,2021,314.0,4376,7.175502742230347
76,109,2022,227.0,3194,7.107075767063244
76,109,2023,247.0,2829,8.731000353481795
76,109,2024,212.0,2240,9.464285714285714
76,111,1998,90.0,2144,4.197761194029851
76,111,1999,65.0,1892,3.4355179704016914
76,111,2000,74.0,1584,4.671717171717172
76,111,2001,75.0,2020,3.7128712871287126
76,111,2002,80.0,2237,3.5762181493071075
76,111,2003,98.0,2149,4.5602605863192185
76,111,2004,77.0,2206,3.4904805077062555
76,111,2005,116.0,2543,4.561541486433347
76,111,2006,192.0,2601,7.381776239907728
76,111,2007,205.0,2502,8.193445243804955
76,111,2008,169.0,2261,7.474568774878372
76,111,2009,184.0,2312,7.958477508650519
76,111,2010,204.0,2201,9.26851431167651
76,111,2011,219.0,2260,9.690265486725663
76,111,2012,190.0,2265,8.388520971302428
76,111,2013,184.0,2074,8.871745419479266
76,111,2014,189.0,2242,8.429973238180196
76,111,2015,186.0,2143,8.67942137190854
76,111,2016,157.0,2105,7.458432304038004
76,111,2017,197.0,2216,8.889891696750903
76,111,2018,164.0,2078,7.892204042348412
76,111,2019,154.0,1813,8.494208494208493
76,111,2020,146.0,1838,7.94341675734494
76,111,2021,185.0,1863,9.930220075147611
76,111,2022,207.0,1936,10.692148760330578
76,111,2023,208.0,1711,12.156633547632962
76,111,2024,208.0,1594,13.048933500627353
76,113,1998,13.0,192,6.770833333333333
76,113,1999,9.0,176,5.113636363636364
76,113,2000,16.0,174,9.195402298850574
76,113,2001,14.0,153,9.15032679738562
76,113,2002,1.0,74,1.3513513513513513
76,113,2003,3.0,53,5.660377358490567
76,113,2004,5.0,69,7.246376811594203
76,113,2005,3.0,63,4.761904761904762
76,113,2006,1.0,36,2.7777777777777777
76,113,2007,0.0,33,0.0
76,113,2008,0.0,33,0.0
76,113,2009,1.0,37,2.7027027027027026
76,113,2010,0.0,20,0.0
76,113,2011,1.0,28,3.571428571428571
76,113,2012,2.0,19,10.526315789473683
76,113,2013,0.0,9,0.0
76,113,2014,0.0,5,0.0
76,113,2015,1.0,11,9.090909090909092
76,113,2016,2.0,9,22.22222222222222
76,113,2017,1.0,8,12.5
76,113,2018,0.0,5,0.0
76,113,2019,0.0,1,0.0
76,113,2020,0.0,1,0.0
76,113,2022,1.0,2,50.0
76,113,2023,0.0,1,0.0
76,113,2024,0.0,3,0.0
76,122,1998,32.0,672,4.761904761904762
76,122,1999,34.0,613,5.5464926590538335
76,122,2000,23.0,594,3.872053872053872
76,122,2001,11.0,453,2.4282560706401766
76,122,2002,12.0,329,3.64741641337386
76,122,2003,6.0,282,2.127659574468085
76,122,2004,10.0,263,3.802281368821293
76,122,2005,5.0,245,2.0408163265306123
76,122,2006,7.0,182,3.8461538461538463
76,122,2007,6.0,190,3.1578947368421053
76,122,2008,8.0,146,5.47945205479452
76,122,2009,4.0,159,2.515723270440252
76,122,2010,5.0,104,4.807692307692308
76,122,2011,4.0,105,3.8095238095238098
76,122,2012,4.0,108,3.7037037037037033
76,122,2013,5.0,105,4.761904761904762
76,122,2014,3.0,61,4.918032786885246
76,122,2015,1.0,65,1.5384615384615385
76,122,2016,2.0,61,3.278688524590164
76,122,2017,3.0,97,3.0927835051546393
76,122,2018,3.0,84,3.571428571428571
76,122,2019,3.0,62,4.838709677419355
76,122,2020,2.0,47,4.25531914893617
76,122,2021,4.0,40,10.0
76,122,2022,3.0,35,8.571428571428571
76,122,2023,5.0,29,17.24137931034483
76,122,2024,4.0,16,25.0
76,126,1998,7.0,149,4.697986577181208
76,126,1999,6.0,139,4.316546762589928
76,126,2000,4.0,174,2.2988505747126435
76,126,2001,11.0,136,8.088235294117647
76,126,2002,5.0,102,4.901960784313726
76,126,2003,9.0,82,10.975609756097562
76,126,2004,8.0,105,7.6190476190476195
76,126,2005,2.0,68,2.941176470588235
76,126,2006,1.0,99,1.0101010101010102
76,126,2007,3.0,76,3.9473684210526314
76,126,2008,1.0,65,1.5384615384615385
76,126,2009,0.0,59,0.0
76,126,2010,2.0,60,3.3333333333333335
76,126,2011,3.0,52,5.769230769230769
76,126,2012,0.0,32,0.0
76,126,2013,0.0,35,0.0
76,126,2014,1.0,31,3.225806451612903
76,126,2015,1.0,27,3.7037037037037033
76,126,2016,0.0,44,0.0
76,126,2017,2.0,28,7.142857142857142
76,126,2018,0.0,20,0.0
76,126,2019,1.0,25,4.0
76,126,2020,3.0,60,5.0
76,126,2021,2.0,51,3.9215686274509802
76,126,2022,0.0,17,0.0
76,126,2023,0.0,13,0.0
76,126,2024,0.0,16,0.0
76,130,1998,12.0,322,3.7267080745341614
76,130,1999,15.0,373,4.021447721179625
76,130,2000,14.0,372,3.763440860215054
76,130,2001,8.0,226,3.5398230088495577
76,130,2002,16.0,239,6.694560669456067
76,130,2003,13.0,257,5.058365758754864
76,130,2004,11.0,231,4.761904761904762
76,130,2005,11.0,238,4.621848739495799
76,130,2006,8.0,181,4.41988950276243
76,130,2007,7.0,227,3.0837004405286343
76,130,2008,10.0,164,6.097560975609756
76,130,2009,2.0,163,1.2269938650306749
76,130,2010,12.0,128,9.375
76,130,2011,10.0,172,5.813953488372093
76,130,2012,5.0,164,3.048780487804878
76,130,2013,7.0,152,4.605263157894736
76,130,2014,3.0,85,3.5294117647058822
76,130,2015,7.0,89,7.865168539325842
76,130,2016,3.0,104,2.8846153846153846
76,130,2017,0.0,88,0.0
76,130,2018,4.0,60,6.666666666666667
76,130,2019,4.0,41,9.75609756097561
76,130,2020,4.0,81,4.938271604938271
76,130,2021,4.0,47,8.51063829787234
76,130,2022,4.0,24,16.666666666666664
76,130,2023,1.0,12,8.333333333333332
76,130,2024,2.0,10,20.0
76,147,1998,153.0,2471,6.191825171995144
76,147,1999,140.0,2540,5.511811023622047
76,147,2000,158.0,2595,6.088631984585742
76,147,2001,162.0,2664,6.081081081081082
76,147,2002,152.0,2467,6.1613295500608025
76,147,2003,130.0,2522,5.154639175257731
76,147,2004,137.0,2411,5.682289506428868
76,147,2005,109.0,2464,4.423701298701299
76,147,2006,114.0,2460,4.634146341463414
76,147,2007,121.0,2175,5.5632183908045985
76,147,2008,72.0,2270,3.1718061674008813
76,147,2009,79.0,2230,3.5426008968609866
76,147,2010,87.0,2059,4.225352112676056
76,147,2011,67.0,1982,3.380423814328961
76,147,2012,34.0,1896,1.7932489451476792
76,147,2013,27.0,1551,1.7408123791102514
76,147,2014,34.0,1529,2.2236756049705693
76,147,2015,15.0,1045,1.4354066985645932
76,147,2016,20.0,868,2.3041474654377883
76,147,2017,13.0,928,1.4008620689655173
76,147,2018,18.0,967,1.861427094105481
76,147,2019,17.0,808,2.103960396039604
76,147,2020,24.0,773,3.1047865459249677
76,147,2021,11.0,784,1.403061224489796
76,147,2022,47.0,1102,4.26497277676951
76,147,2023,37.0,877,4.218928164196123
76,147,2024,21.0,452,4.646017699115045
76,20,1998,8.0,134,5.970149253731343
76,20,1999,3.0,181,1.6574585635359116
76,20,2000,5.0,177,2.824858757062147
76,20,2001,3.0,176,1.7045454545454544
76,20,2002,9.0,176,5.113636363636364
76,20,2003,2.0,187,1.06951871657754
76,20,2004,6.0,141,4.25531914893617
76,20,2005,6.0,128,4.6875
76,20,2006,5.0,100,5.0
76,20,2007,1.0,97,1.0309278350515463
76,20,2012,0.0,33,0.0
76,20,2013,0.0,51,0.0
76,233,1998,12.0,375,3.2
76,233,1999,13.0,307,4.234527687296417
76,233,2000,14.0,308,4.545454545454546
76,233,2001,6.0,246,2.4390243902439024
76,233,2002,4.0,218,1.834862385321101
76,233,2003,8.0,208,3.8461538461538463
76,233,2004,2.0,186,1.0752688172043012
76,233,2005,5.0,188,2.6595744680851063
76,233,2006,8.0,160,5.0
76,233,2007,2.0,145,1.3793103448275863
76,233,2008,5.0,104,4.807692307692308
76,233,2009,4.0,152,2.631578947368421
76,233,2010,3.0,172,1.744186046511628
76,233,2011,2.0,132,1.5151515151515151
76,233,2012,2.0,129,1.550387596899225
76,233,2013,6.0,145,4.137931034482759
76,233,2014,3.0,73,4.10958904109589
76,233,2015,3.0,83,3.614457831325301
76,233,2016,2.0,96,2.083333333333333
76,233,2017,1.0,93,1.0752688172043012
76,233,2018,5.0,108,4.62962962962963
76,233,2019,5.0,80,6.25
76,233,2020,6.0,104,5.769230769230769
76,233,2021,4.0,91,4.395604395604396
76,233,2022,1.0,47,2.127659574468085
76,233,2023,2.0,35,5.714285714285714
76,233,2024,2.0,30,6.666666666666667
76,243,1998,7.0,159,4.40251572327044
76,243,1999,6.0,172,3.488372093023256
76,243,2000,3.0,153,1.9607843137254901
76,243,2001,6.0,164,3.6585365853658534
76,243,2002,9.0,149,6.0402684563758395
76,243,2003,8.0,139,5.755395683453238
76,243,2004,1.0,105,0.9523809523809524
76,243,2005,2.0,86,2.3255813953488373
76,243,2006,0.0,99,0.0
76,243,2007,5.0,91,5.4945054945054945
76,243,2008,11.0,88,12.5
76,243,2009,3.0,81,3.7037037037037033
76,243,2010,0.0,51,0.0
76,243,2011,2.0,61,3.278688524590164
76,243,2012,1.0,42,2.380952380952381
76,243,2013,2.0,50,4.0
76,243,2014,1.0,27,3.7037037037037033
76,243,2015,0.0,19,0.0
76,243,2016,1.0,17,5.88235294117647
76,243,2017,1.0,31,3.225806451612903
76,243,2018,0.0,29,0.0
76,243,2019,1.0,25,4.0
76,243,2020,0.0,24,0.0
76,243,2021,1.0,29,3.4482758620689653
76,243,2022,1.0,12,8.333333333333332
76,243,2023,0.0,15,0.0
76,243,2024,0.0,5,0.0
76,246,1998,7.0,102,6.862745098039216
76,246,1999,9.0,115,7.82608695652174
76,246,2000,2.0,81,2.4691358024691357
76,246,2001,5.0,102,4.901960784313726
76,246,2002,7.0,89,7.865168539325842
76,246,2003,4.0,99,4.040404040404041
76,246,2004,5.0,82,6.097560975609756
76,246,2005,2.0,57,3.508771929824561
76,246,2006,2.0,30,6.666666666666667
76,246,2007,0.0,35,0.0
76,246,2008,2.0,38,5.263157894736842
76,246,2009,3.0,44,6.8181818181818175
76,246,2010,1.0,22,4.545454545454546
76,246,2011,2.0,28,7.142857142857142
76,246,2012,1.0,18,5.555555555555555
76,246,2013,1.0,23,4.3478260869565215
76,246,2014,1.0,19,5.263157894736842
76,246,2015,2.0,18,11.11111111111111
76,246,2016,2.0,25,8.0
76,246,2017,1.0,17,5.88235294117647
76,246,2018,2.0,22,9.090909090909092
76,246,2019,4.0,26,15.384615384615385
76,246,2020,0.0,21,0.0
76,246,2021,4.0,20,20.0
76,246,2022,0.0,4,0.0
76,246,2023,0.0,3,0.0
76,246,2024,1.0,8,12.5
76,248,1998,23.0,330,6.969696969696971
76,248,1999,23.0,412,5.582524271844661
76,248,2000,16.0,310,5.161290322580645
76,248,2001,9.0,238,3.7815126050420167
76,248,2002,13.0,217,5.990783410138248
76,248,2003,5.0,237,2.109704641350211
76,248,2004,7.0,190,3.684210526315789
76,248,2005,6.0,214,2.803738317757009
76,248,2006,4.0,104,3.8461538461538463
76,248,2007,8.0,131,6.106870229007633
76,248,2008,5.0,153,3.2679738562091507
76,248,2009,1.0,132,0.7575757575757576
76,248,2010,3.0,134,2.2388059701492535
76,248,2011,4.0,153,2.6143790849673203
76,248,2012,9.0,112,8.035714285714286
76,248,2013,2.0,96,2.083333333333333
76,248,2014,0.0,70,0.0
76,248,2015,1.0,69,1.4492753623188406
76,248,2016,4.0,87,4.597701149425287
76,248,2017,7.0,77,9.090909090909092
76,248,2018,4.0,53,7.547169811320755
76,248,2019,2.0,38,5.263157894736842
76,248,2020,1.0,56,1.7857142857142856
76,248,2021,2.0,35,5.714285714285714
76,248,2022,4.0,20,20.0
76,248,2023,1.0,6,16.666666666666664
76,248,2024,1.0,5,20.0
76,250,1998,14.0,144,9.722222222222223
76,250,1999,5.0,134,3.731343283582089
76,250,2000,9.0,134,6.7164179104477615
76,250,2001,6.0,134,4.477611940298507
76,250,2002,6.0,113,5.3097345132743365
76,250,2003,6.0,143,4.195804195804196
76,250,2004,4.0,148,2.7027027027027026
76,250,2005,2.0,123,1.6260162601626018
76,250,2006,2.0,109,1.834862385321101
76,250,2007,4.0,63,6.349206349206349
76,250,2008,0.0,35,0.0
76,250,2009,4.0,51,7.8431372549019605
76,250,2010,2.0,59,3.389830508474576
76,250,2011,4.0,52,7.6923076923076925
76,250,2012,1.0,31,3.225806451612903
76,250,2013,7.0,66,10.606060606060606
76,250,2014,0.0,45,0.0
76,250,2015,1.0,40,2.5
76,250,2016,6.0,54,11.11111111111111
76,250,2017,3.0,72,4.166666666666666
76,250,2018,8.0,47,17.02127659574468
76,250,2019,1.0,59,1.694915254237288
76,250,2020,2.0,68,2.941176470588235
76,250,2021,4.0,64,6.25
76,250,2022,3.0,58,5.172413793103448
76,250,2023,1.0,36,2.7777777777777777
76,250,2024,1.0,21,4.761904761904762
76,275,1998,6.0,180,3.3333333333333335
76,275,1999,8.0,483,1.6563146997929608
76,275,2000,26.0,565,4.601769911504425
76,275,2001,15.0,589,2.5466893039049237
76,275,2002,21.0,540,3.888888888888889
76,275,2003,6.0,584,1.0273972602739725
76,275,2004,11.0,619,1.7770597738287561
76,275,2005,17.0,585,2.905982905982906
76,275,2006,12.0,496,2.4193548387096775
76,275,2007,11.0,402,2.736318407960199
76,275,2008,14.0,454,3.0837004405286343
76,275,2009,13.0,455,2.857142857142857
76,275,2010,9.0,387,2.3255813953488373
76,275,2011,8.0,393,2.035623409669211
76,275,2012,9.0,338,2.6627218934911245
76,275,2013,1.0,304,0.3289473684210526
76,275,2014,11.0,292,3.767123287671233
76,275,2015,3.0,193,1.5544041450777202
76,275,2016,4.0,243,1.646090534979424
76,275,2017,5.0,287,1.7421602787456445
76,275,2018,13.0,246,5.284552845528456
76,275,2019,10.0,177,5.649717514124294
76,275,2020,11.0,177,6.214689265536723
76,275,2021,5.0,170,2.941176470588235
76,275,2022,6.0,115,5.217391304347826
76,275,2023,5.0,56,8.928571428571429
76,275,2024,2.0,32,6.25
76,306,1998,2.0,77,2.5974025974025974
76,306,1999,3.0,125,2.4
76,306,2000,6.0,127,4.724409448818897
76,306,2001,8.0,103,7.766990291262135
76,306,2002,1.0,80,1.25
76,306,2003,1.0,100,1.0
76,306,2004,3.0,101,2.9702970297029703
76,306,2005,2.0,102,1.9607843137254901
76,306,2006,4.0,106,3.7735849056603774
76,306,2007,4.0,89,4.49438202247191
76,306,2008,1.0,68,1.4705882352941175
76,306,2009,1.0,63,1.5873015873015872
76,306,2010,3.0,62,4.838709677419355
76,306,2011,3.0,49,6.122448979591836
76,306,2012,1.0,61,1.639344262295082
76,306,2013,0.0,51,0.0
76,306,2014,0.0,27,0.0
76,306,2015,2.0,35,5.714285714285714
76,306,2016,0.0,32,0.0
76,306,2017,0.0,21,0.0
76,306,2018,0.0,18,0.0
76,306,2019,0.0,10,0.0
76,306,2020,0.0,22,0.0
76,306,2021,4.0,18,22.22222222222222
76,306,2022,2.0,7,28.57142857142857
76,306,2023,0.0,5,0.0
76,306,2024,1.0,2,50.0
76,318,1998,4.0,177,2.2598870056497176
76,318,1999,4.0,209,1.9138755980861244
76,318,2000,6.0,161,3.7267080745341614
76,318,2001,6.0,163,3.6809815950920246
76,318,2002,2.0,116,1.7241379310344827
76,318,2003,8.0,107,7.476635514018691
76,318,2004,6.0,182,3.296703296703297
76,318,2005,4.0,149,2.684563758389262
76,318,2006,7.0,123,5.691056910569105
76,318,2007,7.0,127,5.511811023622047
76,318,2008,2.0,138,1.4492753623188406
76,318,2009,3.0,116,2.586206896551724
76,318,2010,2.0,97,2.0618556701030926
76,318,2011,3.0,77,3.896103896103896
76,318,2012,1.0,67,1.4925373134328357
76,318,2013,3.0,65,4.615384615384616
76,318,2014,1.0,43,2.3255813953488373
76,318,2015,0.0,30,0.0
76,318,2016,1.0,32,3.125
76,318,2017,0.0,34,0.0
76,318,2018,0.0,27,0.0
76,318,2019,1.0,22,4.545454545454546
76,318,2020,1.0,23,4.3478260869565215
76,318,2021,1.0,13,7.6923076923076925
76,318,2022,1.0,19,5.263157894736842
76,318,2023,1.0,18,5.555555555555555
76,318,2024,0.0,2,0.0
76,36,1998,0.0,102,0.0
76,36,1999,5.0,95,5.263157894736842
76,36,2000,8.0,135,5.9259259259259265
76,36,2001,1.0,90,1.1111111111111112
76,36,2002,1.0,59,1.694915254237288
76,36,2003,0.0,92,0.0
76,36,2004,3.0,73,4.10958904109589
76,36,2005,1.0,52,1.9230769230769231
76,36,2006,2.0,37,5.405405405405405
76,36,2007,2.0,38,5.263157894736842
76,36,2012,0.0,14,0.0
76,36,2013,0.0,5,0.0
76,364,1998,11.0,337,3.2640949554896146
76,364,1999,28.0,441,6.349206349206349
76,364,2000,36.0,463,7.775377969762419
76,364,2001,23.0,470,4.8936170212765955
76,364,2002,19.0,427,4.449648711943794
76,364,2003,14.0,318,4.40251572327044
76,364,2004,13.0,350,3.7142857142857144
76,364,2005,12.0,275,4.363636363636364
76,364,2006,9.0,285,3.1578947368421053
76,364,2007,13.0,330,3.939393939393939
76,364,2008,8.0,240,3.3333333333333335
76,364,2009,9.0,204,4.411764705882353
76,364,2010,8.0,224,3.571428571428571
76,364,2011,7.0,226,3.0973451327433628
76,364,2012,7.0,243,2.880658436213992
76,364,2013,5.0,208,2.403846153846154
76,364,2014,8.0,216,3.7037037037037033
76,364,2015,3.0,243,1.2345679012345678
76,364,2016,8.0,237,3.375527426160337
76,364,2017,8.0,297,2.6936026936026933
76,364,2018,10.0,322,3.1055900621118013
76,364,2019,13.0,301,4.318936877076411
76,364,2020,13.0,252,5.158730158730158
76,364,2021,9.0,169,5.325443786982249
76,364,2022,5.0,141,3.546099290780142
76,364,2023,11.0,115,9.565217391304348
76,364,2024,3.0,81,3.7037037037037033
76,377,1998,4.0,70,5.714285714285714
76,377,1999,3.0,81,3.7037037037037033
76,377,2000,3.0,83,3.614457831325301
76,377,2001,5.0,83,6.024096385542169
76,377,2002,5.0,76,6.578947368421052
76,377,2003,3.0,60,5.0
76,377,2004,2.0,56,3.571428571428571
76,377,2005,0.0,54,0.0
76,377,2006,1.0,43,2.3255813953488373
76,377,2007,1.0,48,2.083333333333333
76,377,2008,0.0,37,0.0
76,377,2009,1.0,48,2.083333333333333
76,377,2010,3.0,34,8.823529411764707
76,377,2011,1.0,33,3.0303030303030303
76,377,2012,1.0,35,2.857142857142857
76,377,2013,4.0,31,12.903225806451612
76,377,2014,1.0,21,4.761904761904762
76,377,2015,2.0,25,8.0
76,377,2016,1.0,38,2.631578947368421
76,377,2017,1.0,20,5.0
76,377,2018,0.0,24,0.0
76,377,2019,0.0,31,0.0
76,377,2020,0.0,21,0.0
76,377,2021,0.0,10,0.0
76,377,2022,0.0,10,0.0
76,377,2023,0.0,8,0.0
76,377,2024,1.0,7,14.285714285714285
76,400,1998,5.0,196,2.5510204081632653
76,400,1999,7.0,319,2.19435736677116
76,400,2000,8.0,269,2.973977695167286
76,400,2001,9.0,312,2.8846153846153846
76,400,2002,7.0,270,2.5925925925925926
76,400,2003,10.0,267,3.7453183520599254
76,400,2004,9.0,303,2.9702970297029703
76,400,2005,5.0,217,2.3041474654377883
76,400,2006,3.0,205,1.4634146341463417
76,400,2007,1.0,212,0.4716981132075472
76,400,2008,3.0,120,2.5
76,400,2009,4.0,166,2.4096385542168677
76,400,2010,4.0,152,2.631578947368421
76,400,2011,4.0,116,3.4482758620689653
76,400,2012,1.0,92,1.0869565217391304
76,400,2013,2.0,72,2.7777777777777777
76,400,2014,0.0,51,0.0
76,400,2015,1.0,79,1.2658227848101267
76,400,2016,4.0,84,4.761904761904762
76,400,2017,1.0,54,1.8518518518518516
76,400,2018,1.0,46,2.1739130434782608
76,400,2019,2.0,34,5.88235294117647
76,400,2020,3.0,28,10.714285714285714
76,400,2021,5.0,27,18.51851851851852
76,400,2022,5.0,21,23.809523809523807
76,400,2023,2.0,17,11.76470588235294
76,400,2024,2.0,5,40.0
76,403,1998,6.0,94,6.382978723404255
76,403,1999,4.0,108,3.7037037037037033
76,403,2000,5.0,142,3.5211267605633805
76,403,2001,3.0,100,3.0
76,403,2002,1.0,92,1.0869565217391304
76,403,2003,3.0,82,3.6585365853658534
76,403,2004,2.0,72,2.7777777777777777
76,403,2005,3.0,69,4.3478260869565215
76,403,2006,2.0,49,4.081632653061225
76,403,2007,3.0,54,5.555555555555555
76,403,2008,1.0,48,2.083333333333333
76,403,2009,1.0,56,1.7857142857142856
76,403,2010,0.0,43,0.0
76,403,2011,0.0,19,0.0
76,403,2012,0.0,27,0.0
76,403,2013,0.0,13,0.0
76,403,2014,0.0,11,0.0
76,403,2015,0.0,12,0.0
76,403,2016,1.0,21,4.761904761904762
76,403,2017,2.0,17,11.76470588235294
76,403,2018,0.0,12,0.0
76,403,2019,0.0,9,0.0
76,403,2020,2.0,6,33.33333333333333
76,403,2021,1.0,12,8.333333333333332
76,403,2022,1.0,6,16.666666666666664
76,403,2023,0.0,3,0.0
76,403,2024,0.0,5,0.0
76,41,1998,11.0,236,4.661016949152542
76,41,1999,18.0,293,6.143344709897611
76,41,2000,21.0,271,7.7490774907749085
76,41,2001,16.0,263,6.083650190114068
76,41,2002,13.0,290,4.482758620689655
76,41,2003,12.0,228,5.263157894736842
76,41,2004,15.0,197,7.614213197969544
76,41,2005,12.0,195,6.153846153846154
76,41,2006,10.0,175,5.714285714285714
76,41,2007,5.0,149,3.3557046979865772
76,41,2012,3.0,62,4.838709677419355
76,41,2013,5.0,55,9.090909090909092
76,497,1998,3.0,140,2.142857142857143
76,497,1999,7.0,158,4.430379746835443
76,497,2000,3.0,126,2.380952380952381
76,497,2001,5.0,128,3.90625
76,497,2002,4.0,110,3.6363636363636362
76,497,2003,4.0,113,3.5398230088495577
76,497,2004,0.0,99,0.0
76,497,2005,4.0,90,4.444444444444445
76,497,2006,1.0,80,1.25
76,497,2007,3.0,69,4.3478260869565215
76,497,2008,2.0,56,3.571428571428571
76,497,2009,1.0,52,1.9230769230769231
76,497,2010,3.0,45,6.666666666666667
76,497,2011,0.0,51,0.0
76,497,2012,0.0,49,0.0
76,497,2013,0.0,33,0.0
76,497,2014,0.0,25,0.0
76,497,2015,0.0,22,0.0
76,497,2016,2.0,36,5.555555555555555
76,497,2017,0.0,28,0.0
76,497,2018,0.0,20,0.0
76,497,2019,0.0,16,0.0
76,497,2020,0.0,34,0.0
76,497,2021,0.0,28,0.0
76,497,2022,1.0,10,10.0
76,497,2023,0.0,10,0.0
76,497,2024,0.0,4,0.0
76,520,1998,181.0,4518,4.006197432492254
76,520,1999,179.0,4089,4.37759843482514
76,520,2000,181.0,4672,3.8741438356164384
76,520,2001,192.0,4895,3.922369765066394
76,520,2002,126.0,4544,2.772887323943662
76,520,2003,156.0,4507,3.4612824495229644
76,520,2004,132.0,4495,2.9365962180200222
76,520,2005,157.0,4302,3.6494653649465367
76,520,2006,138.0,4334,3.1841255191509004
76,520,2007,111.0,4256,2.6080827067669174
76,520,2008,106.0,4194,2.527420123986648
76,520,2009,111.0,3985,2.7854454203262233
76,520,2010,92.0,3470,2.6512968299711814
76,520,2011,133.0,3629,3.664921465968586
76,520,2012,202.0,3773,5.353829843625761
76,520,2013,258.0,3777,6.830818109610802
76,520,2014,195.0,3619,5.388228792484111
76,520,2015,208.0,3935,5.285895806861499
76,520,2016,227.0,4116,5.515063168124393
76,520,2017,298.0,4179,7.130892558028236
76,520,2018,208.0,3940,5.279187817258883
76,520,2019,177.0,3194,5.54164057608015
76,520,2020,163.0,3175,5.133858267716535
76,520,2021,222.0,3340,6.646706586826347
76,520,2022,173.0,2508,6.897926634768741
76,520,2023,177.0,2214,7.994579945799458
76,520,2024,170.0,2316,7.340241796200346
76,54,1998,6.0,99,6.0606060606060606
76,54,1999,3.0,102,2.941176470588235
76,54,2000,5.0,121,4.132231404958678
76,54,2001,6.0,110,5.454545454545454
76,54,2002,3.0,82,3.6585365853658534
76,54,2003,0.0,71,0.0
76,54,2004,2.0,62,3.225806451612903
76,54,2005,2.0,45,4.444444444444445
76,54,2006,3.0,34,8.823529411764707
76,54,2007,6.0,57,10.526315789473683
76,54,2012,0.0,44,0.0
76,54,2013,1.0,35,2.857142857142857
76,563,1998,12.0,285,4.2105263157894735
76,563,1999,18.0,399,4.511278195488721
76,563,2000,8.0,392,2.0408163265306123
76,563,2001,10.0,345,2.898550724637681
76,563,2002,10.0,347,2.881844380403458
76,563,2003,13.0,340,3.823529411764706
76,563,2004,12.0,285,4.2105263157894735
76,563,2005,7.0,254,2.7559055118110236
76,563,2006,5.0,203,2.4630541871921183
76,563,2007,7.0,176,3.977272727272727
76,563,2008,6.0,184,3.260869565217391
76,563,2009,1.0,187,0.53475935828877
76,563,2010,5.0,144,3.4722222222222223
76,563,2011,4.0,153,2.6143790849673203
76,563,2012,3.0,107,2.803738317757009
76,563,2013,5.0,100,5.0
76,563,2014,1.0,63,1.5873015873015872
76,563,2015,2.0,52,3.8461538461538463
76,563,2016,3.0,55,5.454545454545454
76,563,2017,4.0,102,3.9215686274509802
76,563,2018,5.0,93,5.376344086021505
76,563,2019,2.0,79,2.5316455696202533
76,563,2020,3.0,85,3.5294117647058822
76,563,2021,3.0,86,3.488372093023256
76,563,2022,2.0,56,3.571428571428571
76,563,2023,2.0,34,5.88235294117647
76,563,2024,0.0,44,0.0
76,606,1998,1.0,136,0.7352941176470588
76,606,1999,0.0,134,0.0
76,606,2000,1.0,122,0.819672131147541
76,606,2001,4.0,105,3.8095238095238098
76,606,2002,2.0,106,1.8867924528301887
76,606,2003,0.0,76,0.0
76,606,2004,0.0,102,0.0
76,606,2005,1.0,52,1.9230769230769231
76,606,2006,2.0,75,2.666666666666667
76,606,2007,0.0,54,0.0
76,606,2008,1.0,32,3.125
76,606,2009,2.0,61,3.278688524590164
76,606,2010,0.0,43,0.0
76,606,2011,0.0,47,0.0
76,606,2012,0.0,34,0.0
76,606,2013,2.0,47,4.25531914893617
76,606,2014,0.0,50,0.0
76,606,2015,0.0,41,0.0
76,606,2016,0.0,32,0.0
76,606,2017,5.0,26,19.230769230769234
76,606,2018,1.0,22,4.545454545454546
76,606,2019,0.0,18,0.0
76,606,2020,2.0,34,5.88235294117647
76,606,2021,0.0,21,0.0
76,606,2022,1.0,15,6.666666666666667
76,606,2023,1.0,10,10.0
76,606,2024,0.0,4,0.0
76,616,1998,1.0,106,0.9433962264150944
76,616,1999,5.0,166,3.0120481927710845
76,616,2000,10.0,179,5.58659217877095
76,616,2001,2.0,152,1.3157894736842104
76,616,2002,4.0,107,3.7383177570093453
76,616,2003,9.0,108,8.333333333333332
76,616,2004,2.0,84,2.380952380952381
76,616,2005,0.0,64,0.0
76,616,2006,3.0,50,6.0
76,616,2007,2.0,57,3.508771929824561
76,616,2008,2.0,60,3.3333333333333335
76,616,2009,3.0,50,6.0
76,616,2010,0.0,41,0.0
76,616,2011,2.0,38,5.263157894736842
76,616,2012,1.0,27,3.7037037037037033
76,616,2013,1.0,26,3.8461538461538463
76,616,2014,0.0,14,0.0
76,616,2015,1.0,20,5.0
76,616,2016,0.0,23,0.0
76,616,2017,0.0,13,0.0
76,616,2018,1.0,14,7.142857142857142
76,616,2019,2.0,16,12.5
76,616,2020,0.0,12,0.0
76,616,2021,1.0,5,20.0
76,616,2022,0.0,6,0.0
76,616,2023,1.0,6,16.666666666666664
76,616,2024,0.0,2,0.0
76,622,1998,25.0,869,2.8768699654775602
76,622,1999,38.0,1099,3.4576888080072794
76,622,2000,31.0,990,3.1313131313131315
76,622,2001,37.0,1024,3.61328125
76,622,2002,27.0,936,2.8846153846153846
76,622,2003,37.0,996,3.7148594377510036
76,622,2004,23.0,977,2.3541453428863868
76,622,2005,16.0,1016,1.574803149606299
76,622,2006,50.0,1069,4.677268475210477
76,622,2007,33.0,865,3.815028901734104
76,622,2008,20.0,801,2.4968789013732833
76,622,2009,38.0,779,4.878048780487805
76,622,2010,35.0,620,5.64516129032258
76,622,2011,21.0,561,3.7433155080213902
76,622,2012,21.0,537,3.910614525139665
76,622,2013,11.0,314,3.5031847133757963
76,622,2014,6.0,323,1.8575851393188854
76,622,2015,11.0,373,2.949061662198391
76,622,2016,10.0,392,2.5510204081632653
76,622,2017,14.0,440,3.1818181818181817
76,622,2018,22.0,588,3.741496598639456
76,622,2019,23.0,902,2.549889135254989
76,622,2020,16.0,758,2.1108179419525066
76,622,2021,14.0,710,1.971830985915493
76,622,2022,15.0,605,2.479338842975207
76,622,2023,15.0,570,2.631578947368421
76,622,2024,17.0,547,3.1078610603290677
76,670,1998,2.0,57,3.508771929824561
76,670,1999,1.0,74,1.3513513513513513
76,670,2000,1.0,69,1.4492753623188406
76,670,2001,2.0,94,2.127659574468085
76,670,2002,2.0,56,3.571428571428571
76,670,2003,3.0,44,6.8181818181818175
76,670,2004,1.0,29,3.4482758620689653
76,670,2005,3.0,63,4.761904761904762
76,670,2006,0.0,33,0.0
76,670,2007,1.0,33,3.0303030303030303
76,670,2008,1.0,20,5.0
76,670,2009,0.0,18,0.0
76,670,2010,0.0,13,0.0
76,670,2011,0.0,12,0.0
76,670,2012,0.0,11,0.0
76,670,2013,2.0,18,11.11111111111111
76,670,2014,1.0,9,11.11111111111111
76,670,2015,0.0,9,0.0
76,670,2016,0.0,4,0.0
76,670,2017,0.0,1,0.0
76,670,2018,0.0,3,0.0
76,670,2020,0.0,4,0.0
76,670,2021,0.0,3,0.0
76,670,2022,0.0,4,0.0
76,670,2023,1.0,7,14.285714285714285
76,670,2024,0.0,5,0.0
76,736,1998,40.0,574,6.968641114982578
76,736,1999,23.0,234,9.82905982905983
76,736,2000,10.0,212,4.716981132075472
76,736,2001,9.0,212,4.245283018867925
76,736,2002,16.0,329,4.86322188449848
76,736,2003,7.0,360,1.9444444444444444
76,736,2004,32.0,604,5.298013245033113
76,736,2005,24.0,628,3.821656050955414
76,736,2006,21.0,684,3.070175438596491
76,736,2007,20.0,601,3.3277870216306153
76,736,2008,12.0,532,2.2556390977443606
76,736,2009,18.0,464,3.8793103448275863
76,736,2010,13.0,437,2.9748283752860414
76,736,2011,16.0,380,4.2105263157894735
76,736,2012,17.0,401,4.239401496259352
76,736,2013,11.0,360,3.0555555555555554
76,736,2014,6.0,346,1.7341040462427744
76,736,2015,9.0,370,2.4324324324324325
76,736,2016,12.0,385,3.116883116883117
76,736,2017,6.0,339,1.7699115044247788
76,736,2018,5.0,322,1.5527950310559007
76,736,2019,7.0,305,2.2950819672131146
76,736,2020,7.0,330,2.1212121212121215
76,736,2021,8.0,390,2.051282051282051
76,736,2022,12.0,399,3.007518796992481
76,736,2023,13.0,329,3.951367781155015
76,736,2024,14.0,253,5.533596837944664
76,823,1998,4.0,160,2.5
76,823,1999,7.0,125,5.6000000000000005
76,823,2000,0.0,161,0.0
76,823,2001,8.0,144,5.555555555555555
76,823,2002,7.0,135,5.185185185185185
76,823,2003,9.0,126,7.142857142857142
76,823,2004,4.0,102,3.9215686274509802
76,823,2005,6.0,78,7.6923076923076925
76,823,2006,3.0,42,7.142857142857142
76,823,2007,0.0,51,0.0
76,823,2008,1.0,55,1.8181818181818181
76,823,2009,5.0,65,7.6923076923076925
76,823,2010,0.0,79,0.0
76,823,2011,0.0,66,0.0
76,823,2012,3.0,56,5.357142857142857
76,823,2013,4.0,45,8.88888888888889
76,823,2014,1.0,29,3.4482758620689653
76,823,2015,2.0,41,4.878048780487805
76,823,2016,3.0,38,7.894736842105263
76,823,2017,3.0,45,6.666666666666667
76,823,2018,1.0,41,2.4390243902439024
76,823,2019,3.0,28,10.714285714285714
76,823,2020,0.0,17,0.0
76,823,2021,3.0,18,16.666666666666664
76,823,2022,0.0,14,0.0
76,823,2023,0.0,10,0.0
76,823,2024,2.0,5,40.0
76,828,1998,8.0,190,4.2105263157894735
76,828,1999,11.0,154,7.142857142857142
76,828,2000,4.0,191,2.094240837696335
76,828,2001,2.0,155,1.2903225806451613
76,828,2002,4.0,146,2.73972602739726
76,828,2003,9.0,145,6.206896551724138
76,828,2004,5.0,140,3.571428571428571
76,828,2005,2.0,116,1.7241379310344827
76,828,2006,3.0,108,2.7777777777777777
76,828,2007,1.0,75,1.3333333333333335
76,828,2008,2.0,68,2.941176470588235
76,828,2009,2.0,74,2.7027027027027026
76,828,2010,0.0,46,0.0
76,828,2011,0.0,18,0.0
76,828,2012,1.0,27,3.7037037037037033
76,828,2013,3.0,34,8.823529411764707
76,828,2014,1.0,28,3.571428571428571
76,828,2015,1.0,36,2.7777777777777777
76,828,2016,0.0,34,0.0
76,828,2017,3.0,45,6.666666666666667
76,828,2018,3.0,33,9.090909090909092
76,828,2019,1.0,29,3.4482758620689653
76,828,2020,2.0,34,5.88235294117647
76,828,2021,1.0,26,3.8461538461538463
76,828,2022,2.0,23,8.695652173913043
76,828,2023,1.0,7,14.285714285714285
76,828,2024,0.0,9,0.0
76,834,1998,110.0,1524,7.217847769028872
76,834,1999,172.0,3589,4.792421287266648
76,834,2000,171.0,4045,4.227441285537701
76,834,2001,229.0,4257,5.379375146817007
76,834,2002,195.0,4137,4.713560551124003
76,834,2003,215.0,4147,5.184470701712081
76,834,2004,200.0,4253,4.702562896778745
76,834,2005,226.0,3997,5.654240680510383
76,834,2006,256.0,3845,6.657997399219766
76,834,2007,203.0,3905,5.198463508322663
76,834,2008,220.0,3902,5.6381342901076374
76,834,2009,221.0,3517,6.283764572078477
76,834,2010,208.0,3377,6.15931299970388
76,834,2011,244.0,3410,7.155425219941349
76,834,2012,327.0,3804,8.59621451104101
76,834,2013,287.0,3797,7.558598893863576
76,834,2014,314.0,3969,7.911312673217435
76,834,2015,210.0,3751,5.598507064782725
76,834,2016,198.0,3629,5.456048498208873
76,834,2017,260.0,3697,7.0327292399242625
76,834,2018,254.0,3670,6.920980926430517
76,834,2019,270.0,3423,7.887817703768624
76,834,2020,216.0,3444,6.2717770034843205
76,834,2021,274.0,3188,8.594730238393977
76,834,2022,139.0,2317,5.999136814846785
76,834,2023,127.0,1880,6.75531914893617
76,834,2024,87.0,1632,5.330882352941177
76,845,1998,4.0,87,4.597701149425287
76,845,1999,2.0,59,3.389830508474576
76,845,2000,4.0,86,4.651162790697675
76,845,2001,3.0,76,3.9473684210526314
76,845,2002,5.0,73,6.8493150684931505
76,845,2003,3.0,74,4.054054054054054
76,845,2004,2.0,61,3.278688524590164
76,845,2005,2.0,45,4.444444444444445
76,845,2006,1.0,36,2.7777777777777777
76,845,2007,1.0,30,3.3333333333333335
76,845,2008,2.0,44,4.545454545454546
76,845,2009,1.0,37,2.7027027027027026
76,845,2010,0.0,22,0.0
76,845,2011,0.0,24,0.0
76,845,2012,1.0,31,3.225806451612903
76,845,2013,0.0,15,0.0
76,845,2014,1.0,9,11.11111111111111
76,845,2015,0.0,14,0.0
76,845,2016,0.0,17,0.0
76,845,2017,0.0,17,0.0
76,845,2018,1.0,14,7.142857142857142
76,845,2019,0.0,5,0.0
76,845,2020,0.0,6,0.0
76,845,2021,0.0,2,0.0
76,845,2022,0.0,2,0.0
76,845,2023,0.0,1,0.0
76,845,2024,0.0,1,0.0
76,863,1998,1.0,111,0.9009009009009009
76,863,1999,5.0,155,3.225806451612903
76,863,2000,5.0,146,3.4246575342465753
76,863,2001,6.0,140,4.285714285714286
76,863,2002,4.0,106,3.7735849056603774
76,863,2003,5.0,100,5.0
76,863,2004,7.0,85,8.235294117647058
76,863,2005,4.0,68,5.88235294117647
76,863,2006,0.0,32,0.0
76,863,2007,1.0,51,1.9607843137254901
76,863,2008,4.0,40,10.0
76,863,2009,1.0,31,3.225806451612903
76,863,2010,1.0,26,3.8461538461538463
76,863,2011,1.0,23,4.3478260869565215
76,863,2012,0.0,16,0.0
76,863,2013,1.0,14,7.142857142857142
76,863,2014,1.0,10,10.0
76,863,2015,0.0,21,0.0
76,863,2016,0.0,15,0.0
76,863,2017,1.0,13,7.6923076923076925
76,863,2018,0.0,17,0.0
76,863,2019,1.0,16,6.25
76,863,2020,1.0,16,6.25
76,863,2021,2.0,15,13.333333333333334
76,863,2022,2.0,18,11.11111111111111
76,863,2023,1.0,12,8.333333333333332
76,863,2024,1.0,13,7.6923076923076925
76,869,1998,0.0,43,0.0
76,869,1999,2.0,67,2.9850746268656714
76,869,2000,2.0,47,4.25531914893617
76,869,2001,0.0,47,0.0
76,869,2002,1.0,41,2.4390243902439024
76,869,2003,1.0,37,2.7027027027027026
76,869,2004,3.0,21,14.285714285714285
76,869,2005,5.0,31,16.129032258064516
76,869,2006,0.0,23,0.0
76,869,2007,1.0,21,4.761904761904762
76,869,2008,1.0,14,7.142857142857142
76,869,2009,3.0,10,30.0
76,869,2010,2.0,12,16.666666666666664
76,869,2011,1.0,12,8.333333333333332
76,869,2012,0.0,23,0.0
76,869,2013,0.0,35,0.0
76,869,2014,0.0,13,0.0
76,869,2015,0.0,10,0.0
76,869,2016,0.0,6,0.0
76,869,2017,0.0,10,0.0
76,869,2018,0.0,1,0.0
76,869,2019,1.0,6,16.666666666666664
76,869,2020,0.0,7,0.0
76,869,2021,0.0,3,0.0
76,869,2022,1.0,4,25.0
76,869,2023,1.0,5,20.0
76,869,2024,0.0,1,0.0
76,890,1998,2.0,52,3.8461538461538463
76,890,1999,1.0,75,1.3333333333333335
76,890,2000,7.0,50,14.000000000000002
76,890,2001,6.0,71,8.450704225352112
76,890,2002,2.0,65,3.076923076923077
76,890,2003,2.0,21,9.523809523809524
76,890,2004,1.0,20,5.0
76,890,2005,0.0,11,0.0
76,890,2006,0.0,3,0.0
76,890,2007,0.0,2,0.0
76,890,2008,1.0,4,25.0
76,890,2009,0.0,16,0.0
76,890,2010,0.0,11,0.0
76,890,2011,0.0,4,0.0
76,890,2012,0.0,16,0.0
76,890,2013,0.0,31,0.0
76,890,2014,1.0,14,7.142857142857142
76,890,2015,0.0,6,0.0
76,890,2016,0.0,14,0.0
76,890,2017,1.0,10,10.0
76,890,2018,1.0,20,5.0
76,890,2019,1.0,23,4.3478260869565215
76,890,2020,0.0,15,0.0
76,890,2021,0.0,12,0.0
76,890,2022,0.0,11,0.0
76,890,2023,1.0,4,25.0
76,890,2024,0.0,2,0.0
76,892,1998,16.0,444,3.6036036036036037
76,892,1999,25.0,465,5.376344086021505
76,892,2000,14.0,411,3.40632603406326
76,892,2001,20.0,375,5.333333333333334
76,892,2002,24.0,353,6.79886685552408
76,892,2003,11.0,356,3.089887640449438
76,892,2004,18.0,330,5.454545454545454
76,892,2005,12.0,256,4.6875
76,892,2006,16.0,344,4.651162790697675
76,892,2007,8.0,354,2.2598870056497176
76,892,2008,14.0,369,3.7940379403794036
76,892,2009,7.0,304,2.302631578947368
76,892,2010,6.0,295,2.0338983050847457
76,892,2011,4.0,236,1.694915254237288
76,892,2012,11.0,237,4.641350210970464
76,892,2013,12.0,188,6.382978723404255
76,892,2014,2.0,107,1.8691588785046727
76,892,2015,2.0,75,2.666666666666667
76,892,2016,8.0,92,8.695652173913043
76,892,2017,6.0,129,4.651162790697675
76,892,2018,9.0,122,7.377049180327869
76,892,2019,4.0,127,3.149606299212598
76,892,2020,9.0,130,6.923076923076923
76,892,2021,3.0,102,2.941176470588235
76,892,2022,2.0,54,3.7037037037037033
76,892,2023,5.0,40,12.5
76,892,2024,6.0,42,14.285714285714285
76,895,1998,26.0,876,2.968036529680365
76,895,1999,22.0,699,3.1473533619456364
76,895,2000,37.0,889,4.161979752530934
76,895,2001,34.0,820,4.146341463414634
76,895,2002,31.0,780,3.974358974358974
76,895,2003,35.0,777,4.504504504504505
76,895,2004,27.0,657,4.10958904109589
76,895,2005,30.0,694,4.322766570605188
76,895,2006,21.0,787,2.6683608640406606
76,895,2007,30.0,819,3.6630036630036633
76,895,2008,25.0,820,3.048780487804878
76,895,2009,32.0,774,4.1343669250646
76,895,2010,21.0,803,2.6151930261519305
76,895,2011,27.0,786,3.435114503816794
76,895,2012,21.0,600,3.5000000000000004
76,895,2013,14.0,603,2.321724709784411
76,895,2014,9.0,544,1.6544117647058825
76,895,2015,4.0,421,0.9501187648456058
76,895,2016,4.0,307,1.3029315960912053
76,895,2017,7.0,432,1.6203703703703702
76,895,2018,4.0,267,1.4981273408239701
76,895,2019,4.0,208,1.9230769230769231
76,895,2020,5.0,216,2.314814814814815
76,895,2021,6.0,331,1.812688821752266
76,895,2022,12.0,339,3.5398230088495577
76,895,2023,10.0,298,3.3557046979865772
76,895,2024,12.0,293,4.09556313993174
76,001,2008,4491.0,38511,11.66160317831269
76,001,2009,4403.0,37687,11.683073738955077
76,001,2010,4078.0,35308,11.549790415769797
76,001,2011,3947.0,36142,10.920812351281057
76,001,2014,3627.0,35992,10.07723938653034
76,001,2015,3464.0,35216,9.83643798273512
76,001,2016,3495.0,34097,10.250168636536937
76,001,2017,3487.0,34509,10.104610391492075
76,001,2018,3435.0,32984,10.414140189182634
76,001,2019,3428.0,32355,10.594962138772987
76,001,2020,3450.0,31880,10.821831869510664
76,001,2021,3507.0,30450,11.517241379310345
76,001,2022,3521.0,29445,11.95788758702666
76,001,2023,3324.0,26989,12.31612879321205
76,001,2024,3130.0,24723,12.660275856489909
76,020,2008,2.0,81,2.4691358024691357
76,020,2009,1.0,57,1.7543859649122806
76,020,2010,0.0,27,0.0
76,020,2011,0.0,39,0.0
76,020,2014,0.0,32,0.0
76,020,2015,1.0,42,2.380952380952381
76,020,2016,2.0,27,7.4074074074074066
76,020,2017,3.0,35,8.571428571428571
76,020,2018,0.0,27,0.0
76,020,2019,1.0,26,3.8461538461538463
76,020,2020,1.0,23,4.3478260869565215
76,020,2021,2.0,24,8.333333333333332
76,020,2022,0.0,16,0.0
76,020,2023,0.0,5,0.0
76,020,2024,1.0,6,16.666666666666664
76,036,2008,1.0,36,2.7777777777777777
76,036,2009,0.0,37,0.0
76,036,2010,2.0,26,7.6923076923076925
76,036,2011,1.0,27,3.7037037037037033
76,036,2014,0.0,10,0.0
76,036,2015,0.0,9,0.0
76,036,2016,0.0,5,0.0
76,036,2017,1.0,9,11.11111111111111
76,036,2019,0.0,1,0.0
76,036,2020,0.0,3,0.0
76,036,2021,1.0,3,33.33333333333333
76,036,2022,0.0,6,0.0
76,036,2023,0.0,1,0.0
76,036,2024,0.0,4,0.0
76,041,2008,5.0,147,3.4013605442176873
76,041,2009,6.0,135,4.444444444444445
76,041,2010,8.0,133,6.015037593984962
76,041,2011,2.0,74,2.7027027027027026
76,041,2014,3.0,59,5.084745762711865
76,041,2015,0.0,69,0.0
76,041,2016,9.0,128,7.03125
76,041,2017,1.0,81,1.2345679012345678
76,041,2018,2.0,79,2.5316455696202533
76,041,2019,1.0,59,1.694915254237288
76,041,2020,0.0,38,0.0
76,041,2021,1.0,35,2.857142857142857
76,041,2022,1.0,39,2.564102564102564
76,041,2023,2.0,14,14.285714285714285
76,041,2024,3.0,20,15.0
76,054,2008,2.0,27,7.4074074074074066
76,054,2009,1.0,37,2.7027027027027026
76,054,2010,3.0,38,7.894736842105263
76,054,2011,2.0,28,7.142857142857142
76,054,2014,0.0,17,0.0
76,054,2015,1.0,36,2.7777777777777777
76,054,2016,3.0,33,9.090909090909092
76,054,2017,2.0,17,11.76470588235294
76,054,2018,2.0,29,6.896551724137931
76,054,2019,2.0,29,6.896551724137931
76,054,2020,0.0,21,0.0
76,054,2021,9.0,37,24.324324324324326
76,054,2022,0.0,20,0.0
76,054,2023,3.0,17,17.647058823529413
76,054,2024,0.0,15,0.0
8,1,1998,2135.0,29854,7.151470489716622
8,1,1999,2453.0,32775,7.4843630816170865
8,1,2000,2609.0,33477,7.793410401170952
8,1,2001,2469.0,29477,8.37602198324117
8,1,2002,2447.0,30134,8.120395566469767
8,1,2003,2477.0,29986,8.26052157673581
8,1,2004,2614.0,30113,8.68063627004948
8,1,2005,2553.0,30419,8.392780827772116
8,1,2006,2985.0,31952,9.342138207310967
8,1,2007,2997.0,32579,9.19917738420455
8,1,2012,3040.0,33362,9.112163539356153
8,1,2013,3165.0,33023,9.584229173606275
8,137,1998,19.0,378,5.026455026455026
8,137,1999,24.0,341,7.038123167155426
8,137,2000,12.0,293,4.09556313993174
8,137,2001,13.0,203,6.403940886699508
8,137,2002,10.0,231,4.329004329004329
8,137,2003,14.0,294,4.761904761904762
8,137,2004,9.0,233,3.862660944206009
8,137,2005,10.0,248,4.032258064516129
8,137,2006,8.0,160,5.0
8,137,2007,5.0,124,4.032258064516129
8,137,2012,0.0,20,0.0
8,137,2013,0.0,29,0.0
8,141,1998,22.0,114,19.298245614035086
8,141,1999,21.0,176,11.931818181818182
8,141,2000,13.0,181,7.18232044198895
8,141,2001,14.0,134,10.44776119402985
8,141,2002,8.0,147,5.442176870748299
8,141,2003,6.0,191,3.1413612565445024
8,141,2004,4.0,170,2.3529411764705883
8,141,2005,5.0,141,3.546099290780142
8,141,2006,1.0,94,1.0638297872340425
8,141,2007,3.0,88,3.4090909090909087
8,141,2012,1.0,56,1.7857142857142856
8,141,2013,2.0,48,4.166666666666666
8,296,1998,8.0,179,4.4692737430167595
8,296,1999,5.0,229,2.1834061135371177
8,296,2000,14.0,239,5.857740585774058
8,296,2001,8.0,207,3.864734299516908
8,296,2002,20.0,186,10.75268817204301
8,296,2003,19.0,177,10.734463276836157
8,296,2004,7.0,197,3.5532994923857872
8,296,2005,4.0,176,2.272727272727273
8,296,2006,8.0,125,6.4
8,296,2007,2.0,114,1.7543859649122806
8,296,2012,2.0,49,4.081632653061225
8,296,2013,1.0,20,5.0
8,372,1998,7.0,152,4.605263157894736
8,372,1999,8.0,155,5.161290322580645
8,372,2000,9.0,154,5.844155844155844
8,372,2001,7.0,143,4.895104895104895
8,372,2002,4.0,144,2.7777777777777777
8,372,2003,9.0,124,7.258064516129033
8,372,2004,6.0,117,5.128205128205128
8,372,2005,2.0,69,2.898550724637681
8,372,2006,1.0,70,1.4285714285714286
8,372,2007,3.0,50,6.0
8,372,2012,2.0,22,9.090909090909092
8,372,2013,1.0,17,5.88235294117647
8,421,1998,41.0,228,17.982456140350877
8,421,1999,11.0,211,5.213270142180095
8,421,2000,13.0,258,5.038759689922481
8,421,2001,8.0,241,3.319502074688797
8,421,2002,13.0,195,6.666666666666667
8,421,2003,2.0,161,1.2422360248447204
8,421,2004,6.0,187,3.2085561497326207
8,421,2005,3.0,181,1.6574585635359116
8,421,2006,4.0,117,3.418803418803419
8,421,2007,6.0,189,3.1746031746031744
8,421,2012,0.0,61,0.0
8,421,2013,1.0,32,3.125
8,433,1998,4.0,127,3.149606299212598
8,433,1999,14.0,301,4.651162790697675
8,433,2000,12.0,288,4.166666666666666
8,433,2001,8.0,511,1.5655577299412915
8,433,2002,10.0,582,1.718213058419244
8,433,2003,12.0,560,2.142857142857143
8,433,2004,18.0,715,2.5174825174825175
8,433,2005,19.0,604,3.145695364238411
8,433,2006,13.0,473,2.748414376321353
8,433,2007,15.0,455,3.296703296703297
8,433,2012,2.0,79,2.5316455696202533
8,433,2013,5.0,68,7.352941176470589
8,436,1998,9.0,141,6.382978723404255
8,436,1999,9.0,133,6.7669172932330826
8,436,2000,2.0,123,1.6260162601626018
8,436,2001,3.0,109,2.7522935779816518
8,436,2002,5.0,115,4.3478260869565215
8,436,2003,3.0,116,2.586206896551724
8,436,2004,2.0,116,1.7241379310344827
8,436,2005,4.0,115,3.4782608695652173
8,436,2006,2.0,90,2.2222222222222223
8,436,2007,2.0,65,3.076923076923077
8,436,2012,2.0,24,8.333333333333332
8,436,2013,1.0,12,8.333333333333332
8,520,1998,6.0,156,3.8461538461538463
8,520,1999,3.0,178,1.6853932584269662
8,520,2000,5.0,219,2.28310502283105
8,520,2001,6.0,187,3.2085561497326207
8,520,2002,3.0,159,1.8867924528301887
8,520,2003,47.0,197,23.85786802030457
8,520,2004,13.0,159,8.176100628930817
8,520,2005,7.0,112,6.25
8,520,2006,2.0,103,1.9417475728155338
8,520,2007,5.0,98,5.1020408163265305
8,520,2012,1.0,33,3.0303030303030303
8,520,2013,0.0,30,0.0
8,549,1998,0.0,22,0.0
8,549,1999,0.0,15,0.0
8,549,2000,2.0,21,9.523809523809524
8,549,2001,4.0,30,13.333333333333334
8,549,2002,1.0,29,3.4482758620689653
8,549,2003,1.0,32,3.125
8,549,2004,2.0,44,4.545454545454546
8,549,2005,2.0,23,8.695652173913043
8,549,2006,0.0,13,0.0
8,549,2007,2.0,15,13.333333333333334
8,549,2012,0.0,12,0.0
8,549,2013,0.0,5,0.0
8,558,1998,15.0,138,10.869565217391305
8,558,1999,11.0,147,7.482993197278912
8,558,2000,11.0,116,9.482758620689655
8,558,2001,12.0,133,9.022556390977442
8,558,2002,11.0,148,7.4324324324324325
8,558,2003,6.0,117,5.128205128205128
8,558,2004,2.0,83,2.4096385542168677
8,558,2005,7.0,84,8.333333333333332
8,558,2006,1.0,60,1.6666666666666667
8,558,2007,6.0,67,8.955223880597014
8,558,2012,1.0,17,5.88235294117647
8,558,2013,1.0,4,25.0
8,560,1998,5.0,130,3.8461538461538463
8,560,1999,14.0,187,7.4866310160427805
8,560,2000,10.0,181,5.524861878453039
8,560,2001,9.0,169,5.325443786982249
8,560,2002,7.0,149,4.697986577181208
8,560,2003,8.0,156,5.128205128205128
8,560,2004,8.0,118,6.779661016949152
8,560,2005,9.0,134,6.7164179104477615
8,560,2006,6.0,108,5.555555555555555
8,560,2007,6.0,84,7.142857142857142
8,560,2012,3.0,16,18.75
8,560,2013,0.0,3,0.0
8,573,1998,6.0,211,2.843601895734597
8,573,1999,5.0,210,2.380952380952381
8,573,2000,8.0,250,3.2
8,573,2001,6.0,249,2.4096385542168677
8,573,2002,13.0,197,6.598984771573605
8,573,2003,6.0,207,2.898550724637681
8,573,2004,4.0,148,2.7027027027027026
8,573,2005,3.0,110,2.727272727272727
8,573,2006,4.0,84,4.761904761904762
8,573,2007,3.0,61,4.918032786885246
8,573,2012,1.0,8,12.5
8,573,2013,8.0,158,5.063291139240507
8,606,1998,10.0,254,3.937007874015748
8,606,1999,7.0,269,2.6022304832713754
8,606,2000,15.0,301,4.983388704318937
8,606,2001,9.0,314,2.8662420382165608
8,606,2002,9.0,299,3.0100334448160537
8,606,2003,16.0,308,5.194805194805195
8,606,2004,10.0,267,3.7453183520599254
8,606,2005,16.0,233,6.866952789699571
8,606,2006,6.0,228,2.631578947368421
8,606,2007,7.0,189,3.7037037037037033
8,606,2012,3.0,91,3.296703296703297
8,606,2013,1.0,75,1.3333333333333335
8,634,1998,7.0,265,2.6415094339622645
8,634,1999,11.0,312,3.5256410256410255
8,634,2000,16.0,319,5.015673981191222
8,634,2001,15.0,253,5.928853754940711
8,634,2002,7.0,217,3.225806451612903
8,634,2003,11.0,213,5.164319248826291
8,634,2004,8.0,201,3.9800995024875623
8,634,2005,3.0,164,1.8292682926829267
8,634,2006,3.0,135,2.2222222222222223
8,634,2007,4.0,113,3.5398230088495577
8,634,2012,2.0,21,9.523809523809524
8,634,2013,1.0,9,11.11111111111111
8,638,1998,164.0,2039,8.043158410985777
8,638,1999,136.0,1943,6.9994853319608845
8,638,2000,111.0,1755,6.3247863247863245
8,638,2001,84.0,1605,5.233644859813085
8,638,2002,136.0,2113,6.436346426881212
8,638,2003,181.0,2328,7.774914089347079
8,638,2004,186.0,2244,8.288770053475936
8,638,2005,191.0,2075,9.204819277108435
8,638,2006,243.0,1953,12.442396313364055
8,638,2007,233.0,2101,11.089957163255592
8,638,2012,164.0,2301,7.127335940895263
8,638,2013,158.0,2133,7.4074074074074066
8,675,1998,4.0,123,3.2520325203252036
8,675,1999,9.0,148,6.081081081081082
8,675,2000,21.0,198,10.606060606060606
8,675,2001,11.0,128,8.59375
8,675,2002,5.0,152,3.289473684210526
8,675,2003,5.0,141,3.546099290780142
8,675,2004,1.0,74,1.3513513513513513
8,675,2005,3.0,95,3.1578947368421053
8,675,2006,2.0,86,2.3255813953488373
8,675,2007,0.0,73,0.0
8,675,2012,1.0,7,14.285714285714285
8,675,2013,0.0,5,0.0
8,685,1998,10.0,227,4.405286343612335
8,685,1999,12.0,306,3.9215686274509802
8,685,2000,27.0,393,6.870229007633588
8,685,2001,16.0,272,5.88235294117647
8,685,2002,7.0,239,2.928870292887029
8,685,2003,15.0,228,6.578947368421052
8,685,2004,3.0,202,1.4851485148514851
8,685,2005,10.0,160,6.25
8,685,2006,0.0,85,0.0
8,685,2007,7.0,92,7.608695652173914
8,685,2012,4.0,41,9.75609756097561
8,685,2013,0.0,51,0.0
8,758,1998,58.0,1957,2.963719979560552
8,758,1999,79.0,2191,3.605659516202647
8,758,2000,98.0,3117,3.144048764837985
8,758,2001,136.0,4077,3.335786117243071
8,758,2002,166.0,3996,4.1541541541541545
8,758,2003,207.0,5020,4.123505976095617
8,758,2004,221.0,4609,4.794966370145367
8,758,2005,227.0,4628,4.904926534140017
8,758,2006,239.0,4288,5.5736940298507465
8,758,2007,208.0,3402,6.114050558495003
8,758,2012,293.0,3621,8.091687379177023
8,758,2013,283.0,3515,8.051209103840682
8,770,1998,9.0,112,8.035714285714286
8,770,1999,6.0,106,5.660377358490567
8,770,2000,8.0,109,7.339449541284404
8,770,2001,7.0,139,5.0359712230215825
8,770,2002,13.0,85,15.294117647058824
8,770,2003,4.0,90,4.444444444444445
8,770,2004,6.0,83,7.228915662650602
8,770,2005,3.0,70,4.285714285714286
8,770,2006,4.0,57,7.017543859649122
8,770,2007,2.0,36,5.555555555555555
8,770,2012,2.0,70,2.857142857142857
8,770,2013,1.0,17,5.88235294117647
8,78,1998,21.0,512,4.1015625
8,78,1999,30.0,702,4.273504273504273
8,78,2000,36.0,752,4.787234042553192
8,78,2001,39.0,598,6.521739130434782
8,78,2002,22.0,624,3.5256410256410255
8,78,2003,13.0,679,1.914580265095729
8,78,2004,29.0,718,4.03899721448468
8,78,2005,18.0,691,2.6049204052098407
8,78,2006,20.0,606,3.3003300330033
8,78,2007,22.0,734,2.997275204359673
8,78,2012,13.0,650,2.0
8,78,2013,9.0,600,1.5
8,832,1998,1.0,17,5.88235294117647
8,832,1999,1.0,54,1.8518518518518516
8,832,2000,1.0,51,1.9607843137254901
8,832,2001,2.0,67,2.9850746268656714
8,832,2002,2.0,36,5.555555555555555
8,832,2003,0.0,64,0.0
8,832,2004,1.0,45,2.2222222222222223
8,832,2005,3.0,40,7.5
8,832,2006,1.0,24,4.166666666666666
8,832,2007,3.0,17,17.647058823529413
8,832,2012,0.0,7,0.0
8,832,2013,1.0,5,20.0
8,849,1998,6.0,64,9.375
8,849,1999,1.0,113,0.8849557522123894
8,849,2000,1.0,69,1.4492753623188406
8,849,2001,4.0,70,5.714285714285714
8,849,2002,4.0,94,4.25531914893617
8,849,2003,3.0,73,4.10958904109589
8,849,2004,1.0,46,2.1739130434782608
8,849,2005,1.0,47,2.127659574468085
8,849,2006,4.0,36,11.11111111111111
8,849,2007,1.0,41,2.4390243902439024
8,849,2012,0.0,12,0.0
8,849,2013,0.0,4,0.0
81,1,1998,97.0,1465,6.621160409556313
81,1,1999,94.0,1548,6.072351421188631
81,1,2000,106.0,1432,7.402234636871509
81,1,2001,74.0,1397,5.2970651395848245
81,1,2002,75.0,1297,5.782575173477255
81,1,2003,68.0,1376,4.941860465116279
81,1,2004,70.0,1440,4.861111111111112
81,1,2005,72.0,1502,4.793608521970706
81,1,2006,95.0,1639,5.796217205613178
81,1,2007,98.0,1563,6.269993602047346
81,1,2012,102.0,1615,6.315789473684211
81,1,2013,83.0,1422,5.836849507735583
81,220,1998,1.0,47,2.127659574468085
81,220,1999,1.0,39,2.564102564102564
81,220,2000,0.0,24,0.0
81,220,2001,2.0,44,4.545454545454546
81,220,2002,0.0,37,0.0
81,220,2003,1.0,38,2.631578947368421
81,220,2004,0.0,33,0.0
81,220,2005,2.0,27,7.4074074074074066
81,220,2006,4.0,48,8.333333333333332
81,220,2007,3.0,30,10.0
81,220,2008,2.0,43,4.651162790697675
81,220,2009,1.0,43,2.3255813953488373
81,220,2010,1.0,33,3.0303030303030303
81,220,2011,0.0,20,0.0
81,220,2012,1.0,25,4.0
81,220,2013,2.0,24,8.333333333333332
81,220,2014,3.0,42,7.142857142857142
81,220,2015,2.0,32,6.25
81,220,2016,2.0,37,5.405405405405405
81,220,2017,2.0,42,4.761904761904762
81,220,2018,0.0,41,0.0
81,220,2019,6.0,32,18.75
81,220,2020,3.0,26,11.538461538461538
81,220,2021,2.0,48,4.166666666666666
81,220,2022,2.0,26,7.6923076923076925
81,220,2023,0.0,13,0.0
81,220,2024,4.0,19,21.052631578947366
81,300,1998,4.0,114,3.508771929824561
81,300,1999,5.0,124,4.032258064516129
81,300,2000,5.0,116,4.310344827586207
81,300,2001,3.0,115,2.608695652173913
81,300,2002,3.0,97,3.0927835051546393
81,300,2003,4.0,115,3.4782608695652173
81,300,2004,3.0,136,2.2058823529411766
81,300,2005,3.0,150,2.0
81,300,2006,6.0,161,3.7267080745341614
81,300,2007,11.0,134,8.208955223880597
81,300,2008,4.0,111,3.6036036036036037
81,300,2009,2.0,96,2.083333333333333
81,300,2010,3.0,109,2.7522935779816518
81,300,2011,8.0,104,7.6923076923076925
81,300,2012,4.0,87,4.597701149425287
81,300,2013,3.0,81,3.7037037037037033
81,300,2014,7.0,76,9.210526315789473
81,300,2015,4.0,52,7.6923076923076925
81,300,2016,4.0,64,6.25
81,300,2017,2.0,64,3.125
81,300,2018,7.0,72,9.722222222222223
81,300,2019,14.0,83,16.867469879518072
81,300,2020,4.0,100,4.0
81,300,2021,6.0,98,6.122448979591836
81,300,2022,3.0,51,5.88235294117647
81,300,2023,2.0,48,4.166666666666666
81,300,2024,4.0,54,7.4074074074074066
81,591,1998,2.0,56,3.571428571428571
81,591,1999,1.0,50,2.0
81,591,2000,0.0,42,0.0
81,591,2001,1.0,57,1.7543859649122806
81,591,2002,0.0,41,0.0
81,591,2003,1.0,57,1.7543859649122806
81,591,2004,2.0,47,4.25531914893617
81,591,2005,4.0,38,10.526315789473683
81,591,2006,0.0,39,0.0
81,591,2007,1.0,30,3.3333333333333335
81,591,2008,4.0,47,8.51063829787234
81,591,2009,2.0,46,4.3478260869565215
81,591,2010,3.0,31,9.67741935483871
81,591,2011,3.0,41,7.317073170731707
81,591,2012,0.0,35,0.0
81,591,2013,2.0,32,6.25
81,591,2014,0.0,20,0.0
81,591,2015,0.0,20,0.0
81,591,2016,2.0,25,8.0
81,591,2017,4.0,35,11.428571428571429
81,591,2018,3.0,30,10.0
81,591,2019,1.0,38,2.631578947368421
81,591,2020,1.0,40,2.5
81,591,2021,1.0,45,2.2222222222222223
81,591,2022,1.0,40,2.5
81,591,2023,0.0,17,0.0
81,591,2024,0.0,21,0.0
81,65,1998,7.0,303,2.31023102310231
81,65,1999,11.0,310,3.5483870967741935
81,65,2000,9.0,372,2.4193548387096775
81,65,2001,8.0,282,2.8368794326241136
81,65,2002,10.0,248,4.032258064516129
81,65,2003,6.0,243,2.4691358024691357
81,65,2004,5.0,305,1.639344262295082
81,65,2005,9.0,288,3.125
81,65,2006,13.0,247,5.263157894736842
81,65,2007,3.0,242,1.2396694214876034
81,65,2012,7.0,123,5.691056910569105
81,65,2013,5.0,113,4.424778761061947
81,736,1998,67.0,1100,6.090909090909091
81,736,1999,98.0,1362,7.195301027900147
81,736,2000,74.0,1341,5.51826994780015
81,736,2001,77.0,1331,5.785123966942149
81,736,2002,85.0,1415,6.007067137809187
81,736,2003,105.0,1558,6.7394094993581515
81,736,2004,76.0,1487,5.110961667787492
81,736,2005,57.0,1501,3.79746835443038
81,736,2006,84.0,1659,5.063291139240507
81,736,2007,61.0,1456,4.189560439560439
81,736,2008,68.0,1663,4.088995790739627
81,736,2009,74.0,1683,4.396910279263221
81,736,2010,86.0,1628,5.282555282555283
81,736,2011,104.0,1716,6.0606060606060606
81,736,2012,80.0,1822,4.390779363336993
81,736,2013,79.0,1590,4.968553459119497
81,736,2014,94.0,1896,4.957805907172996
81,736,2015,113.0,1993,5.669844455594581
81,736,2016,117.0,2171,5.389221556886228
81,736,2017,125.0,2331,5.362505362505362
81,736,2018,111.0,2565,4.3274853801169595
81,736,2019,134.0,2622,5.110602593440122
81,736,2020,112.0,2531,4.4251284077439745
81,736,2021,133.0,2599,5.117352828010773
81,736,2022,94.0,2174,4.323827046918123
81,736,2023,83.0,1991,4.168759417378202
81,736,2024,83.0,1695,4.896755162241888
81,794,1998,23.0,749,3.0707610146862483
81,794,1999,23.0,689,3.3381712626995643
81,794,2000,43.0,842,5.10688836104513
81,794,2001,24.0,753,3.187250996015936
81,794,2002,19.0,534,3.5580524344569286
81,794,2003,7.0,536,1.3059701492537312
81,794,2004,41.0,567,7.231040564373897
81,794,2005,38.0,559,6.797853309481217
81,794,2006,40.0,620,6.451612903225806
81,794,2007,61.0,710,8.591549295774648
81,794,2008,29.0,639,4.538341158059469
81,794,2009,15.0,381,3.937007874015748
81,794,2010,26.0,491,5.295315682281059
81,794,2011,15.0,413,3.631961259079903
81,794,2012,15.0,435,3.4482758620689653
81,794,2013,24.0,486,4.938271604938271
81,794,2014,8.0,341,2.346041055718475
81,794,2015,9.0,332,2.710843373493976
81,794,2016,8.0,259,3.088803088803089
81,794,2017,8.0,272,2.941176470588235
81,794,2018,16.0,332,4.819277108433735
81,794,2019,18.0,404,4.455445544554455
81,794,2020,15.0,409,3.6674816625916873
81,794,2021,25.0,453,5.518763796909492
81,794,2022,20.0,354,5.649717514124294
81,794,2023,7.0,205,3.414634146341464
81,794,2024,9.0,156,5.769230769230769
81,001,2008,127.0,1654,7.678355501813784
81,001,2009,146.0,1808,8.075221238938052
81,001,2010,123.0,1690,7.27810650887574
81,001,2011,98.0,1658,5.910735826296743
81,001,2014,79.0,1378,5.732946298984035
81,001,2015,84.0,1530,5.490196078431373
81,001,2016,77.0,1530,5.032679738562091
81,001,2017,80.0,1570,5.095541401273886
81,001,2018,109.0,1775,6.140845070422536
81,001,2019,165.0,2276,7.249560632688929
81,001,2020,155.0,2137,7.2531586335985025
81,001,2021,183.0,2331,7.850707850707852
81,001,2022,149.0,1804,8.259423503325943
81,001,2023,105.0,1437,7.306889352818372
81,001,2024,84.0,1182,7.1065989847715745
81,065,2008,6.0,189,3.1746031746031744
81,065,2009,6.0,147,4.081632653061225
81,065,2010,3.0,119,2.5210084033613445
81,065,2011,5.0,128,3.90625
81,065,2014,1.0,89,1.1235955056179776
81,065,2015,3.0,90,3.3333333333333335
81,065,2016,6.0,110,5.454545454545454
81,065,2017,14.0,165,8.484848484848486
81,065,2018,13.0,177,7.344632768361582
81,065,2019,11.0,237,4.641350210970464
81,065,2020,10.0,193,5.181347150259067
81,065,2021,13.0,205,6.341463414634147
81,065,2022,4.0,141,2.8368794326241136
81,065,2023,10.0,129,7.751937984496124
81,065,2024,6.0,105,5.714285714285714
85,1,1998,148.0,2486,5.953338696701529
85,1,1999,173.0,3214,5.38270068450529
85,1,2000,198.0,3074,6.441119063109954
85,1,2001,166.0,3166,5.243209096651927
85,1,2002,173.0,3194,5.416405760801503
85,1,2003,137.0,3412,4.015240328253224
85,1,2004,157.0,3445,4.55732946298984
85,1,2005,154.0,3713,4.1475895502289255
85,1,2006,155.0,3879,3.9958752255736014
85,1,2007,235.0,4335,5.4209919261822375
85,1,2012,242.0,5048,4.793977812995245
85,1,2013,214.0,4970,4.305835010060362
85,10,1998,13.0,332,3.91566265060241
85,10,1999,16.0,398,4.0201005025125625
85,10,2000,12.0,403,2.977667493796526
85,10,2001,12.0,401,2.9925187032418954
85,10,2002,10.0,315,3.1746031746031744
85,10,2003,14.0,405,3.45679012345679
85,10,2004,4.0,336,1.1904761904761905
85,10,2005,11.0,267,4.119850187265917
85,10,2006,4.0,248,1.6129032258064515
85,10,2007,7.0,236,2.9661016949152543
85,10,2012,2.0,190,1.0526315789473684
85,10,2013,0.0,203,0.0
85,125,1998,2.0,26,7.6923076923076925
85,125,1999,1.0,43,2.3255813953488373
85,125,2000,1.0,49,2.0408163265306123
85,125,2001,2.0,45,4.444444444444445
85,125,2002,1.0,44,2.272727272727273
85,125,2003,0.0,50,0.0
85,125,2004,4.0,60,6.666666666666667
85,125,2005,1.0,30,3.3333333333333335
85,125,2006,0.0,27,0.0
85,125,2007,3.0,62,4.838709677419355
85,125,2008,2.0,59,3.389830508474576
85,125,2009,3.0,65,4.615384615384616
85,125,2010,3.0,63,4.761904761904762
85,125,2011,2.0,75,2.666666666666667
85,125,2012,6.0,77,7.792207792207792
85,125,2013,6.0,87,6.896551724137931
85,125,2014,0.0,92,0.0
85,125,2015,3.0,55,5.454545454545454
85,125,2016,0.0,54,0.0
85,125,2017,0.0,29,0.0
85,125,2018,4.0,60,6.666666666666667
85,125,2019,1.0,55,1.8181818181818181
85,125,2020,1.0,88,1.1363636363636365
85,125,2021,2.0,94,2.127659574468085
85,125,2022,4.0,61,6.557377049180328
85,125,2023,2.0,33,6.0606060606060606
85,125,2024,3.0,37,8.108108108108109
85,139,1998,6.0,103,5.825242718446602
85,139,1999,5.0,134,3.731343283582089
85,139,2000,5.0,127,3.937007874015748
85,139,2001,1.0,134,0.7462686567164178
85,139,2002,2.0,138,1.4492753623188406
85,139,2003,0.0,104,0.0
85,139,2004,4.0,91,4.395604395604396
85,139,2005,5.0,110,4.545454545454546
85,139,2006,3.0,110,2.727272727272727
85,139,2007,1.0,65,1.5384615384615385
85,139,2008,2.0,102,1.9607843137254901
85,139,2009,2.0,81,2.4691358024691357
85,139,2010,2.0,85,2.3529411764705883
85,139,2011,2.0,76,2.631578947368421
85,139,2012,3.0,89,3.3707865168539324
85,139,2013,2.0,90,2.2222222222222223
85,139,2014,4.0,90,4.444444444444445
85,139,2015,1.0,71,1.4084507042253522
85,139,2016,1.0,68,1.4705882352941175
85,139,2017,3.0,68,4.411764705882353
85,139,2018,5.0,94,5.319148936170213
85,139,2019,4.0,94,4.25531914893617
85,139,2020,4.0,111,3.6036036036036037
85,139,2021,4.0,124,3.225806451612903
85,139,2022,4.0,59,6.779661016949152
85,139,2023,1.0,59,1.694915254237288
85,139,2024,3.0,43,6.976744186046512
85,15,1998,0.0,14,0.0
85,15,1999,0.0,15,0.0
85,15,2000,1.0,21,4.761904761904762
85,15,2001,2.0,22,9.090909090909092
85,15,2002,1.0,14,7.142857142857142
85,15,2003,0.0,10,0.0
85,15,2004,0.0,17,0.0
85,15,2005,0.0,9,0.0
85,15,2006,0.0,9,0.0
85,15,2007,0.0,6,0.0
85,15,2012,0.0,9,0.0
85,15,2013,0.0,6,0.0
85,162,1998,3.0,104,2.8846153846153846
85,162,1999,5.0,170,2.941176470588235
85,162,2000,6.0,179,3.35195530726257
85,162,2001,2.0,152,1.3157894736842104
85,162,2002,2.0,116,1.7241379310344827
85,162,2003,1.0,121,0.8264462809917356
85,162,2004,6.0,122,4.918032786885246
85,162,2005,1.0,117,0.8547008547008548
85,162,2006,3.0,118,2.5423728813559325
85,162,2007,0.0,73,0.0
85,162,2008,1.0,102,0.9803921568627451
85,162,2009,1.0,92,1.0869565217391304
85,162,2010,3.0,119,2.5210084033613445
85,162,2011,5.0,78,6.41025641025641
85,162,2012,4.0,126,3.1746031746031744
85,162,2013,5.0,124,4.032258064516129
85,162,2014,3.0,116,2.586206896551724
85,162,2015,3.0,83,3.614457831325301
85,162,2016,1.0,59,1.694915254237288
85,162,2017,2.0,60,3.3333333333333335
85,162,2018,3.0,63,4.761904761904762
85,162,2019,5.0,59,8.47457627118644
85,162,2020,3.0,83,3.614457831325301
85,162,2021,0.0,74,0.0
85,162,2022,1.0,58,1.7241379310344827
85,162,2023,2.0,36,5.555555555555555
85,162,2024,1.0,24,4.166666666666666
85,225,1998,0.0,16,0.0
85,225,1999,1.0,22,4.545454545454546
85,225,2000,4.0,28,14.285714285714285
85,225,2001,1.0,49,2.0408163265306123
85,225,2002,4.0,50,8.0
85,225,2003,0.0,46,0.0
85,225,2004,1.0,61,1.639344262295082
85,225,2005,1.0,45,2.2222222222222223
85,225,2006,1.0,29,3.4482758620689653
85,225,2007,4.0,15,26.666666666666668
85,225,2008,0.0,15,0.0
85,225,2009,0.0,28,0.0
85,225,2010,0.0,34,0.0
85,225,2011,0.0,34,0.0
85,225,2012,1.0,30,3.3333333333333335
85,225,2013,2.0,23,8.695652173913043
85,225,2014,8.0,48,16.666666666666664
85,225,2015,1.0,15,6.666666666666667
85,225,2016,4.0,32,12.5
85,225,2017,2.0,38,5.263157894736842
85,225,2018,0.0,17,0.0
85,225,2019,1.0,25,4.0
85,225,2020,0.0,31,0.0
85,225,2021,3.0,25,12.0
85,225,2022,1.0,14,7.142857142857142
85,225,2023,0.0,12,0.0
85,225,2024,1.0,10,10.0
85,230,1998,1.0,34,2.941176470588235
85,230,1999,2.0,69,2.898550724637681
85,230,2000,3.0,66,4.545454545454546
85,230,2001,2.0,72,2.7777777777777777
85,230,2002,2.0,97,2.0618556701030926
85,230,2003,2.0,84,2.380952380952381
85,230,2004,2.0,83,2.4096385542168677
85,230,2005,1.0,79,1.2658227848101267
85,230,2006,5.0,98,5.1020408163265305
85,230,2007,2.0,83,2.4096385542168677
85,230,2008,4.0,81,4.938271604938271
85,230,2009,3.0,60,5.0
85,230,2010,2.0,67,2.9850746268656714
85,230,2011,7.0,89,7.865168539325842
85,230,2012,5.0,102,4.901960784313726
85,230,2013,7.0,106,6.60377358490566
85,230,2014,5.0,55,9.090909090909092
85,230,2015,4.0,51,7.8431372549019605
85,230,2016,5.0,64,7.8125
85,230,2017,2.0,56,3.571428571428571
85,230,2018,1.0,82,1.2195121951219512
85,230,2019,4.0,78,5.128205128205128
85,230,2020,5.0,66,7.575757575757576
85,230,2021,4.0,79,5.063291139240507
85,230,2022,3.0,51,5.88235294117647
85,230,2023,2.0,49,4.081632653061225
85,230,2024,3.0,42,7.142857142857142
85,250,1998,6.0,261,2.2988505747126435
85,250,1999,8.0,367,2.17983651226158
85,250,2000,11.0,347,3.170028818443804
85,250,2001,13.0,335,3.880597014925373
85,250,2002,16.0,316,5.063291139240507
85,250,2003,10.0,327,3.058103975535168
85,250,2004,8.0,293,2.7303754266211606
85,250,2005,12.0,388,3.0927835051546393
85,250,2006,14.0,374,3.7433155080213902
85,250,2007,13.0,340,3.823529411764706
85,250,2008,13.0,332,3.91566265060241
85,250,2009,2.0,238,0.8403361344537815
85,250,2010,18.0,407,4.422604422604422
85,250,2011,5.0,325,1.5384615384615385
85,250,2012,11.0,295,3.728813559322034
85,250,2013,10.0,282,3.546099290780142
85,250,2014,9.0,288,3.125
85,250,2015,6.0,256,2.34375
85,250,2016,10.0,291,3.436426116838488
85,250,2017,4.0,217,1.8433179723502304
85,250,2018,7.0,269,2.6022304832713754
85,250,2019,9.0,224,4.017857142857143
85,250,2020,11.0,303,3.6303630363036308
85,250,2021,18.0,294,6.122448979591836
85,250,2022,13.0,222,5.8558558558558556
85,250,2023,13.0,164,7.926829268292683
85,250,2024,11.0,137,8.02919708029197
85,263,1998,0.0,43,0.0
85,263,1999,5.0,67,7.462686567164178
85,263,2000,1.0,73,1.36986301369863
85,263,2001,5.0,95,5.263157894736842
85,263,2002,2.0,83,2.4096385542168677
85,263,2003,2.0,85,2.3529411764705883
85,263,2004,3.0,65,4.615384615384616
85,263,2005,3.0,91,3.296703296703297
85,263,2006,5.0,108,4.62962962962963
85,263,2007,5.0,114,4.385964912280701
85,263,2008,3.0,109,2.7522935779816518
85,263,2009,6.0,94,6.382978723404255
85,263,2010,4.0,68,5.88235294117647
85,263,2011,2.0,74,2.7027027027027026
85,263,2012,2.0,79,2.5316455696202533
85,263,2013,2.0,68,2.941176470588235
85,263,2014,2.0,83,2.4096385542168677
85,263,2015,2.0,54,3.7037037037037033
85,263,2016,4.0,74,5.405405405405405
85,263,2017,1.0,71,1.4084507042253522
85,263,2018,1.0,65,1.5384615384615385
85,263,2019,4.0,51,7.8431372549019605
85,263,2020,4.0,80,5.0
85,263,2021,4.0,61,6.557377049180328
85,263,2022,2.0,40,5.0
85,263,2023,3.0,39,7.6923076923076925
85,263,2024,2.0,37,5.405405405405405
85,279,1998,0.0,3,0.0
85,279,1999,0.0,3,0.0
85,279,2000,0.0,3,0.0
85,279,2001,0.0,3,0.0
85,279,2002,0.0,3,0.0
85,279,2004,2.0,14,14.285714285714285
85,279,2005,0.0,14,0.0
85,279,2006,0.0,10,0.0
85,279,2007,2.0,10,20.0
85,279,2008,1.0,7,14.285714285714285
85,279,2009,0.0,3,0.0
85,279,2010,0.0,6,0.0
85,279,2011,0.0,4,0.0
85,279,2012,0.0,1,0.0
85,279,2013,0.0,7,0.0
85,279,2014,0.0,1,0.0
85,279,2015,0.0,4,0.0
85,279,2016,0.0,1,0.0
85,279,2017,0.0,2,0.0
85,279,2018,0.0,1,0.0
85,279,2019,0.0,1,0.0
85,279,2020,0.0,1,0.0
85,279,2022,0.0,1,0.0
85,279,2024,0.0,3,0.0
85,300,1998,3.0,26,11.538461538461538
85,300,1999,1.0,34,2.941176470588235
85,300,2000,1.0,40,2.5
85,300,2001,0.0,25,0.0
85,300,2002,1.0,36,2.7777777777777777
85,300,2003,0.0,27,0.0
85,300,2004,2.0,32,6.25
85,300,2005,1.0,34,2.941176470588235
85,300,2006,0.0,18,0.0
85,300,2007,1.0,34,2.941176470588235
85,300,2008,0.0,20,0.0
85,300,2009,0.0,18,0.0
85,300,2010,1.0,11,9.090909090909092
85,300,2011,0.0,19,0.0
85,300,2012,0.0,20,0.0
85,300,2013,0.0,8,0.0
85,300,2014,0.0,9,0.0
85,300,2015,0.0,7,0.0
85,300,2016,1.0,8,12.5
85,300,2017,0.0,8,0.0
85,300,2018,0.0,9,0.0
85,300,2019,0.0,7,0.0
85,300,2020,0.0,6,0.0
85,300,2021,0.0,7,0.0
85,300,2024,1.0,5,20.0
85,315,1998,0.0,10,0.0
85,315,1999,0.0,9,0.0
85,315,2000,0.0,15,0.0
85,315,2001,0.0,31,0.0
85,315,2002,0.0,18,0.0
85,315,2003,0.0,23,0.0
85,315,2004,0.0,7,0.0
85,315,2005,1.0,16,6.25
85,315,2006,1.0,9,11.11111111111111
85,315,2007,0.0,10,0.0
85,315,2008,4.0,11,36.36363636363637
85,315,2009,0.0,3,0.0
85,315,2010,0.0,8,0.0
85,315,2011,1.0,11,9.090909090909092
85,315,2012,0.0,4,0.0
85,315,2013,0.0,10,0.0
85,315,2014,0.0,12,0.0
85,315,2015,0.0,2,0.0
85,315,2016,0.0,6,0.0
85,315,2017,0.0,3,0.0
85,315,2018,0.0,6,0.0
85,315,2019,2.0,5,40.0
85,315,2020,2.0,7,28.57142857142857
85,315,2021,0.0,5,0.0
85,315,2022,0.0,3,0.0
85,315,2023,0.0,5,0.0
85,315,2024,0.0,7,0.0
85,325,1998,2.0,27,7.4074074074074066
85,325,1999,0.0,24,0.0
85,325,2000,0.0,23,0.0
85,325,2001,1.0,38,2.631578947368421
85,325,2002,1.0,31,3.225806451612903
85,325,2003,2.0,25,8.0
85,325,2004,0.0,43,0.0
85,325,2005,0.0,39,0.0
85,325,2006,3.0,38,7.894736842105263
85,325,2007,1.0,46,2.1739130434782608
85,325,2008,1.0,33,3.0303030303030303
85,325,2009,0.0,30,0.0
85,325,2010,1.0,41,2.4390243902439024
85,325,2011,2.0,61,3.278688524590164
85,325,2012,1.0,29,3.4482758620689653
85,325,2013,0.0,29,0.0
85,325,2014,0.0,18,0.0
85,325,2015,0.0,20,0.0
85,325,2016,0.0,18,0.0
85,325,2017,0.0,31,0.0
85,325,2018,0.0,30,0.0
85,325,2019,3.0,18,16.666666666666664
85,325,2020,2.0,31,6.451612903225806
85,325,2021,1.0,27,3.7037037037037033
85,325,2022,1.0,26,3.8461538461538463
85,325,2023,0.0,15,0.0
85,325,2024,0.0,7,0.0
85,400,1998,0.0,55,0.0
85,400,1999,3.0,69,4.3478260869565215
85,400,2000,2.0,56,3.571428571428571
85,400,2001,4.0,64,6.25
85,400,2002,4.0,36,11.11111111111111
85,400,2003,0.0,37,0.0
85,400,2004,2.0,50,4.0
85,400,2005,1.0,67,1.4925373134328357
85,400,2006,0.0,73,0.0
85,400,2007,3.0,47,6.382978723404255
85,400,2008,0.0,34,0.0
85,400,2009,2.0,55,3.6363636363636362
85,400,2010,4.0,74,5.405405405405405
85,400,2011,2.0,63,3.1746031746031744
85,400,2012,0.0,51,0.0
85,400,2013,0.0,18,0.0
85,400,2014,1.0,18,5.555555555555555
85,400,2015,1.0,35,2.857142857142857
85,400,2016,3.0,23,13.043478260869565
85,400,2017,1.0,11,9.090909090909092
85,400,2018,1.0,20,5.0
85,400,2019,0.0,28,0.0
85,400,2020,1.0,45,2.2222222222222223
85,400,2021,1.0,43,2.3255813953488373
85,400,2022,0.0,32,0.0
85,400,2023,0.0,12,0.0
85,400,2024,0.0,8,0.0
85,410,1998,8.0,209,3.827751196172249
85,410,1999,5.0,252,1.984126984126984
85,410,2000,1.0,192,0.5208333333333333
85,410,2001,10.0,237,4.219409282700422
85,410,2002,6.0,210,2.857142857142857
85,410,2003,7.0,219,3.1963470319634704
85,410,2004,2.0,208,0.9615384615384616
85,410,2005,4.0,203,1.9704433497536946
85,410,2006,1.0,172,0.5813953488372093
85,410,2007,5.0,173,2.8901734104046244
85,410,2008,4.0,154,2.5974025974025974
85,410,2009,4.0,91,4.395604395604396
85,410,2010,1.0,162,0.6172839506172839
85,410,2011,5.0,167,2.9940119760479043
85,410,2012,4.0,152,2.631578947368421
85,410,2013,6.0,156,3.8461538461538463
85,410,2014,4.0,170,2.3529411764705883
85,410,2015,4.0,153,2.6143790849673203
85,410,2016,1.0,116,0.8620689655172413
85,410,2017,2.0,98,2.0408163265306123
85,410,2018,4.0,82,4.878048780487805
85,410,2019,3.0,88,3.4090909090909087
85,410,2020,2.0,96,2.083333333333333
85,410,2021,1.0,88,1.1363636363636365
85,410,2022,3.0,82,3.6585365853658534
85,410,2023,2.0,61,3.278688524590164
85,410,2024,1.0,52,1.9230769230769231
85,430,1998,4.0,94,4.25531914893617
85,430,1999,4.0,102,3.9215686274509802
85,430,2000,5.0,103,4.854368932038835
85,430,2001,2.0,141,1.4184397163120568
85,430,2002,4.0,126,3.1746031746031744
85,430,2003,3.0,113,2.6548672566371683
85,430,2004,8.0,127,6.299212598425196
85,430,2005,10.0,160,6.25
85,430,2006,3.0,140,2.142857142857143
85,430,2007,7.0,128,5.46875
85,430,2008,3.0,101,2.9702970297029703
85,430,2009,7.0,105,6.666666666666667
85,430,2010,3.0,114,2.631578947368421
85,430,2011,5.0,159,3.1446540880503147
85,430,2012,1.0,119,0.8403361344537815
85,430,2013,3.0,126,2.380952380952381
85,430,2014,2.0,96,2.083333333333333
85,430,2015,9.0,82,10.975609756097562
85,430,2016,4.0,45,8.88888888888889
85,430,2017,1.0,28,3.571428571428571
85,430,2018,4.0,77,5.194805194805195
85,430,2019,5.0,61,8.19672131147541
85,430,2020,5.0,100,5.0
85,430,2021,2.0,89,2.247191011235955
85,430,2022,8.0,58,13.793103448275861
85,430,2023,2.0,40,5.0
85,430,2024,4.0,40,10.0
85,440,1998,17.0,491,3.462321792260693
85,440,1999,11.0,441,2.494331065759637
85,440,2000,14.0,431,3.248259860788863
85,440,2001,10.0,419,2.386634844868735
85,440,2002,9.0,411,2.18978102189781
85,440,2003,9.0,366,2.459016393442623
85,440,2004,9.0,338,2.6627218934911245
85,440,2005,8.0,309,2.5889967637540456
85,440,2006,3.0,340,0.8823529411764706
85,440,2007,6.0,346,1.7341040462427744
85,440,2008,7.0,308,2.272727272727273
85,440,2009,6.0,248,2.4193548387096775
85,440,2010,9.0,241,3.7344398340248963
85,440,2011,19.0,265,7.169811320754717
85,440,2012,12.0,255,4.705882352941177
85,440,2013,5.0,188,2.6595744680851063
85,440,2014,4.0,212,1.8867924528301887
85,440,2015,8.0,156,5.128205128205128
85,440,2016,6.0,159,3.7735849056603774
85,440,2017,3.0,157,1.910828025477707
85,440,2018,4.0,138,2.898550724637681
85,440,2019,9.0,176,5.113636363636364
85,440,2020,10.0,192,5.208333333333334
85,440,2021,4.0,159,2.515723270440252
85,440,2022,12.0,170,7.0588235294117645
85,440,2023,5.0,110,4.545454545454546
85,440,2024,7.0,96,7.291666666666667
85,136,1999,0.0,17,0.0
85,136,2000,1.0,12,8.333333333333332
85,136,2001,0.0,16,0.0
85,136,2002,1.0,15,6.666666666666667
85,136,2003,0.0,18,0.0
85,136,2004,0.0,9,0.0
85,136,2005,0.0,3,0.0
85,136,2006,1.0,9,11.11111111111111
85,136,2007,2.0,30,6.666666666666667
85,136,2008,0.0,15,0.0
85,136,2009,1.0,10,10.0
85,136,2010,0.0,6,0.0
85,136,2011,0.0,3,0.0
85,136,2012,0.0,5,0.0
85,136,2013,0.0,4,0.0
85,136,2014,0.0,3,0.0
85,136,2015,0.0,1,0.0
85,136,2016,0.0,5,0.0
85,136,2017,0.0,2,0.0
85,136,2018,0.0,4,0.0
85,136,2019,0.0,9,0.0
85,136,2020,0.0,2,0.0
85,136,2021,0.0,3,0.0
85,136,2022,0.0,3,0.0
85,136,2023,0.0,1,0.0
85,001,2008,233.0,4421,5.270300836914725
85,001,2009,211.0,3621,5.827119580226457
85,001,2010,230.0,4475,5.139664804469274
85,001,2011,174.0,4448,3.911870503597122
85,001,2014,172.0,4840,3.553719008264463
85,001,2015,248.0,5166,4.8006194347657765
85,001,2016,280.0,4755,5.888538380651945
85,001,2017,273.0,4995,5.465465465465465
85,001,2018,246.0,4677,5.259781911481719
85,001,2019,326.0,4971,6.558036612351639
85,001,2020,353.0,5122,6.891839125341663
85,001,2021,345.0,5199,6.635891517599539
85,001,2022,303.0,4863,6.230721776681062
85,001,2023,304.0,4468,6.803939122649955
85,001,2024,225.0,3766,5.974508762612852
85,010,2008,4.0,232,1.7241379310344827
85,010,2009,3.0,172,1.744186046511628
85,010,2010,3.0,193,1.5544041450777202
85,010,2011,2.0,168,1.1904761904761905
85,010,2014,5.0,223,2.242152466367713
85,010,2015,3.0,192,1.5625
85,010,2016,1.0,161,0.6211180124223602
85,010,2017,4.0,158,2.5316455696202533
85,010,2018,0.0,147,0.0
85,010,2019,5.0,122,4.098360655737705
85,010,2020,1.0,137,0.7299270072992701
85,010,2021,6.0,146,4.10958904109589
85,010,2022,5.0,110,4.545454545454546
85,010,2023,3.0,82,3.6585365853658534
85,010,2024,2.0,63,3.1746031746031744
85,015,2008,1.0,4,25.0
85,015,2009,0.0,7,0.0
85,015,2010,0.0,8,0.0
85,015,2011,0.0,3,0.0
85,015,2014,0.0,13,0.0
85,015,2015,0.0,6,0.0
85,015,2016,1.0,9,11.11111111111111
85,015,2017,0.0,5,0.0
85,015,2018,1.0,10,10.0
85,015,2019,0.0,6,0.0
85,015,2020,0.0,7,0.0
85,015,2021,0.0,7,0.0
85,015,2022,2.0,7,28.57142857142857
85,015,2023,0.0,3,0.0
85,015,2024,0.0,4,0.0
86,1,1998,56.0,701,7.988587731811697
86,1,1999,62.0,889,6.974128233970754
86,1,2000,44.0,851,5.170387779083431
86,1,2001,40.0,870,4.597701149425287
86,1,2002,46.0,887,5.186020293122886
86,1,2003,42.0,1014,4.142011834319527
86,1,2004,37.0,1022,3.6203522504892365
86,1,2005,43.0,1037,4.146576663452266
86,1,2006,45.0,1045,4.30622009569378
86,1,2007,46.0,1074,4.283054003724395
86,1,2012,80.0,1626,4.920049200492005
86,1,2013,117.0,1682,6.956004756242569
86,219,1998,9.0,245,3.6734693877551026
86,219,1999,12.0,266,4.511278195488721
86,219,2000,11.0,267,4.119850187265917
86,219,2001,22.0,375,5.866666666666666
86,219,2002,18.0,375,4.8
86,219,2003,19.0,398,4.773869346733668
86,219,2004,16.0,431,3.7122969837587005
86,219,2005,12.0,424,2.8301886792452833
86,219,2006,11.0,426,2.5821596244131455
86,219,2007,14.0,447,3.131991051454139
86,219,2008,23.0,394,5.83756345177665
86,219,2009,12.0,362,3.314917127071823
86,219,2010,20.0,343,5.830903790087463
86,219,2011,13.0,354,3.672316384180791
86,219,2012,18.0,348,5.172413793103448
86,219,2013,7.0,354,1.977401129943503
86,219,2014,12.0,326,3.6809815950920246
86,219,2015,13.0,365,3.5616438356164384
86,219,2016,3.0,255,1.1764705882352942
86,219,2017,9.0,357,2.5210084033613445
86,219,2018,7.0,293,2.3890784982935154
86,219,2019,4.0,264,1.5151515151515151
86,219,2020,11.0,304,3.618421052631579
86,219,2021,15.0,313,4.792332268370607
86,219,2022,6.0,198,3.0303030303030303
86,219,2023,6.0,153,3.9215686274509802
86,219,2024,7.0,192,3.6458333333333335
86,320,1998,7.0,212,3.30188679245283
86,320,1999,9.0,247,3.643724696356275
86,320,2000,16.0,341,4.69208211143695
86,320,2001,16.0,440,3.6363636363636362
86,320,2002,14.0,369,3.7940379403794036
86,320,2003,6.0,336,1.7857142857142856
86,320,2004,15.0,285,5.263157894736842
86,320,2005,9.0,295,3.050847457627119
86,320,2006,13.0,379,3.430079155672823
86,320,2007,5.0,300,1.6666666666666667
86,320,2008,5.0,216,2.314814814814815
86,320,2009,10.0,279,3.584229390681003
86,320,2010,7.0,188,3.723404255319149
86,320,2011,3.0,149,2.013422818791946
86,320,2012,5.0,172,2.9069767441860463
86,320,2013,13.0,181,7.18232044198895
86,320,2014,8.0,224,3.571428571428571
86,320,2015,6.0,187,3.2085561497326207
86,320,2016,6.0,232,2.586206896551724
86,320,2017,3.0,231,1.2987012987012987
86,320,2018,8.0,163,4.9079754601226995
86,320,2019,4.0,154,2.5974025974025974
86,320,2020,6.0,177,3.389830508474576
86,320,2021,7.0,127,5.511811023622047
86,320,2022,4.0,139,2.877697841726619
86,320,2023,5.0,85,5.88235294117647
86,320,2024,5.0,60,8.333333333333332
86,568,1998,29.0,670,4.328358208955224
86,568,1999,32.0,909,3.52035203520352
86,568,2000,43.0,886,4.853273137697517
86,568,2001,45.0,890,5.056179775280898
86,568,2002,66.0,1210,5.454545454545454
86,568,2003,79.0,1427,5.536089698668535
86,568,2004,97.0,1565,6.198083067092652
86,568,2005,69.0,1448,4.765193370165746
86,568,2006,38.0,1451,2.6188835286009646
86,568,2007,69.0,1523,4.530531845042679
86,568,2008,75.0,1610,4.658385093167702
86,568,2009,65.0,1484,4.380053908355795
86,568,2010,68.0,1436,4.735376044568245
86,568,2011,43.0,1315,3.269961977186312
86,568,2012,39.0,1029,3.7900874635568513
86,568,2013,33.0,969,3.4055727554179565
86,568,2014,39.0,1119,3.485254691689008
86,568,2015,30.0,1365,2.197802197802198
86,568,2016,30.0,1354,2.2156573116691285
86,568,2017,29.0,1317,2.201974183750949
86,568,2018,38.0,1218,3.1198686371100166
86,568,2019,19.0,1383,1.373825018076645
86,568,2020,40.0,1692,2.3640661938534278
86,568,2021,114.0,1919,5.9405940594059405
86,568,2022,171.0,1937,8.828084667010842
86,568,2023,145.0,1735,8.357348703170029
86,568,2024,139.0,1548,8.979328165374676
86,569,1998,2.0,53,3.7735849056603774
86,569,1999,0.0,90,0.0
86,569,2000,7.0,116,6.0344827586206895
86,569,2001,2.0,77,2.5974025974025974
86,569,2002,2.0,76,2.631578947368421
86,569,2003,3.0,55,5.454545454545454
86,569,2004,1.0,47,2.127659574468085
86,569,2005,4.0,88,4.545454545454546
86,569,2006,0.0,96,0.0
86,569,2007,1.0,89,1.1235955056179776
86,569,2008,1.0,46,2.1739130434782608
86,569,2009,3.0,40,7.5
86,569,2010,0.0,14,0.0
86,569,2011,2.0,46,4.3478260869565215
86,569,2012,3.0,35,8.571428571428571
86,569,2013,2.0,10,20.0
86,569,2014,0.0,26,0.0
86,569,2015,2.0,15,13.333333333333334
86,569,2016,3.0,31,9.67741935483871
86,569,2017,2.0,47,4.25531914893617
86,569,2018,3.0,41,7.317073170731707
86,569,2019,1.0,38,2.631578947368421
86,569,2020,0.0,24,0.0
86,569,2021,0.0,31,0.0
86,569,2022,1.0,39,2.564102564102564
86,569,2023,4.0,20,20.0
86,569,2024,2.0,16,12.5
86,571,1998,8.0,118,6.779661016949152
86,571,1999,3.0,130,2.307692307692308
86,571,2000,3.0,143,2.097902097902098
86,571,2001,4.0,145,2.7586206896551726
86,571,2002,3.0,127,2.3622047244094486
86,571,2003,3.0,148,2.027027027027027
86,571,2004,2.0,97,2.0618556701030926
86,571,2005,1.0,121,0.8264462809917356
86,571,2006,5.0,121,4.132231404958678
86,571,2007,2.0,141,1.4184397163120568
86,571,2008,7.0,110,6.363636363636363
86,571,2009,7.0,91,7.6923076923076925
86,571,2010,2.0,85,2.3529411764705883
86,571,2011,1.0,83,1.2048192771084338
86,571,2012,14.0,72,19.444444444444446
86,571,2013,3.0,89,3.3707865168539324
86,571,2014,2.0,47,4.25531914893617
86,571,2015,0.0,27,0.0
86,571,2016,3.0,54,5.555555555555555
86,571,2017,4.0,52,7.6923076923076925
86,571,2018,5.0,46,10.869565217391305
86,571,2019,5.0,40,12.5
86,571,2020,2.0,40,5.0
86,571,2021,3.0,28,10.714285714285714
86,571,2022,7.0,39,17.94871794871795
86,571,2023,3.0,26,11.538461538461538
86,571,2024,2.0,17,11.76470588235294
86,573,1998,8.0,140,5.714285714285714
86,573,1999,7.0,221,3.167420814479638
86,573,2000,12.0,209,5.741626794258373
86,573,2001,7.0,190,3.684210526315789
86,573,2002,10.0,263,3.802281368821293
86,573,2003,7.0,295,2.3728813559322033
86,573,2004,14.0,339,4.129793510324483
86,573,2005,11.0,330,3.3333333333333335
86,573,2006,21.0,373,5.630026809651475
86,573,2007,13.0,242,5.371900826446281
86,573,2008,9.0,303,2.9702970297029703
86,573,2009,9.0,318,2.8301886792452833
86,573,2010,9.0,261,3.4482758620689653
86,573,2011,16.0,365,4.383561643835616
86,573,2012,8.0,349,2.292263610315186
86,573,2013,9.0,274,3.2846715328467155
86,573,2014,7.0,213,3.286384976525822
86,573,2015,8.0,251,3.187250996015936
86,573,2016,4.0,198,2.0202020202020203
86,573,2017,7.0,164,4.2682926829268295
86,573,2018,9.0,183,4.918032786885246
86,573,2019,4.0,168,2.380952380952381
86,573,2020,6.0,164,3.6585365853658534
86,573,2021,11.0,228,4.824561403508771
86,573,2022,9.0,229,3.9301310043668125
86,573,2023,3.0,193,1.5544041450777202
86,573,2024,3.0,80,3.75
86,749,1998,4.0,123,3.2520325203252036
86,749,1999,7.0,147,4.761904761904762
86,749,2000,7.0,154,4.545454545454546
86,749,2001,3.0,22,13.636363636363635
86,749,2002,2.0,22,9.090909090909092
86,749,2003,1.0,18,5.555555555555555
86,749,2004,1.0,29,3.4482758620689653
86,749,2005,0.0,31,0.0
86,749,2006,1.0,24,4.166666666666666
86,749,2007,2.0,15,13.333333333333334
86,749,2008,1.0,15,6.666666666666667
86,749,2009,0.0,7,0.0
86,749,2010,1.0,10,10.0
86,749,2011,0.0,7,0.0
86,749,2012,0.0,6,0.0
86,749,2013,0.0,3,0.0
86,749,2023,0.0,1,0.0
86,755,1998,0.0,5,0.0
86,755,1999,0.0,8,0.0
86,755,2000,0.0,4,0.0
86,755,2002,0.0,2,0.0
86,755,2003,0.0,5,0.0
86,755,2004,0.0,3,0.0
86,755,2005,0.0,3,0.0
86,755,2006,0.0,3,0.0
86,755,2007,0.0,7,0.0
86,755,2008,0.0,3,0.0
86,755,2009,0.0,5,0.0
86,755,2010,2.0,2,100.0
86,755,2011,0.0,2,0.0
86,755,2013,0.0,1,0.0
86,755,2024,0.0,1,0.0
86,757,1998,1.0,33,3.0303030303030303
86,757,1999,0.0,38,0.0
86,757,2000,1.0,73,1.36986301369863
86,757,2001,1.0,48,2.083333333333333
86,757,2002,2.0,111,1.8018018018018018
86,757,2003,3.0,155,1.935483870967742
86,757,2004,2.0,133,1.5037593984962405
86,757,2005,1.0,51,1.9607843137254901
86,757,2006,0.0,87,0.0
86,757,2007,0.0,79,0.0
86,757,2008,2.0,82,2.4390243902439024
86,757,2009,0.0,47,0.0
86,757,2010,0.0,32,0.0
86,757,2011,3.0,46,6.521739130434782
86,757,2012,3.0,82,3.6585365853658534
86,757,2013,4.0,66,6.0606060606060606
86,757,2014,3.0,65,4.615384615384616
86,757,2015,5.0,51,9.803921568627452
86,757,2016,5.0,75,6.666666666666667
86,757,2017,2.0,56,3.571428571428571
86,757,2018,3.0,87,3.4482758620689653
86,757,2019,2.0,56,3.571428571428571
86,757,2020,3.0,92,3.260869565217391
86,757,2021,3.0,110,2.727272727272727
86,757,2022,4.0,91,4.395604395604396
86,757,2023,0.0,58,0.0
86,757,2024,3.0,54,5.555555555555555
86,760,1998,0.0,3,0.0
86,760,1999,2.0,25,8.0
86,760,2000,2.0,44,4.545454545454546
86,760,2001,2.0,49,4.081632653061225
86,760,2002,0.0,17,0.0
86,760,2003,0.0,20,0.0
86,760,2004,2.0,20,10.0
86,760,2005,1.0,19,5.263157894736842
86,760,2006,0.0,23,0.0
86,760,2007,1.0,24,4.166666666666666
86,760,2008,0.0,14,0.0
86,760,2009,1.0,16,6.25
86,760,2010,1.0,13,7.6923076923076925
86,760,2011,0.0,17,0.0
86,760,2012,0.0,12,0.0
86,760,2013,2.0,8,25.0
86,760,2014,1.0,5,20.0
86,760,2015,0.0,2,0.0
86,760,2017,1.0,4,25.0
86,760,2023,0.0,2,0.0
86,760,2024,0.0,2,0.0
86,865,1998,11.0,357,3.081232492997199
86,865,1999,15.0,361,4.1551246537396125
86,865,2000,11.0,464,2.3706896551724137
86,865,2001,7.0,466,1.502145922746781
86,865,2002,10.0,441,2.2675736961451247
86,865,2003,10.0,386,2.5906735751295336
86,865,2004,18.0,444,4.054054054054054
86,865,2005,25.0,842,2.9691211401425175
86,865,2006,40.0,782,5.115089514066496
86,865,2007,35.0,623,5.617977528089887
86,865,2008,11.0,316,3.481012658227848
86,865,2009,17.0,479,3.549060542797495
86,865,2010,5.0,208,2.403846153846154
86,865,2011,8.0,269,2.973977695167286
86,865,2012,8.0,237,3.375527426160337
86,865,2013,6.0,218,2.7522935779816518
86,865,2014,6.0,250,2.4
86,865,2015,11.0,209,5.263157894736842
86,865,2016,5.0,276,1.8115942028985508
86,865,2017,7.0,317,2.2082018927444795
86,865,2018,8.0,290,2.7586206896551726
86,865,2019,4.0,317,1.2618296529968454
86,865,2020,5.0,294,1.7006802721088436
86,865,2021,18.0,293,6.143344709897611
86,865,2022,6.0,228,2.631578947368421
86,865,2023,9.0,207,4.3478260869565215
86,865,2024,9.0,161,5.590062111801243
86,885,1998,2.0,65,3.076923076923077
86,885,1999,1.0,96,1.0416666666666665
86,885,2000,4.0,83,4.819277108433735
86,885,2001,0.0,128,0.0
86,885,2002,1.0,92,1.0869565217391304
86,885,2003,4.0,101,3.9603960396039604
86,885,2004,2.0,126,1.5873015873015872
86,885,2005,3.0,150,2.0
86,885,2006,7.0,141,4.964539007092199
86,885,2007,6.0,105,5.714285714285714
86,885,2008,2.0,68,2.941176470588235
86,885,2009,2.0,81,2.4691358024691357
86,885,2010,2.0,32,6.25
86,885,2011,2.0,27,7.4074074074074066
86,885,2012,0.0,19,0.0
86,885,2013,1.0,89,1.1235955056179776
86,885,2014,7.0,90,7.777777777777778
86,885,2015,1.0,64,1.5625
86,885,2016,2.0,52,3.8461538461538463
86,885,2017,1.0,66,1.5151515151515151
86,885,2018,5.0,50,10.0
86,885,2019,2.0,61,3.278688524590164
86,885,2020,3.0,52,5.769230769230769
86,885,2021,2.0,51,3.9215686274509802
86,885,2022,5.0,47,10.638297872340425
86,885,2023,0.0,22,0.0
86,885,2024,0.0,11,0.0
86,001,2008,42.0,1162,3.614457831325301
86,001,2009,44.0,1169,3.7639007698887936
86,001,2010,38.0,1189,3.1959629941127
86,001,2011,44.0,1325,3.3207547169811322
86,001,2014,127.0,1530,8.30065359477124
86,001,2015,122.0,1477,8.259986459038592
86,001,2016,83.0,1220,6.80327868852459
86,001,2017,79.0,1418,5.571227080394922
86,001,2018,92.0,1530,6.0130718954248366
86,001,2019,99.0,1434,6.903765690376569
86,001,2020,88.0,1342,6.557377049180328
86,001,2021,94.0,1312,7.164634146341463
86,001,2022,104.0,1323,7.860922146636433
86,001,2023,111.0,1178,9.422750424448218
86,001,2024,69.0,1122,6.149732620320856
88,1,1998,66.0,1106,5.967450271247739
88,1,1999,71.0,1025,6.926829268292684
88,1,2000,48.0,983,4.883011190233978
88,1,2001,47.0,905,5.193370165745857
88,1,2002,66.0,942,7.006369426751593
88,1,2003,80.0,961,8.324661810613945
88,1,2004,70.0,888,7.882882882882883
88,1,2005,54.0,897,6.0200668896321075
88,1,2006,38.0,840,4.523809523809524
88,1,2007,49.0,878,5.5808656036446465
88,1,2012,56.0,798,7.017543859649122
88,1,2013,57.0,860,6.627906976744185
88,564,1998,1.0,11,9.090909090909092
88,564,1999,3.0,28,10.714285714285714
88,564,2000,2.0,33,6.0606060606060606
88,564,2001,0.0,25,0.0
88,564,2002,3.0,34,8.823529411764707
88,564,2003,0.0,15,0.0
88,564,2004,1.0,19,5.263157894736842
88,564,2005,2.0,32,6.25
88,564,2006,0.0,13,0.0
88,564,2007,0.0,22,0.0
88,564,2008,0.0,14,0.0
88,564,2009,0.0,13,0.0
88,564,2010,0.0,7,0.0
88,564,2011,0.0,7,0.0
88,564,2012,0.0,4,0.0
88,564,2013,1.0,3,33.33333333333333
88,564,2014,0.0,5,0.0
88,564,2015,0.0,5,0.0
88,564,2016,0.0,1,0.0
88,564,2017,1.0,4,25.0
88,564,2019,0.0,7,0.0
88,564,2020,1.0,9,11.11111111111111
88,564,2022,0.0,1,0.0
88,001,2008,65.0,795,8.176100628930817
88,001,2009,66.0,868,7.603686635944701
88,001,2010,69.0,816,8.455882352941178
88,001,2011,56.0,840,6.666666666666667
88,001,2014,69.0,840,8.214285714285714
88,001,2015,71.0,801,8.863920099875156
88,001,2016,46.0,845,5.44378698224852
88,001,2017,63.0,800,7.875
88,001,2018,48.0,750,6.4
88,001,2019,58.0,732,7.923497267759563
88,001,2020,48.0,727,6.602475928473177
88,001,2021,56.0,643,8.709175738724728
88,001,2022,54.0,643,8.398133748055987
88,001,2023,35.0,567,6.172839506172839
88,001,2024,40.0,555,7.207207207207207
91,1,1998,39.0,832,4.6875
91,1,1999,42.0,770,5.454545454545454
91,1,2000,58.0,892,6.502242152466367
91,1,2001,53.0,966,5.486542443064183
91,1,2002,53.0,967,5.4808686659772485
91,1,2003,50.0,999,5.005005005005005
91,1,2004,75.0,1169,6.41573994867408
91,1,2005,69.0,1009,6.838453914767097
91,1,2006,41.0,797,5.144291091593475
91,1,2007,96.0,1138,8.43585237258348
91,1,2012,62.0,1192,5.201342281879195
91,1,2013,80.0,1137,7.036059806508356
91,263,1998,0.0,9,0.0
91,263,1999,2.0,17,11.76470588235294
91,263,2000,1.0,9,11.11111111111111
91,263,2001,0.0,4,0.0
91,263,2002,4.0,12,33.33333333333333
91,263,2003,0.0,11,0.0
91,263,2004,1.0,22,4.545454545454546
91,263,2005,0.0,22,0.0
91,263,2006,0.0,7,0.0
91,263,2007,1.0,26,3.8461538461538463
91,263,2008,1.0,7,14.285714285714285
91,263,2009,0.0,11,0.0
91,263,2010,1.0,12,8.333333333333332
91,263,2011,0.0,11,0.0
91,263,2012,1.0,20,5.0
91,263,2013,1.0,14,7.142857142857142
91,263,2014,0.0,17,0.0
91,263,2015,0.0,17,0.0
91,263,2016,0.0,14,0.0
91,263,2017,1.0,23,4.3478260869565215
91,263,2018,0.0,11,0.0
91,263,2019,1.0,17,5.88235294117647
91,263,2020,0.0,13,0.0
91,263,2021,1.0,19,5.263157894736842
91,263,2022,1.0,13,7.6923076923076925
91,263,2023,1.0,12,8.333333333333332
91,263,2024,0.0,6,0.0
91,405,1998,1.0,12,8.333333333333332
91,405,1999,0.0,2,0.0
91,405,2000,0.0,1,0.0
91,405,2002,0.0,6,0.0
91,405,2003,1.0,4,25.0
91,405,2004,2.0,8,25.0
91,405,2005,0.0,5,0.0
91,405,2006,1.0,10,10.0
91,405,2007,0.0,18,0.0
91,405,2008,0.0,15,0.0
91,405,2009,0.0,20,0.0
91,405,2010,0.0,13,0.0
91,405,2011,0.0,22,0.0
91,405,2012,1.0,21,4.761904761904762
91,405,2013,1.0,17,5.88235294117647
91,405,2014,1.0,23,4.3478260869565215
91,405,2015,0.0,29,0.0
91,405,2016,3.0,21,14.285714285714285
91,405,2017,2.0,39,5.128205128205128
91,405,2018,3.0,27,11.11111111111111
91,405,2019,1.0,26,3.8461538461538463
91,405,2020,0.0,34,0.0
91,405,2021,1.0,40,2.5
91,405,2022,1.0,21,4.761904761904762
91,405,2023,4.0,16,25.0
91,405,2024,3.0,21,14.285714285714285
91,407,1998,0.0,26,0.0
91,407,1999,1.0,18,5.555555555555555
91,407,2000,3.0,30,10.0
91,407,2001,3.0,25,12.0
91,407,2002,0.0,22,0.0
91,407,2003,0.0,11,0.0
91,407,2004,1.0,34,2.941176470588235
91,407,2005,0.0,30,0.0
91,407,2006,4.0,25,16.0
91,407,2007,1.0,32,3.125
91,407,2008,0.0,34,0.0
91,407,2009,0.0,37,0.0
91,407,2010,0.0,36,0.0
91,407,2011,1.0,19,5.263157894736842
91,407,2012,0.0,48,0.0
91,407,2013,0.0,26,0.0
91,407,2014,2.0,50,4.0
91,407,2015,2.0,33,6.0606060606060606
91,407,2016,1.0,34,2.941176470588235
91,407,2017,1.0,35,2.857142857142857
91,407,2018,1.0,39,2.564102564102564
91,407,2019,0.0,31,0.0
91,407,2020,1.0,33,3.0303030303030303
91,407,2021,1.0,40,2.5
91,407,2022,3.0,27,11.11111111111111
91,407,2023,0.0,26,0.0
91,407,2024,0.0,19,0.0
91,430,2001,0.0,1,0.0
91,430,2002,0.0,2,0.0
91,430,2005,0.0,2,0.0
91,430,2006,0.0,2,0.0
91,430,2007,0.0,1,0.0
91,430,2013,0.0,2,0.0
91,430,2022,0.0,1,0.0
91,460,1998,0.0,3,0.0
91,460,1999,0.0,2,0.0
91,460,2000,0.0,1,0.0
91,460,2001,0.0,2,0.0
91,460,2002,0.0,6,0.0
91,460,2004,0.0,7,0.0
91,460,2005,0.0,4,0.0
91,460,2006,0.0,1,0.0
91,460,2008,0.0,3,0.0
91,460,2009,0.0,3,0.0
91,460,2012,0.0,8,0.0
91,460,2013,1.0,4,25.0
91,460,2014,0.0,4,0.0
91,460,2015,0.0,7,0.0
91,460,2016,0.0,3,0.0
91,460,2017,1.0,5,20.0
91,460,2018,1.0,6,16.666666666666664
91,460,2019,0.0,5,0.0
91,460,2020,0.0,5,0.0
91,460,2021,0.0,6,0.0
91,460,2022,0.0,5,0.0
91,460,2023,0.0,3,0.0
91,460,2024,0.0,1,0.0
91,530,2003,0.0,9,0.0
91,530,2004,0.0,12,0.0
91,530,2005,1.0,8,12.5
91,530,2008,0.0,2,0.0
91,530,2010,0.0,1,0.0
91,530,2012,0.0,9,0.0
91,530,2013,0.0,9,0.0
91,530,2014,0.0,5,0.0
91,530,2015,0.0,7,0.0
91,530,2016,0.0,8,0.0
91,530,2017,0.0,6,0.0
91,530,2018,0.0,3,0.0
91,530,2019,0.0,2,0.0
91,530,2020,0.0,2,0.0
91,530,2021,1.0,8,12.5
91,530,2022,0.0,3,0.0
91,530,2023,0.0,2,0.0
91,530,2024,0.0,1,0.0
91,540,1998,2.0,34,5.88235294117647
91,540,1999,0.0,46,0.0
91,540,2000,4.0,54,7.4074074074074066
91,540,2001,3.0,34,8.823529411764707
91,540,2002,4.0,39,10.256410256410255
91,540,2003,9.0,60,15.0
91,540,2004,0.0,45,0.0
91,540,2005,4.0,40,10.0
91,540,2006,5.0,28,17.857142857142858
91,540,2007,3.0,93,3.225806451612903
91,540,2008,1.0,50,2.0
91,540,2009,9.0,94,9.574468085106384
91,540,2010,2.0,98,2.0408163265306123
91,540,2011,2.0,109,1.834862385321101
91,540,2012,3.0,102,2.941176470588235
91,540,2013,5.0,90,5.555555555555555
91,540,2014,5.0,88,5.681818181818182
91,540,2015,4.0,92,4.3478260869565215
91,540,2016,6.0,115,5.217391304347826
91,540,2017,1.0,93,1.0752688172043012
91,540,2018,11.0,120,9.166666666666666
91,540,2019,3.0,95,3.1578947368421053
91,540,2020,2.0,90,2.2222222222222223
91,540,2021,4.0,83,4.819277108433735
91,540,2022,7.0,61,11.475409836065573
91,540,2023,7.0,47,14.893617021276595
91,540,2024,2.0,30,6.666666666666667
91,669,1998,0.0,17,0.0
91,669,1999,2.0,10,20.0
91,669,2000,0.0,5,0.0
91,669,2001,0.0,10,0.0
91,669,2002,0.0,2,0.0
91,669,2003,1.0,3,33.33333333333333
91,669,2004,0.0,10,0.0
91,669,2005,1.0,14,7.142857142857142
91,669,2006,1.0,10,10.0
91,669,2007,1.0,12,8.333333333333332
91,669,2008,0.0,10,0.0
91,669,2009,0.0,8,0.0
91,669,2010,0.0,12,0.0
91,669,2011,1.0,14,7.142857142857142
91,669,2012,0.0,13,0.0
91,669,2013,0.0,7,0.0
91,669,2014,0.0,4,0.0
91,669,2015,0.0,2,0.0
91,669,2016,3.0,8,37.5
91,669,2017,0.0,6,0.0
91,669,2018,1.0,6,16.666666666666664
91,669,2019,1.0,7,14.285714285714285
91,669,2020,1.0,7,14.285714285714285
91,669,2021,0.0,14,0.0
91,669,2022,0.0,9,0.0
91,669,2023,2.0,10,20.0
91,669,2024,0.0,9,0.0
91,798,1998,1.0,8,12.5
91,798,1999,1.0,14,7.142857142857142
91,798,2000,2.0,23,8.695652173913043
91,798,2001,1.0,9,11.11111111111111
91,798,2002,1.0,30,3.3333333333333335
91,798,2003,0.0,15,0.0
91,798,2004,3.0,28,10.714285714285714
91,798,2005,2.0,36,5.555555555555555
91,798,2006,2.0,42,4.761904761904762
91,798,2007,1.0,26,3.8461538461538463
91,798,2008,0.0,39,0.0
91,798,2009,2.0,27,7.4074074074074066
91,798,2010,5.0,37,13.513513513513514
91,798,2011,2.0,36,5.555555555555555
91,798,2012,6.0,68,8.823529411764707
91,798,2013,3.0,44,6.8181818181818175
91,798,2014,1.0,42,2.380952380952381
91,798,2015,4.0,51,7.8431372549019605
91,798,2016,2.0,59,3.389830508474576
91,798,2017,4.0,51,7.8431372549019605
91,798,2018,4.0,81,4.938271604938271
91,798,2019,7.0,58,12.068965517241379
91,798,2020,6.0,47,12.76595744680851
91,798,2021,2.0,38,5.263157894736842
91,798,2022,4.0,30,13.333333333333334
91,798,2023,1.0,20,5.0
91,798,2024,6.0,25,24.0
91,536,1999,0.0,3,0.0
91,536,2000,0.0,2,0.0
91,536,2001,0.0,1,0.0
91,536,2002,0.0,7,0.0
91,536,2003,0.0,3,0.0
91,536,2004,1.0,16,6.25
91,536,2005,0.0,9,0.0
91,536,2006,0.0,10,0.0
91,536,2007,2.0,9,22.22222222222222
91,536,2008,2.0,36,5.555555555555555
91,536,2009,0.0,11,0.0
91,536,2010,0.0,10,0.0
91,536,2011,0.0,1,0.0
91,536,2012,0.0,6,0.0
91,536,2013,0.0,6,0.0
91,536,2014,0.0,5,0.0
91,536,2015,1.0,17,5.88235294117647
91,536,2016,1.0,8,12.5
91,536,2017,0.0,6,0.0
91,536,2018,0.0,5,0.0
91,536,2019,0.0,11,0.0
91,536,2020,0.0,9,0.0
91,536,2021,0.0,10,0.0
91,536,2022,0.0,18,0.0
91,536,2023,0.0,9,0.0
91,536,2024,0.0,7,0.0
91,001,2008,89.0,1193,7.460184409052808
91,001,2009,68.0,1066,6.378986866791744
91,001,2010,62.0,1038,5.973025048169557
91,001,2011,57.0,1138,5.008787346221441
91,001,2014,87.0,1263,6.88836104513064
91,001,2015,68.0,1149,5.918189730200174
91,001,2016,51.0,1055,4.834123222748815
91,001,2017,34.0,1092,3.1135531135531136
91,001,2018,50.0,1022,4.892367906066536
91,001,2019,47.0,886,5.304740406320542
91,001,2020,53.0,726,7.300275482093664
91,001,2021,51.0,764,6.675392670157068
91,001,2022,53.0,737,7.191316146540028
91,001,2023,34.0,600,5.666666666666666
91,001,2024,43.0,571,7.530647985989491
94,1,1998,32.0,352,9.090909090909092
94,1,1999,16.0,304,5.263157894736842
94,1,2000,39.0,380,10.263157894736842
94,1,2001,24.0,359,6.685236768802229
94,1,2002,17.0,361,4.7091412742382275
94,1,2003,11.0,399,2.756892230576441
94,1,2004,24.0,419,5.727923627684964
94,1,2005,23.0,460,5.0
94,1,2006,17.0,485,3.5051546391752577
94,1,2007,27.0,464,5.818965517241379
94,1,2012,14.0,428,3.2710280373831773
94,1,2013,17.0,522,3.256704980842912
94,343,1998,4.0,34,11.76470588235294
94,343,1999,2.0,28,7.142857142857142
94,343,2000,2.0,56,3.571428571428571
94,343,2001,2.0,34,5.88235294117647
94,343,2002,2.0,29,6.896551724137931
94,343,2003,1.0,60,1.6666666666666667
94,343,2004,1.0,22,4.545454545454546
94,343,2005,2.0,46,4.3478260869565215
94,343,2006,0.0,30,0.0
94,343,2007,1.0,29,3.4482758620689653
94,343,2008,3.0,37,8.108108108108109
94,343,2009,10.0,57,17.543859649122805
94,343,2010,4.0,40,10.0
94,343,2011,1.0,33,3.0303030303030303
94,343,2012,1.0,49,2.0408163265306123
94,343,2013,4.0,55,7.2727272727272725
94,343,2014,1.0,41,2.4390243902439024
94,343,2015,0.0,8,0.0
94,343,2016,1.0,33,3.0303030303030303
94,343,2017,2.0,86,2.3255813953488373
94,343,2018,5.0,150,3.3333333333333335
94,343,2019,5.0,87,5.747126436781609
94,343,2020,2.0,154,1.2987012987012987
94,343,2021,5.0,188,2.6595744680851063
94,343,2022,4.0,160,2.5
94,343,2023,5.0,82,6.097560975609756
94,343,2024,5.0,107,4.672897196261682
94,883,1998,0.0,15,0.0
94,883,1999,0.0,1,0.0
94,883,2000,1.0,6,16.666666666666664
94,883,2001,0.0,3,0.0
94,883,2002,1.0,8,12.5
94,883,2003,3.0,7,42.857142857142854
94,883,2004,0.0,6,0.0
94,883,2005,0.0,1,0.0
94,883,2006,0.0,2,0.0
94,883,2008,1.0,8,12.5
94,883,2009,0.0,5,0.0
94,883,2011,0.0,5,0.0
94,883,2012,0.0,1,0.0
94,883,2013,0.0,7,0.0
94,883,2014,0.0,2,0.0
94,883,2015,1.0,1,100.0
94,883,2016,2.0,3,66.66666666666666
94,883,2017,0.0,6,0.0
94,883,2018,1.0,32,3.125
94,883,2019,1.0,31,3.225806451612903
94,883,2021,0.0,16,0.0
94,883,2022,0.0,21,0.0
94,883,2023,0.0,7,0.0
94,883,2024,1.0,5,20.0
94,885,2000,0.0,1,0.0
94,885,2009,0.0,1,0.0
94,885,2011,1.0,1,100.0
94,885,2014,0.0,1,0.0
94,885,2016,0.0,1,0.0
94,885,2018,0.0,3,0.0
94,885,2019,0.0,5,0.0
94,885,2020,0.0,1,0.0
94,885,2021,0.0,1,0.0
94,885,2022,0.0,2,0.0
94,887,2000,0.0,1,0.0
94,887,2003,0.0,1,0.0
94,887,2005,0.0,2,0.0
94,887,2017,0.0,4,0.0
94,887,2018,0.0,4,0.0
94,887,2019,2.0,2,100.0
94,887,2020,0.0,2,0.0
94,887,2021,0.0,7,0.0
94,887,2022,0.0,14,0.0
94,887,2023,0.0,3,0.0
94,887,2024,0.0,2,0.0
94,884,1999,0.0,3,0.0
94,884,2000,0.0,7,0.0
94,884,2001,0.0,1,0.0
94,884,2002,1.0,8,12.5
94,884,2003,0.0,5,0.0
94,884,2004,1.0,1,100.0
94,884,2005,0.0,2,0.0
94,884,2007,0.0,1,0.0
94,884,2009,0.0,3,0.0
94,884,2017,1.0,4,25.0
94,884,2018,0.0,11,0.0
94,884,2019,0.0,13,0.0
94,884,2020,0.0,16,0.0
94,884,2021,0.0,7,0.0
94,884,2022,1.0,9,11.11111111111111
94,884,2024,0.0,4,0.0
94,886,1999,0.0,2,0.0
94,886,2005,0.0,2,0.0
94,886,2006,0.0,3,0.0
94,886,2009,0.0,1,0.0
94,886,2014,0.0,1,0.0
94,886,2017,0.0,2,0.0
94,886,2018,0.0,4,0.0
94,886,2019,0.0,3,0.0
94,886,2020,1.0,8,12.5
94,886,2021,1.0,11,9.090909090909092
94,886,2022,0.0,5,0.0
94,886,2023,0.0,5,0.0
94,886,2024,2.0,3,66.66666666666666
94,888,2001,0.0,1,0.0
94,888,2009,0.0,1,0.0
94,888,2017,0.0,1,0.0
94,888,2019,0.0,1,0.0
94,888,2021,0.0,3,0.0
94,888,2023,0.0,3,0.0
94,888,2024,0.0,1,0.0
94,663,2003,0.0,3,0.0
94,663,2005,0.0,3,0.0
94,663,2006,0.0,3,0.0
94,663,2008,0.0,1,0.0
94,663,2010,0.0,1,0.0
94,663,2011,0.0,1,0.0
94,663,2017,0.0,1,0.0
94,663,2018,0.0,6,0.0
94,663,2019,0.0,12,0.0
94,663,2020,0.0,16,0.0
94,663,2021,0.0,6,0.0
94,001,2008,28.0,509,5.50098231827112
94,001,2009,26.0,495,5.252525252525253
94,001,2010,17.0,504,3.373015873015873
94,001,2011,15.0,555,2.7027027027027026
94,001,2014,23.0,541,4.251386321626617
94,001,2015,26.0,562,4.6263345195729535
94,001,2016,52.0,620,8.38709677419355
94,001,2017,47.0,722,6.509695290858726
94,001,2018,64.0,808,7.920792079207921
94,001,2019,63.0,946,6.659619450317125
94,001,2020,57.0,807,7.063197026022305
94,001,2021,82.0,1214,6.754530477759473
94,001,2022,71.0,1012,7.015810276679842
94,001,2023,70.0,774,9.043927648578812
94,001,2024,45.0,680,6.61764705882353
95,1,1998,70.0,830,8.433734939759036
95,1,1999,81.0,935,8.663101604278074
95,1,2000,76.0,980,7.755102040816326
95,1,2001,95.0,1007,9.433962264150944
95,1,2002,71.0,1043,6.807286673058485
95,1,2003,81.0,1260,6.428571428571428
95,1,2004,122.0,1368,8.91812865497076
95,1,2005,127.0,1439,8.825573314801947
95,1,2006,70.0,951,7.360672975814932
95,1,2007,114.0,1307,8.722264728385616
95,1,2012,59.0,1135,5.1982378854625555
95,1,2013,60.0,972,6.172839506172839
95,15,1998,2.0,52,3.8461538461538463
95,15,1999,7.0,109,6.422018348623854
95,15,2000,4.0,135,2.9629629629629632
95,15,2001,7.0,122,5.737704918032787
95,15,2002,1.0,62,1.6129032258064515
95,15,2003,5.0,110,4.545454545454546
95,15,2004,4.0,117,3.418803418803419
95,15,2005,6.0,95,6.315789473684211
95,15,2006,4.0,82,4.878048780487805
95,15,2007,2.0,86,2.3255813953488373
95,15,2012,0.0,18,0.0
95,15,2013,1.0,24,4.166666666666666
95,200,1998,7.0,87,8.045977011494253
95,200,1999,2.0,107,1.8691588785046727
95,200,2000,4.0,118,3.389830508474576
95,200,2001,8.0,153,5.228758169934641
95,200,2002,7.0,120,5.833333333333333
95,200,2003,9.0,123,7.317073170731707
95,200,2004,7.0,121,5.785123966942149
95,200,2005,2.0,92,2.1739130434782608
95,200,2006,6.0,74,8.108108108108109
95,200,2007,4.0,44,9.090909090909092
95,200,2008,2.0,27,7.4074074074074066
95,200,2009,8.0,24,33.33333333333333
95,200,2010,2.0,22,9.090909090909092
95,200,2011,4.0,29,13.793103448275861
95,200,2012,1.0,25,4.0
95,200,2013,1.0,21,4.761904761904762
95,200,2014,0.0,10,0.0
95,200,2015,1.0,21,4.761904761904762
95,200,2016,1.0,24,4.166666666666666
95,200,2017,1.0,20,5.0
95,200,2018,1.0,14,7.142857142857142
95,200,2019,2.0,9,22.22222222222222
95,200,2020,0.0,2,0.0
95,200,2021,0.0,3,0.0
95,200,2022,1.0,3,33.33333333333333
95,200,2023,1.0,5,20.0
95,200,2024,0.0,2,0.0
95,25,1998,6.0,101,5.9405940594059405
95,25,1999,5.0,105,4.761904761904762
95,25,2000,9.0,86,10.465116279069768
95,25,2001,4.0,113,3.5398230088495577
95,25,2002,3.0,86,3.488372093023256
95,25,2003,4.0,108,3.7037037037037033
95,25,2004,1.0,113,0.8849557522123894
95,25,2005,4.0,96,4.166666666666666
95,25,2006,4.0,117,3.418803418803419
95,25,2007,4.0,119,3.361344537815126
95,25,2012,2.0,22,9.090909090909092
95,25,2013,1.0,17,5.88235294117647
95,001,2008,99.0,1458,6.790123456790123
95,001,2009,89.0,1314,6.773211567732115
95,001,2010,73.0,1240,5.887096774193548
95,001,2011,66.0,1174,5.621805792163544
95,001,2014,36.0,1072,3.3582089552238807
95,001,2015,47.0,1130,4.15929203539823
95,001,2016,52.0,1117,4.6553267681289165
95,001,2017,41.0,1212,3.382838283828383
95,001,2018,47.0,1231,3.8180341186027618
95,001,2019,47.0,1219,3.855619360131255
95,001,2020,39.0,1257,3.1026252983293556
95,001,2021,46.0,1349,3.40993328391401
95,001,2022,57.0,1229,4.637917005695687
95,001,2023,50.0,1109,4.508566275924256
95,001,2024,52.0,992,5.241935483870968
95,015,2008,1.0,50,2.0
95,015,2009,0.0,36,0.0
95,015,2010,2.0,28,7.142857142857142
95,015,2011,1.0,31,3.225806451612903
95,015,2014,1.0,14,7.142857142857142
95,015,2015,1.0,9,11.11111111111111
95,015,2016,1.0,7,14.285714285714285
95,015,2017,0.0,14,0.0
95,015,2018,0.0,13,0.0
95,015,2019,2.0,20,10.0
95,015,2020,1.0,12,8.333333333333332
95,015,2021,3.0,29,10.344827586206897
95,015,2022,2.0,25,8.0
95,015,2023,2.0,11,18.181818181818183
95,015,2024,0.0,7,0.0
95,025,2008,3.0,67,4.477611940298507
95,025,2009,7.0,72,9.722222222222223
95,025,2010,1.0,41,2.4390243902439024
95,025,2011,2.0,35,5.714285714285714
95,025,2014,0.0,26,0.0
95,025,2015,1.0,12,8.333333333333332
95,025,2016,2.0,14,14.285714285714285
95,025,2017,0.0,15,0.0
95,025,2018,0.0,12,0.0
95,025,2019,1.0,9,11.11111111111111
95,025,2020,2.0,13,15.384615384615385
95,025,2021,1.0,13,7.6923076923076925
95,025,2022,0.0,6,0.0
95,025,2023,1.0,7,14.285714285714285
95,025,2024,0.0,3,0.0
97,1,1998,10.0,178,5.617977528089887
97,1,1999,22.0,334,6.58682634730539
97,1,2000,18.0,283,6.36042402826855
97,1,2001,13.0,281,4.6263345195729535
97,1,2002,19.0,299,6.354515050167224
97,1,2003,24.0,330,7.2727272727272725
97,1,2004,19.0,378,5.026455026455026
97,1,2005,16.0,384,4.166666666666666
97,1,2006,21.0,455,4.615384615384616
97,1,2007,17.0,390,4.358974358974359
97,1,2012,22.0,423,5.200945626477541
97,1,2013,15.0,365,4.10958904109589
97,161,1998,3.0,25,12.0
97,161,1999,2.0,31,6.451612903225806
97,161,2000,0.0,33,0.0
97,161,2001,0.0,20,0.0
97,161,2002,1.0,42,2.380952380952381
97,161,2003,3.0,33,9.090909090909092
97,161,2004,1.0,34,2.941176470588235
97,161,2005,1.0,20,5.0
97,161,2006,1.0,14,7.142857142857142
97,161,2007,0.0,20,0.0
97,161,2008,1.0,38,2.631578947368421
97,161,2009,0.0,12,0.0
97,161,2010,3.0,33,9.090909090909092
97,161,2011,1.0,33,3.0303030303030303
97,161,2012,3.0,22,13.636363636363635
97,161,2013,2.0,19,10.526315789473683
97,161,2014,1.0,17,5.88235294117647
97,161,2015,2.0,32,6.25
97,161,2016,0.0,12,0.0
97,161,2017,0.0,25,0.0
97,161,2018,0.0,26,0.0
97,161,2019,1.0,16,6.25
97,161,2020,2.0,19,10.526315789473683
97,161,2021,5.0,29,17.24137931034483
97,161,2022,1.0,23,4.3478260869565215
97,161,2023,0.0,21,0.0
97,161,2024,1.0,19,5.263157894736842
97,511,1999,0.0,1,0.0
97,511,2001,0.0,3,0.0
97,511,2002,1.0,16,6.25
97,511,2003,0.0,9,0.0
97,511,2004,0.0,21,0.0
97,511,2005,3.0,37,8.108108108108109
97,511,2006,1.0,31,3.225806451612903
97,511,2007,0.0,11,0.0
97,511,2008,1.0,54,1.8518518518518516
97,511,2009,2.0,29,6.896551724137931
97,511,2010,4.0,30,13.333333333333334
97,511,2011,2.0,54,3.7037037037037033
97,511,2012,2.0,39,5.128205128205128
97,511,2013,0.0,42,0.0
97,511,2014,6.0,31,19.35483870967742
97,511,2015,3.0,23,13.043478260869565
97,511,2016,2.0,7,28.57142857142857
97,511,2017,0.0,10,0.0
97,511,2018,2.0,13,15.384615384615385
97,511,2019,3.0,24,12.5
97,511,2020,0.0,4,0.0
97,511,2021,2.0,27,7.4074074074074066
97,511,2022,0.0,2,0.0
97,511,2023,0.0,1,0.0
97,511,2024,0.0,1,0.0
97,666,1998,1.0,7,14.285714285714285
97,666,1999,0.0,2,0.0
97,666,2000,0.0,4,0.0
97,666,2001,0.0,7,0.0
97,666,2002,0.0,5,0.0
97,666,2003,0.0,8,0.0
97,666,2004,0.0,6,0.0
97,666,2005,0.0,2,0.0
97,666,2006,0.0,5,0.0
97,666,2007,0.0,18,0.0
97,666,2008,0.0,25,0.0
97,666,2009,0.0,12,0.0
97,666,2010,0.0,28,0.0
97,666,2011,2.0,19,10.526315789473683
97,666,2012,1.0,35,2.857142857142857
97,666,2013,0.0,16,0.0
97,666,2014,0.0,10,0.0
97,666,2015,3.0,27,11.11111111111111
97,666,2016,1.0,20,5.0
97,666,2017,0.0,19,0.0
97,666,2018,1.0,15,6.666666666666667
97,666,2019,0.0,20,0.0
97,666,2020,2.0,9,22.22222222222222
97,666,2021,0.0,34,0.0
97,666,2022,0.0,19,0.0
97,666,2023,1.0,12,8.333333333333332
97,666,2024,0.0,9,0.0
97,777,1998,0.0,2,0.0
97,777,2001,0.0,1,0.0
97,777,2002,0.0,3,0.0
97,777,2003,0.0,4,0.0
97,777,2004,0.0,4,0.0
97,777,2005,0.0,4,0.0
97,777,2006,0.0,2,0.0
97,777,2007,0.0,1,0.0
97,777,2008,0.0,1,0.0
97,777,2009,0.0,1,0.0
97,777,2012,2.0,6,33.33333333333333
97,777,2013,0.0,1,0.0
97,777,2014,1.0,2,50.0
97,777,2015,0.0,2,0.0
97,777,2016,1.0,1,100.0
97,777,2017,1.0,2,50.0
97,777,2018,0.0,1,0.0
97,777,2019,0.0,1,0.0
97,777,2021,0.0,3,0.0
97,889,1999,0.0,8,0.0
97,889,2001,0.0,3,0.0
97,889,2002,0.0,3,0.0
97,889,2003,0.0,14,0.0
97,889,2004,1.0,12,8.333333333333332
97,889,2005,0.0,8,0.0
97,889,2006,0.0,12,0.0
97,889,2007,0.0,14,0.0
97,889,2008,1.0,13,7.6923076923076925
97,889,2009,1.0,13,7.6923076923076925
97,889,2010,0.0,14,0.0
97,889,2011,0.0,11,0.0
97,889,2012,2.0,21,9.523809523809524
97,889,2013,0.0,6,0.0
97,889,2014,0.0,9,0.0
97,889,2015,0.0,8,0.0
97,889,2016,0.0,3,0.0
97,889,2017,1.0,5,20.0
97,889,2018,0.0,3,0.0
97,889,2019,1.0,7,14.285714285714285
97,889,2020,1.0,3,33.33333333333333
97,889,2021,0.0,11,0.0
97,889,2022,0.0,5,0.0
97,889,2024,0.0,2,0.0
97,001,2008,20.0,524,3.816793893129771
97,001,2009,23.0,429,5.361305361305361
97,001,2010,18.0,384,4.6875
97,001,2011,26.0,454,5.726872246696035
97,001,2014,20.0,234,8.547008547008547
97,001,2015,19.0,386,4.922279792746114
97,001,2016,18.0,343,5.247813411078718
97,001,2017,28.0,414,6.763285024154589
97,001,2018,39.0,502,7.768924302788845
97,001,2019,31.0,533,5.816135084427768
97,001,2020,13.0,383,3.3942558746736298
97,001,2021,44.0,554,7.9422382671480145
97,001,2022,20.0,444,4.504504504504505
97,001,2023,19.0,403,4.714640198511166
97,001,2024,22.0,354,6.214689265536723
99,1,1998,23.0,257,8.949416342412452
99,1,1999,26.0,306,8.49673202614379
99,1,2000,16.0,317,5.047318611987381
99,1,2001,22.0,275,8.0
99,1,2002,20.0,259,7.722007722007722
99,1,2003,17.0,232,7.327586206896551
99,1,2004,12.0,237,5.063291139240507
99,1,2005,21.0,317,6.624605678233439
99,1,2006,20.0,222,9.00900900900901
99,1,2007,15.0,312,4.807692307692308
99,1,2012,17.0,326,5.214723926380368
99,1,2013,10.0,350,2.857142857142857
99,524,1998,3.0,91,3.296703296703297
99,524,1999,3.0,120,2.5
99,524,2000,11.0,123,8.94308943089431
99,524,2001,3.0,119,2.5210084033613445
99,524,2002,5.0,106,4.716981132075472
99,524,2003,8.0,125,6.4
99,524,2004,11.0,86,12.790697674418606
99,524,2005,3.0,122,2.459016393442623
99,524,2006,2.0,55,3.6363636363636362
99,524,2007,5.0,103,4.854368932038835
99,524,2008,4.0,108,3.7037037037037033
99,524,2009,5.0,113,4.424778761061947
99,524,2010,5.0,71,7.042253521126761
99,524,2011,1.0,74,1.3513513513513513
99,524,2012,2.0,116,1.7241379310344827
99,524,2013,7.0,121,5.785123966942149
99,524,2014,3.0,80,3.75
99,524,2015,8.0,75,10.666666666666668
99,524,2016,1.0,46,2.1739130434782608
99,524,2017,0.0,31,0.0
99,524,2018,5.0,49,10.204081632653061
99,524,2019,1.0,67,1.4925373134328357
99,524,2020,7.0,82,8.536585365853659
99,524,2021,9.0,113,7.964601769911504
99,524,2022,6.0,96,6.25
99,524,2023,1.0,62,1.6129032258064515
99,524,2024,4.0,44,9.090909090909092
99,624,1998,6.0,64,9.375
99,624,1999,4.0,90,4.444444444444445
99,624,2000,7.0,87,8.045977011494253
99,624,2001,3.0,61,4.918032786885246
99,624,2002,5.0,52,9.615384615384617
99,624,2003,5.0,59,8.47457627118644
99,624,2004,1.0,54,1.8518518518518516
99,624,2005,3.0,66,4.545454545454546
99,624,2006,1.0,30,3.3333333333333335
99,624,2007,4.0,49,8.16326530612245
99,624,2008,4.0,65,6.153846153846154
99,624,2009,4.0,59,6.779661016949152
99,624,2010,2.0,26,7.6923076923076925
99,624,2011,1.0,32,3.125
99,624,2012,3.0,45,6.666666666666667
99,624,2013,2.0,24,8.333333333333332
99,624,2014,2.0,31,6.451612903225806
99,624,2015,1.0,20,5.0
99,624,2016,4.0,31,12.903225806451612
99,624,2017,1.0,35,2.857142857142857
99,624,2018,0.0,25,0.0
99,624,2019,0.0,39,0.0
99,624,2020,4.0,43,9.30232558139535
99,624,2021,0.0,47,0.0
99,624,2022,2.0,25,8.0
99,624,2023,2.0,14,14.285714285714285
99,624,2024,2.0,19,10.526315789473683
99,773,1998,15.0,206,7.281553398058252
99,773,1999,20.0,312,6.41025641025641
99,773,2000,10.0,284,3.5211267605633805
99,773,2001,7.0,225,3.111111111111111
99,773,2002,10.0,248,4.032258064516129
99,773,2003,15.0,240,6.25
99,773,2004,15.0,117,12.82051282051282
99,773,2005,18.0,203,8.866995073891626
99,773,2006,7.0,105,6.666666666666667
99,773,2007,5.0,165,3.0303030303030303
99,773,2008,9.0,176,5.113636363636364
99,773,2009,10.0,160,6.25
99,773,2010,7.0,144,4.861111111111112
99,773,2011,2.0,30,6.666666666666667
99,773,2012,5.0,69,7.246376811594203
99,773,2013,11.0,173,6.358381502890173
99,773,2014,9.0,165,5.454545454545454
99,773,2015,7.0,162,4.320987654320987
99,773,2016,13.0,146,8.904109589041095
99,773,2017,12.0,172,6.976744186046512
99,773,2018,14.0,293,4.778156996587031
99,773,2019,16.0,295,5.423728813559322
99,773,2020,18.0,254,7.086614173228346
99,773,2021,21.0,374,5.614973262032086
99,773,2022,55.0,493,11.156186612576064
99,773,2023,34.0,412,8.25242718446602
99,773,2024,38.0,334,11.377245508982035
99,001,2008,21.0,344,6.104651162790697
99,001,2009,19.0,306,6.209150326797386
99,001,2010,19.0,343,5.539358600583091
99,001,2011,18.0,324,5.555555555555555
99,001,2014,11.0,417,2.6378896882494005
99,001,2015,11.0,370,2.9729729729729732
99,001,2016,19.0,376,5.053191489361701
99,001,2017,20.0,463,4.319654427645788
99,001,2018,33.0,574,5.7491289198606275
99,001,2019,41.0,738,5.555555555555555
99,001,2020,45.0,729,6.172839506172839
99,001,2021,59.0,856,6.892523364485981
99,001,2022,57.0,838,6.801909307875895
99,001,2023,51.0,670,7.611940298507462
99,001,2024,29.0,486,5.967078189300412
05,101,2008,67.0,889,7.536557930258718
05,101,2009,39.0,978,3.9877300613496933
05,101,2010,26.0,684,3.8011695906432745
05,101,2011,38.0,915,4.1530054644808745
05,101,2014,20.0,732,2.73224043715847
05,101,2015,39.0,729,5.349794238683128
05,101,2016,46.0,780,5.897435897435897
05,101,2017,35.0,722,4.847645429362881
05,101,2018,22.0,609,3.6124794745484397
05,101,2019,38.0,716,5.307262569832402
05,101,2020,37.0,608,6.0855263157894735
05,101,2021,29.0,605,4.793388429752066
05,101,2022,50.0,617,8.103727714748784
05,101,2023,35.0,451,7.760532150776053
05,101,2024,17.0,433,3.9260969976905313
05,107,2008,3.0,131,2.2900763358778624
05,107,2009,3.0,117,2.564102564102564
05,107,2010,4.0,102,3.9215686274509802
05,107,2011,5.0,90,5.555555555555555
05,107,2014,4.0,51,7.8431372549019605
05,107,2015,4.0,48,8.333333333333332
05,107,2016,2.0,37,5.405405405405405
05,107,2017,1.0,39,2.564102564102564
05,107,2018,1.0,31,3.225806451612903
05,107,2019,1.0,22,4.545454545454546
05,107,2020,2.0,34,5.88235294117647
05,107,2021,0.0,39,0.0
05,107,2022,2.0,29,6.896551724137931
05,107,2023,0.0,18,0.0
05,107,2024,0.0,13,0.0
05,113,2008,3.0,34,8.823529411764707
05,113,2009,0.0,59,0.0
05,113,2010,1.0,56,1.7857142857142856
05,113,2011,3.0,44,6.8181818181818175
05,113,2014,4.0,52,7.6923076923076925
05,113,2015,3.0,38,7.894736842105263
05,113,2016,1.0,28,3.571428571428571
05,113,2017,1.0,32,3.125
05,113,2018,0.0,36,0.0
05,113,2019,1.0,33,3.0303030303030303
05,113,2020,0.0,27,0.0
05,113,2021,3.0,36,8.333333333333332
05,113,2022,1.0,27,3.7037037037037033
05,113,2023,0.0,8,0.0
05,113,2024,0.0,9,0.0
05,120,2008,10.0,363,2.7548209366391188
05,120,2009,10.0,378,2.6455026455026456
05,120,2010,14.0,353,3.9660056657223794
05,120,2011,2.0,279,0.7168458781362007
05,120,2014,4.0,108,3.7037037037037033
05,120,2015,1.0,77,1.2987012987012987
05,120,2016,4.0,79,5.063291139240507
05,120,2017,3.0,73,4.10958904109589
05,120,2018,3.0,64,4.6875
05,120,2019,5.0,54,9.25925925925926
05,120,2020,1.0,52,1.9230769230769231
05,120,2021,3.0,57,5.263157894736842
05,120,2022,2.0,41,4.878048780487805
05,120,2023,1.0,28,3.571428571428571
05,120,2024,3.0,11,27.27272727272727
05,125,2008,8.0,96,8.333333333333332
05,125,2009,5.0,68,7.352941176470589
05,125,2010,2.0,73,2.73972602739726
05,125,2011,9.0,70,12.857142857142856
05,125,2014,1.0,37,2.7027027027027026
05,125,2015,5.0,43,11.627906976744185
05,125,2016,3.0,31,9.67741935483871
05,125,2017,2.0,36,5.555555555555555
05,125,2018,0.0,20,0.0
05,125,2019,1.0,31,3.225806451612903
05,125,2020,2.0,23,8.695652173913043
05,125,2021,2.0,20,10.0
05,125,2022,1.0,16,6.25
05,125,2023,0.0,8,0.0
05,125,2024,0.0,3,0.0
05,129,2008,66.0,1560,4.230769230769231
05,129,2009,76.0,1529,4.970568999345978
05,129,2010,42.0,1347,3.11804008908686
05,129,2011,57.0,1414,4.031117397454031
05,129,2014,44.0,1329,3.310759969902182
05,129,2015,131.0,1427,9.18009810791871
05,129,2016,212.0,1483,14.295347269049225
05,129,2017,171.0,1431,11.949685534591195
05,129,2018,100.0,1026,9.746588693957115
05,129,2019,114.0,959,11.887382690302397
05,129,2020,94.0,1096,8.576642335766424
05,129,2021,53.0,890,5.955056179775281
05,129,2022,33.0,764,4.319371727748691
05,129,2023,36.0,601,5.990016638935108
05,129,2024,21.0,452,4.646017699115045
05,134,2008,2.0,89,2.247191011235955
05,134,2009,0.0,87,0.0
05,134,2010,2.0,82,2.4390243902439024
05,134,2011,3.0,59,5.084745762711865
05,134,2014,0.0,40,0.0
05,134,2015,3.0,48,6.25
05,134,2016,3.0,39,7.6923076923076925
05,134,2017,1.0,28,3.571428571428571
05,134,2018,0.0,38,0.0
05,134,2019,0.0,33,0.0
05,134,2020,0.0,31,0.0
05,134,2021,1.0,23,4.3478260869565215
05,134,2022,1.0,18,5.555555555555555
05,134,2023,0.0,8,0.0
05,134,2024,2.0,3,66.66666666666666
05,138,2008,5.0,116,4.310344827586207
05,138,2009,1.0,98,1.0204081632653061
05,138,2010,4.0,122,3.278688524590164
05,138,2011,3.0,79,3.79746835443038
05,138,2014,0.0,87,0.0
05,138,2015,2.0,59,3.389830508474576
05,138,2016,3.0,67,4.477611940298507
05,138,2017,2.0,72,2.7777777777777777
05,138,2018,1.0,50,2.0
05,138,2019,2.0,58,3.4482758620689653
05,138,2020,3.0,49,6.122448979591836
05,138,2021,1.0,43,2.3255813953488373
05,138,2022,2.0,34,5.88235294117647
05,138,2023,0.0,31,0.0
05,138,2024,1.0,22,4.545454545454546
05,142,2008,0.0,30,0.0
05,142,2009,0.0,44,0.0
05,142,2010,1.0,32,3.125
05,142,2011,0.0,30,0.0
05,142,2014,0.0,17,0.0
05,142,2015,0.0,14,0.0
05,142,2016,1.0,17,5.88235294117647
05,142,2017,0.0,9,0.0
05,142,2018,0.0,8,0.0
05,142,2019,0.0,3,0.0
05,142,2020,1.0,9,11.11111111111111
05,142,2021,0.0,9,0.0
05,142,2022,1.0,8,12.5
05,142,2023,0.0,6,0.0
05,142,2024,0.0,2,0.0
05,145,2008,4.0,35,11.428571428571429
05,145,2009,1.0,38,2.631578947368421
05,145,2010,1.0,34,2.941176470588235
05,145,2011,1.0,18,5.555555555555555
05,145,2014,1.0,20,5.0
05,145,2015,0.0,9,0.0
05,145,2016,2.0,7,28.57142857142857
05,145,2017,1.0,17,5.88235294117647
05,145,2018,0.0,11,0.0
05,145,2019,0.0,6,0.0
05,145,2020,1.0,11,9.090909090909092
05,145,2021,1.0,12,8.333333333333332
05,145,2022,1.0,11,9.090909090909092
05,145,2023,0.0,8,0.0
05,145,2024,0.0,9,0.0
05,147,2008,10.0,477,2.0964360587002098
05,147,2009,19.0,407,4.668304668304668
05,147,2010,19.0,343,5.539358600583091
05,147,2011,18.0,288,6.25
05,147,2014,7.0,80,8.75
05,147,2015,4.0,81,4.938271604938271
05,147,2016,3.0,123,2.4390243902439024
05,147,2017,7.0,173,4.046242774566474
05,147,2018,5.0,173,2.8901734104046244
05,147,2019,2.0,178,1.1235955056179776
05,147,2020,7.0,181,3.867403314917127
05,147,2021,5.0,173,2.8901734104046244
05,147,2022,4.0,125,3.2
05,147,2023,4.0,80,5.0
05,147,2024,1.0,62,1.6129032258064515
05,148,2008,8.0,269,2.973977695167286
05,148,2009,10.0,213,4.694835680751173
05,148,2010,5.0,157,3.1847133757961785
05,148,2011,3.0,90,3.3333333333333335
05,148,2014,3.0,67,4.477611940298507
05,148,2015,1.0,50,2.0
05,148,2016,2.0,51,3.9215686274509802
05,148,2017,2.0,39,5.128205128205128
05,148,2018,5.0,61,8.19672131147541
05,148,2019,2.0,79,2.5316455696202533
05,148,2020,0.0,72,0.0
05,148,2021,2.0,55,3.6363636363636362
05,148,2022,3.0,18,16.666666666666664
05,148,2023,2.0,19,10.526315789473683
05,148,2024,0.0,5,0.0
05,150,2008,0.0,19,0.0
05,150,2009,2.0,24,8.333333333333332
05,150,2010,0.0,12,0.0
05,150,2011,0.0,14,0.0
05,150,2014,0.0,10,0.0
05,150,2015,0.0,8,0.0
05,150,2016,1.0,8,12.5
05,150,2017,0.0,7,0.0
05,150,2018,1.0,6,16.666666666666664
05,150,2019,0.0,5,0.0
05,150,2020,0.0,2,0.0
05,150,2021,0.0,5,0.0
05,150,2022,0.0,4,0.0
05,150,2023,0.0,2,0.0
05,154,2008,148.0,3673,4.0294037571467465
05,154,2009,144.0,3593,4.007792930698581
05,154,2010,84.0,2810,2.9893238434163703
05,154,2011,109.0,2738,3.9810080350620893
05,154,2014,140.0,3747,3.736322391246331
05,154,2015,110.0,3485,3.1563845050215207
05,154,2016,108.0,3464,3.117782909930716
05,154,2017,224.0,3932,5.696846388606307
05,154,2018,230.0,3877,5.932421975754449
05,154,2019,186.0,3306,5.626134301270418
05,154,2020,244.0,3277,7.445834604821483
05,154,2021,239.0,3686,6.483993488876831
05,154,2022,279.0,3857,7.233601244490536
05,154,2023,261.0,3506,7.444381061038221
05,154,2024,232.0,2924,7.934336525307797
05,172,2008,25.0,805,3.1055900621118013
05,172,2009,121.0,1152,10.503472222222223
05,172,2010,214.0,1559,13.726747915330339
05,172,2011,202.0,1831,11.032222829055161
05,172,2014,224.0,2444,9.165302782324058
05,172,2015,234.0,2447,9.562729873314263
05,172,2016,233.0,2369,9.835373575348248
05,172,2017,176.0,1955,9.002557544757034
05,172,2018,159.0,1999,7.953976988494247
05,172,2019,182.0,2054,8.860759493670885
05,172,2020,187.0,2049,9.126403123474866
05,172,2021,204.0,1982,10.29263370332997
05,172,2022,192.0,1994,9.628886659979939
05,172,2023,176.0,1810,9.723756906077348
05,172,2024,128.0,1489,8.596373404969778
05,190,2008,2.0,85,2.3529411764705883
05,190,2009,2.0,69,2.898550724637681
05,190,2010,1.0,76,1.3157894736842104
05,190,2011,1.0,60,1.6666666666666667
05,190,2014,3.0,40,7.5
05,190,2015,4.0,31,12.903225806451612
05,190,2016,5.0,40,12.5
05,190,2017,3.0,33,9.090909090909092
05,190,2018,1.0,24,4.166666666666666
05,190,2019,2.0,31,6.451612903225806
05,190,2020,2.0,27,7.4074074074074066
05,190,2021,1.0,25,4.0
05,190,2022,0.0,32,0.0
05,190,2023,0.0,7,0.0
05,190,2024,1.0,17,5.88235294117647
05,197,2008,6.0,133,4.511278195488721
05,197,2009,2.0,114,1.7543859649122806
05,197,2010,5.0,115,4.3478260869565215
05,197,2011,3.0,82,3.6585365853658534
05,197,2014,1.0,38,2.631578947368421
05,197,2015,1.0,37,2.7027027027027026
05,197,2016,0.0,21,0.0
05,197,2017,1.0,14,7.142857142857142
05,197,2018,1.0,19,5.263157894736842
05,197,2019,0.0,7,0.0
05,197,2020,0.0,24,0.0
05,197,2021,0.0,20,0.0
05,197,2022,2.0,19,10.526315789473683
05,197,2023,1.0,14,7.142857142857142
05,197,2024,0.0,4,0.0
05,206,2008,2.0,31,6.451612903225806
05,206,2009,1.0,40,2.5
05,206,2010,2.0,24,8.333333333333332
05,206,2011,0.0,22,0.0
05,206,2014,1.0,9,11.11111111111111
05,206,2015,0.0,13,0.0
05,206,2016,0.0,16,0.0
05,206,2017,0.0,7,0.0
05,206,2018,0.0,8,0.0
05,206,2019,2.0,11,18.181818181818183
05,206,2020,0.0,5,0.0
05,206,2021,0.0,7,0.0
05,206,2022,0.0,4,0.0
05,206,2023,0.0,1,0.0
05,206,2024,0.0,2,0.0
05,209,2008,11.0,215,5.116279069767442
05,209,2009,17.0,189,8.994708994708994
05,209,2010,7.0,175,4.0
05,209,2011,6.0,144,4.166666666666666
05,209,2014,2.0,85,2.3529411764705883
05,209,2015,1.0,105,0.9523809523809524
05,209,2016,6.0,99,6.0606060606060606
05,209,2017,7.0,88,7.954545454545454
05,209,2018,1.0,94,1.0638297872340425
05,209,2019,1.0,25,4.0
05,209,2020,0.0,65,0.0
05,209,2021,3.0,82,3.6585365853658534
05,209,2022,2.0,50,4.0
05,209,2023,5.0,39,12.82051282051282
05,209,2024,3.0,17,17.647058823529413
05,212,2008,6.0,135,4.444444444444445
05,212,2009,4.0,116,3.4482758620689653
05,212,2010,3.0,100,3.0
05,212,2011,4.0,68,5.88235294117647
05,212,2014,0.0,35,0.0
05,212,2015,1.0,22,4.545454545454546
05,212,2016,3.0,39,7.6923076923076925
05,212,2017,2.0,39,5.128205128205128
05,212,2018,0.0,31,0.0
05,212,2019,2.0,57,3.508771929824561
05,212,2020,0.0,47,0.0
05,212,2021,1.0,23,4.3478260869565215
05,212,2022,0.0,20,0.0
05,212,2023,1.0,5,20.0
05,212,2024,0.0,4,0.0
05,234,2008,15.0,218,6.8807339449541285
05,234,2009,4.0,178,2.247191011235955
05,234,2010,11.0,182,6.043956043956044
05,234,2011,7.0,164,4.2682926829268295
05,234,2014,5.0,172,2.9069767441860463
05,234,2015,2.0,124,1.6129032258064515
05,234,2016,1.0,139,0.7194244604316548
05,234,2017,12.0,166,7.228915662650602
05,234,2018,7.0,147,4.761904761904762
05,234,2019,6.0,122,4.918032786885246
05,234,2020,4.0,108,3.7037037037037033
05,234,2021,9.0,113,7.964601769911504
05,234,2022,10.0,109,9.174311926605505
05,234,2023,3.0,75,4.0
05,234,2024,4.0,74,5.405405405405405
05,237,2008,4.0,86,4.651162790697675
05,237,2009,4.0,87,4.597701149425287
05,237,2010,3.0,73,4.10958904109589
05,237,2011,5.0,43,11.627906976744185
05,237,2014,1.0,47,2.127659574468085
05,237,2015,2.0,43,4.651162790697675
05,237,2016,2.0,47,4.25531914893617
05,237,2017,4.0,53,7.547169811320755
05,237,2018,5.0,42,11.904761904761903
05,237,2019,2.0,8,25.0
05,237,2020,1.0,34,2.941176470588235
05,237,2021,1.0,30,3.3333333333333335
05,237,2022,2.0,44,4.545454545454546
05,237,2023,3.0,31,9.67741935483871
05,237,2024,0.0,19,0.0
05,240,2008,3.0,90,3.3333333333333335
05,240,2009,6.0,81,7.4074074074074066
05,240,2010,2.0,60,3.3333333333333335
05,240,2011,0.0,50,0.0
05,240,2014,2.0,46,4.3478260869565215
05,240,2015,0.0,36,0.0
05,240,2016,3.0,49,6.122448979591836
05,240,2017,0.0,30,0.0
05,240,2018,3.0,34,8.823529411764707
05,240,2019,3.0,20,15.0
05,240,2020,2.0,25,8.0
05,240,2021,1.0,13,7.6923076923076925
05,240,2022,1.0,9,11.11111111111111
05,240,2023,0.0,3,0.0
05,240,2024,0.0,10,0.0
05,250,2008,45.0,701,6.419400855920114
05,250,2009,22.0,685,3.2116788321167884
05,250,2010,26.0,664,3.91566265060241
05,250,2011,26.0,617,4.213938411669368
05,250,2014,18.0,447,4.026845637583892
05,250,2015,13.0,329,3.951367781155015
05,250,2016,9.0,300,3.0
05,250,2017,14.0,326,4.294478527607362
05,250,2018,13.0,300,4.333333333333334
05,250,2019,7.0,243,2.880658436213992
05,250,2020,8.0,233,3.4334763948497855
05,250,2021,19.0,288,6.597222222222222
05,250,2022,9.0,248,3.6290322580645165
05,250,2023,9.0,173,5.202312138728324
05,250,2024,4.0,124,3.225806451612903
05,264,2008,4.0,48,8.333333333333332
05,264,2009,1.0,29,3.4482758620689653
05,264,2010,1.0,31,3.225806451612903
05,264,2011,2.0,32,6.25
05,264,2014,1.0,28,3.571428571428571
05,264,2015,0.0,19,0.0
05,264,2016,0.0,32,0.0
05,264,2017,2.0,41,4.878048780487805
05,264,2018,3.0,41,7.317073170731707
05,264,2019,2.0,29,6.896551724137931
05,264,2020,2.0,34,5.88235294117647
05,264,2021,0.0,17,0.0
05,264,2022,1.0,15,6.666666666666667
05,264,2023,2.0,25,8.0
05,264,2024,1.0,13,7.6923076923076925
05,266,2008,301.0,2265,13.289183222958057
05,266,2009,264.0,2134,12.371134020618557
05,266,2010,219.0,1976,11.082995951417004
05,266,2011,229.0,2132,10.741088180112571
05,266,2014,248.0,2618,9.472880061115355
05,266,2015,238.0,2630,9.049429657794676
05,266,2016,280.0,2925,9.572649572649574
05,266,2017,260.0,2915,8.919382504288166
05,266,2018,359.0,4021,8.928127331509575
05,266,2019,371.0,4290,8.648018648018647
05,266,2020,254.0,2939,8.642395372575706
05,266,2021,306.0,2815,10.870337477797513
05,266,2022,329.0,3109,10.58218076551946
05,266,2023,326.0,2907,11.214310285517715
05,266,2024,295.0,2887,10.218219605126428
05,282,2008,4.0,127,3.149606299212598
05,282,2009,3.0,130,2.307692307692308
05,282,2010,5.0,97,5.154639175257731
05,282,2011,5.0,62,8.064516129032258
05,282,2014,6.0,82,7.317073170731707
05,282,2015,0.0,54,0.0
05,282,2016,2.0,33,6.0606060606060606
05,282,2017,3.0,48,6.25
05,282,2018,2.0,50,4.0
05,282,2019,3.0,43,6.976744186046512
05,282,2020,3.0,42,7.142857142857142
05,282,2021,2.0,53,3.7735849056603774
05,282,2022,2.0,35,5.714285714285714
05,282,2023,1.0,29,3.4482758620689653
05,282,2024,2.0,16,12.5
05,284,2008,8.0,149,5.369127516778524
05,284,2009,5.0,132,3.787878787878788
05,284,2010,10.0,160,6.25
05,284,2011,9.0,144,6.25
05,284,2014,5.0,95,5.263157894736842
05,284,2015,3.0,96,3.125
05,284,2016,6.0,100,6.0
05,284,2017,7.0,91,7.6923076923076925
05,284,2018,10.0,94,10.638297872340425
05,284,2019,7.0,100,7.000000000000001
05,284,2020,11.0,96,11.458333333333332
05,284,2021,10.0,110,9.090909090909092
05,284,2022,12.0,75,16.0
05,284,2023,5.0,52,9.615384615384617
05,284,2024,9.0,27,33.33333333333333
05,306,2008,1.0,26,3.8461538461538463
05,306,2009,1.0,43,2.3255813953488373
05,306,2010,0.0,34,0.0
05,306,2011,0.0,25,0.0
05,306,2014,0.0,20,0.0
05,306,2015,2.0,25,8.0
05,306,2016,0.0,10,0.0
05,306,2017,0.0,17,0.0
05,306,2018,0.0,11,0.0
05,306,2019,0.0,12,0.0
05,306,2020,0.0,10,0.0
05,306,2021,0.0,8,0.0
05,306,2022,1.0,10,10.0
05,306,2023,0.0,10,0.0
05,306,2024,0.0,7,0.0
05,308,2008,6.0,125,4.8
05,308,2009,4.0,99,4.040404040404041
05,308,2010,8.0,104,7.6923076923076925
05,308,2011,5.0,47,10.638297872340425
05,308,2014,0.0,36,0.0
05,308,2015,2.0,32,6.25
05,308,2016,1.0,30,3.3333333333333335
05,308,2017,4.0,40,10.0
05,308,2018,1.0,46,2.1739130434782608
05,308,2019,4.0,62,6.451612903225806
05,308,2020,3.0,48,6.25
05,308,2021,0.0,34,0.0
05,308,2022,0.0,21,0.0
05,308,2023,1.0,7,14.285714285714285
05,308,2024,0.0,5,0.0
05,310,2008,0.0,67,0.0
05,310,2009,0.0,79,0.0
05,310,2010,1.0,63,1.5873015873015872
05,310,2011,2.0,55,3.6363636363636362
05,310,2014,0.0,41,0.0
05,310,2015,2.0,28,7.142857142857142
05,310,2016,1.0,18,5.555555555555555
05,310,2017,0.0,24,0.0
05,310,2018,1.0,35,2.857142857142857
05,310,2019,0.0,20,0.0
05,310,2020,1.0,21,4.761904761904762
05,310,2021,0.0,15,0.0
05,310,2022,1.0,26,3.8461538461538463
05,310,2023,0.0,6,0.0
05,310,2024,0.0,3,0.0
05,313,2008,2.0,90,2.2222222222222223
05,313,2009,3.0,38,7.894736842105263
05,313,2010,2.0,44,4.545454545454546
05,313,2011,1.0,28,3.571428571428571
05,313,2014,0.0,20,0.0
05,313,2015,0.0,14,0.0
05,313,2016,3.0,10,30.0
05,313,2017,1.0,12,8.333333333333332
05,313,2018,0.0,6,0.0
05,313,2019,0.0,9,0.0
05,313,2020,0.0,30,0.0
05,313,2021,0.0,18,0.0
05,313,2022,1.0,7,14.285714285714285
05,313,2023,1.0,5,20.0
05,313,2024,0.0,4,0.0
05,315,2008,2.0,52,3.8461538461538463
05,315,2009,0.0,46,0.0
05,315,2010,0.0,41,0.0
05,315,2011,0.0,35,0.0
05,315,2014,3.0,24,12.5
05,315,2015,0.0,13,0.0
05,315,2016,0.0,19,0.0
05,315,2017,1.0,15,6.666666666666667
05,315,2018,0.0,13,0.0
05,315,2019,1.0,17,5.88235294117647
05,315,2020,1.0,16,6.25
05,315,2021,2.0,20,10.0
05,315,2022,0.0,8,0.0
05,315,2023,0.0,3,0.0
05,315,2024,0.0,1,0.0
05,318,2008,7.0,155,4.516129032258064
05,318,2009,1.0,119,0.8403361344537815
05,318,2010,5.0,96,5.208333333333334
05,318,2011,0.0,58,0.0
05,318,2014,0.0,29,0.0
05,318,2015,0.0,28,0.0
05,318,2016,0.0,16,0.0
05,318,2017,1.0,35,2.857142857142857
05,318,2018,0.0,55,0.0
05,318,2019,0.0,60,0.0
05,318,2020,4.0,69,5.797101449275362
05,318,2021,1.0,18,5.555555555555555
05,318,2022,1.0,24,4.166666666666666
05,318,2023,1.0,20,5.0
05,318,2024,1.0,17,5.88235294117647
05,321,2008,0.0,18,0.0
05,321,2009,2.0,23,8.695652173913043
05,321,2010,0.0,9,0.0
05,321,2011,0.0,15,0.0
05,321,2014,0.0,1,0.0
05,321,2015,0.0,3,0.0
05,321,2016,2.0,13,15.384615384615385
05,321,2017,0.0,12,0.0
05,321,2018,1.0,13,7.6923076923076925
05,321,2019,1.0,11,9.090909090909092
05,321,2020,1.0,20,5.0
05,321,2021,0.0,21,0.0
05,321,2022,1.0,13,7.6923076923076925
05,321,2023,1.0,8,12.5
05,321,2024,0.0,9,0.0
05,347,2008,0.0,33,0.0
05,347,2009,0.0,25,0.0
05,347,2010,2.0,20,10.0
05,347,2011,2.0,17,11.76470588235294
05,347,2014,0.0,12,0.0
05,347,2015,0.0,9,0.0
05,347,2016,0.0,15,0.0
05,347,2017,0.0,6,0.0
05,347,2018,0.0,16,0.0
05,347,2019,1.0,7,14.285714285714285
05,347,2023,0.0,1,0.0
05,353,2008,2.0,34,5.88235294117647
05,353,2009,2.0,24,8.333333333333332
05,353,2010,1.0,16,6.25
05,353,2011,1.0,13,7.6923076923076925
05,353,2014,2.0,17,11.76470588235294
05,353,2015,0.0,8,0.0
05,353,2016,0.0,8,0.0
05,353,2017,0.0,10,0.0
05,353,2018,0.0,8,0.0
05,353,2019,0.0,14,0.0
05,353,2020,0.0,8,0.0
05,353,2021,1.0,5,20.0
05,353,2022,0.0,5,0.0
05,353,2023,1.0,4,25.0
05,360,2008,59.0,1987,2.969300452944137
05,360,2009,46.0,1478,3.1123139377537212
05,360,2010,37.0,1043,3.547459252157239
05,360,2011,20.0,619,3.231017770597738
05,360,2014,8.0,220,3.6363636363636362
05,360,2015,5.0,65,7.6923076923076925
05,360,2016,3.0,37,8.108108108108109
05,360,2017,4.0,38,10.526315789473683
05,360,2018,2.0,37,5.405405405405405
05,360,2019,3.0,54,5.555555555555555
05,360,2020,6.0,76,7.894736842105263
05,360,2021,3.0,69,4.3478260869565215
05,360,2022,0.0,50,0.0
05,360,2023,0.0,20,0.0
05,360,2024,1.0,14,7.142857142857142
05,361,2008,16.0,310,5.161290322580645
05,361,2009,10.0,252,3.968253968253968
05,361,2010,16.0,254,6.299212598425196
05,361,2011,8.0,273,2.93040293040293
05,361,2014,4.0,171,2.3391812865497075
05,361,2015,6.0,167,3.592814371257485
05,361,2016,9.0,171,5.263157894736842
05,361,2017,11.0,173,6.358381502890173
05,361,2018,5.0,131,3.816793893129771
05,361,2019,6.0,91,6.593406593406594
05,361,2020,5.0,98,5.1020408163265305
05,361,2021,8.0,113,7.079646017699115
05,361,2022,4.0,98,4.081632653061225
05,361,2023,3.0,71,4.225352112676056
05,361,2024,12.0,76,15.789473684210526
05,364,2008,5.0,149,3.3557046979865772
05,364,2009,0.0,82,0.0
05,364,2010,2.0,99,2.0202020202020203
05,364,2011,3.0,84,3.571428571428571
05,364,2014,2.0,69,2.898550724637681
05,364,2015,4.0,87,4.597701149425287
05,364,2016,4.0,68,5.88235294117647
05,364,2017,2.0,74,2.7027027027027026
05,364,2018,2.0,78,2.564102564102564
05,364,2019,4.0,58,6.896551724137931
05,364,2020,1.0,62,1.6129032258064515
05,364,2021,4.0,55,7.2727272727272725
05,364,2022,2.0,63,3.1746031746031744
05,364,2023,1.0,50,2.0
05,364,2024,1.0,32,3.125
05,368,2008,3.0,76,3.9473684210526314
05,368,2009,1.0,69,1.4492753623188406
05,368,2010,1.0,47,2.127659574468085
05,368,2011,4.0,58,6.896551724137931
05,368,2014,0.0,33,0.0
05,368,2015,1.0,28,3.571428571428571
05,368,2016,2.0,20,10.0
05,368,2017,1.0,27,3.7037037037037033
05,368,2018,0.0,28,0.0
05,368,2019,2.0,24,8.333333333333332
05,368,2020,3.0,34,8.823529411764707
05,368,2021,4.0,34,11.76470588235294
05,368,2022,1.0,26,3.8461538461538463
05,368,2023,2.0,13,15.384615384615385
05,368,2024,0.0,7,0.0
05,376,2008,26.0,842,3.0878859857482186
05,376,2009,18.0,805,2.236024844720497
05,376,2010,19.0,841,2.2592152199762188
05,376,2011,29.0,945,3.068783068783069
05,376,2014,12.0,866,1.3856812933025404
05,376,2015,17.0,894,1.901565995525727
05,376,2016,25.0,902,2.771618625277162
05,376,2017,32.0,1115,2.8699551569506725
05,376,2018,28.0,1184,2.364864864864865
05,376,2019,24.0,1020,2.3529411764705883
05,376,2020,18.0,924,1.948051948051948
05,376,2021,27.0,963,2.803738317757009
05,376,2022,35.0,898,3.8975501113585747
05,376,2023,27.0,794,3.400503778337532
05,376,2024,15.0,633,2.3696682464454977
05,380,2008,0.0,73,0.0
05,380,2009,1.0,71,1.4084507042253522
05,380,2010,1.0,50,2.0
05,380,2011,1.0,32,3.125
05,380,2014,1.0,23,4.3478260869565215
05,380,2015,1.0,16,6.25
05,380,2016,1.0,14,7.142857142857142
05,380,2017,2.0,16,12.5
05,380,2018,1.0,9,11.11111111111111
05,380,2019,1.0,1,100.0
05,380,2022,0.0,1,0.0
05,380,2023,0.0,10,0.0
05,380,2024,0.0,13,0.0
05,390,2008,0.0,72,0.0
05,390,2009,2.0,50,4.0
05,390,2010,1.0,53,1.8867924528301887
05,390,2011,4.0,38,10.526315789473683
05,390,2014,0.0,22,0.0
05,390,2015,2.0,26,7.6923076923076925
05,390,2016,1.0,48,2.083333333333333
05,390,2017,0.0,30,0.0
05,390,2018,2.0,37,5.405405405405405
05,390,2019,0.0,16,0.0
05,390,2020,0.0,33,0.0
05,390,2021,1.0,21,4.761904761904762
05,390,2022,1.0,24,4.166666666666666
05,390,2023,1.0,15,6.666666666666667
05,390,2024,1.0,9,11.11111111111111
05,400,2008,0.0,98,0.0
05,400,2009,3.0,116,2.586206896551724
05,400,2010,3.0,71,4.225352112676056
05,400,2011,4.0,81,4.938271604938271
05,400,2014,4.0,68,5.88235294117647
05,400,2015,1.0,30,3.3333333333333335
05,400,2016,1.0,22,4.545454545454546
05,400,2017,4.0,38,10.526315789473683
05,400,2018,1.0,22,4.545454545454546
05,400,2019,1.0,24,4.166666666666666
05,400,2020,0.0,21,0.0
05,400,2021,0.0,16,0.0
05,400,2022,1.0,11,9.090909090909092
05,400,2023,1.0,9,11.11111111111111
05,400,2024,0.0,11,0.0
05,411,2008,2.0,93,2.1505376344086025
05,411,2009,3.0,70,4.285714285714286
05,411,2010,2.0,66,3.0303030303030303
05,411,2011,3.0,52,5.769230769230769
05,411,2014,0.0,32,0.0
05,411,2015,0.0,39,0.0
05,411,2016,2.0,48,4.166666666666666
05,411,2017,1.0,24,4.166666666666666
05,411,2018,1.0,31,3.225806451612903
05,411,2019,1.0,22,4.545454545454546
05,411,2020,1.0,19,5.263157894736842
05,411,2021,0.0,12,0.0
05,411,2022,0.0,9,0.0
05,411,2023,0.0,9,0.0
05,411,2024,0.0,7,0.0
05,425,2008,4.0,57,7.017543859649122
05,425,2009,2.0,55,3.6363636363636362
05,425,2010,1.0,44,2.272727272727273
05,425,2011,3.0,43,6.976744186046512
05,425,2014,4.0,42,9.523809523809524
05,425,2015,1.0,37,2.7027027027027026
05,425,2016,2.0,43,4.651162790697675
05,425,2017,4.0,51,7.8431372549019605
05,425,2018,1.0,35,2.857142857142857
05,425,2019,0.0,12,0.0
05,425,2020,0.0,13,0.0
05,425,2021,1.0,5,20.0
05,425,2022,0.0,1,0.0
05,425,2023,0.0,5,0.0
05,425,2024,0.0,6,0.0
05,440,2008,5.0,199,2.512562814070352
05,440,2009,4.0,180,2.2222222222222223
05,440,2010,7.0,154,4.545454545454546
05,440,2011,4.0,101,3.9603960396039604
05,440,2014,1.0,57,1.7543859649122806
05,440,2015,2.0,55,3.6363636363636362
05,440,2016,3.0,33,9.090909090909092
05,440,2017,1.0,52,1.9230769230769231
05,440,2018,2.0,59,3.389830508474576
05,440,2019,2.0,50,4.0
05,440,2020,4.0,45,8.88888888888889
05,440,2021,1.0,36,2.7777777777777777
05,440,2022,3.0,27,11.11111111111111
05,440,2023,1.0,10,10.0
05,440,2024,1.0,20,5.0
05,467,2008,1.0,44,2.272727272727273
05,467,2009,0.0,17,0.0
05,467,2010,1.0,34,2.941176470588235
05,467,2011,1.0,24,4.166666666666666
05,467,2014,0.0,26,0.0
05,467,2015,0.0,19,0.0
05,467,2016,0.0,10,0.0
05,467,2017,1.0,20,5.0
05,467,2018,0.0,20,0.0
05,467,2019,0.0,1,0.0
05,467,2020,0.0,24,0.0
05,467,2021,0.0,21,0.0
05,467,2022,0.0,9,0.0
05,467,2023,0.0,10,0.0
05,467,2024,0.0,8,0.0
05,475,2008,3.0,41,7.317073170731707
05,475,2009,4.0,28,14.285714285714285
05,475,2010,1.0,42,2.380952380952381
05,475,2011,2.0,50,4.0
05,475,2014,2.0,34,5.88235294117647
05,475,2015,0.0,31,0.0
05,475,2016,0.0,27,0.0
05,475,2017,5.0,39,12.82051282051282
05,475,2018,4.0,35,11.428571428571429
05,475,2019,1.0,40,2.5
05,475,2020,2.0,42,4.761904761904762
05,475,2021,5.0,94,5.319148936170213
05,475,2022,2.0,54,3.7037037037037033
05,475,2023,7.0,62,11.29032258064516
05,475,2024,3.0,44,6.8181818181818175
05,480,2008,15.0,340,4.411764705882353
05,480,2009,15.0,235,6.382978723404255
05,480,2010,4.0,183,2.185792349726776
05,480,2011,6.0,159,3.7735849056603774
05,480,2014,4.0,116,3.4482758620689653
05,480,2015,9.0,109,8.256880733944955
05,480,2016,8.0,190,4.2105263157894735
05,480,2017,5.0,188,2.6595744680851063
05,480,2018,10.0,122,8.19672131147541
05,480,2019,9.0,166,5.421686746987952
05,480,2020,17.0,182,9.340659340659341
05,480,2021,9.0,141,6.382978723404255
05,480,2022,13.0,148,8.783783783783784
05,480,2023,3.0,94,3.1914893617021276
05,480,2024,3.0,58,5.172413793103448
05,483,2008,4.0,125,3.2
05,483,2009,5.0,110,4.545454545454546
05,483,2010,3.0,98,3.061224489795918
05,483,2011,7.0,97,7.216494845360824
05,483,2014,1.0,42,2.380952380952381
05,483,2015,0.0,46,0.0
05,483,2016,0.0,29,0.0
05,483,2017,2.0,51,3.9215686274509802
05,483,2018,0.0,21,0.0
05,483,2019,1.0,26,3.8461538461538463
05,483,2020,1.0,30,3.3333333333333335
05,483,2021,0.0,34,0.0
05,483,2022,1.0,15,6.666666666666667
05,483,2023,1.0,10,10.0
05,483,2024,1.0,3,33.33333333333333
05,490,2008,21.0,601,3.494176372712146
05,490,2009,14.0,686,2.0408163265306123
05,490,2010,20.0,566,3.53356890459364
05,490,2011,22.0,475,4.631578947368421
05,490,2014,11.0,412,2.669902912621359
05,490,2015,10.0,457,2.1881838074398248
05,490,2016,17.0,459,3.7037037037037033
05,490,2017,16.0,467,3.4261241970021414
05,490,2018,19.0,488,3.8934426229508197
05,490,2019,9.0,399,2.2556390977443606
05,490,2020,27.0,476,5.6722689075630255
05,490,2021,31.0,641,4.83619344773791
05,490,2022,26.0,439,5.922551252847381
05,490,2023,19.0,309,6.148867313915858
05,490,2024,12.0,227,5.286343612334802
05,495,2008,6.0,329,1.82370820668693
05,495,2009,20.0,389,5.141388174807198
05,495,2010,19.0,253,7.5098814229249005
05,495,2011,15.0,312,4.807692307692308
05,495,2014,6.0,131,4.580152671755725
05,495,2015,5.0,104,4.807692307692308
05,495,2016,8.0,141,5.673758865248227
05,495,2017,8.0,172,4.651162790697675
05,495,2018,5.0,135,3.7037037037037033
05,495,2019,8.0,145,5.517241379310345
05,495,2020,9.0,175,5.142857142857142
05,495,2021,18.0,163,11.042944785276074
05,495,2022,9.0,114,7.894736842105263
05,495,2023,1.0,88,1.1363636363636365
05,495,2024,5.0,63,7.936507936507936
05,501,2008,2.0,21,9.523809523809524
05,501,2009,1.0,16,6.25
05,501,2010,1.0,15,6.666666666666667
05,501,2011,0.0,6,0.0
05,501,2014,0.0,5,0.0
05,501,2015,0.0,4,0.0
05,501,2016,0.0,3,0.0
05,501,2017,0.0,4,0.0
05,501,2018,0.0,1,0.0
05,501,2019,1.0,4,25.0
05,501,2020,0.0,1,0.0
05,501,2021,0.0,1,0.0
05,501,2024,0.0,1,0.0
05,541,2008,6.0,115,5.217391304347826
05,541,2009,3.0,108,2.7777777777777777
05,541,2010,4.0,77,5.194805194805195
05,541,2011,1.0,74,1.3513513513513513
05,541,2014,0.0,43,0.0
05,541,2015,0.0,21,0.0
05,541,2016,0.0,14,0.0
05,541,2017,2.0,8,25.0
05,541,2018,0.0,2,0.0
05,541,2019,0.0,25,0.0
05,541,2020,1.0,29,3.4482758620689653
05,541,2021,2.0,20,10.0
05,541,2022,2.0,17,11.76470588235294
05,541,2023,1.0,7,14.285714285714285
05,541,2024,0.0,8,0.0
05,543,2008,1.0,65,1.5384615384615385
05,543,2009,3.0,63,4.761904761904762
05,543,2010,2.0,64,3.125
05,543,2011,2.0,74,2.7027027027027026
05,543,2014,7.0,51,13.725490196078432
05,543,2015,2.0,53,3.7735849056603774
05,543,2016,1.0,59,1.694915254237288
05,543,2017,5.0,79,6.329113924050633
05,543,2018,2.0,42,4.761904761904762
05,543,2019,5.0,32,15.625
05,543,2020,2.0,48,4.166666666666666
05,543,2021,3.0,72,4.166666666666666
05,543,2022,5.0,60,8.333333333333332
05,543,2023,2.0,35,5.714285714285714
05,543,2024,2.0,28,7.142857142857142
05,576,2008,6.0,98,6.122448979591836
05,576,2009,4.0,64,6.25
05,576,2010,1.0,61,1.639344262295082
05,576,2011,2.0,39,5.128205128205128
05,576,2014,1.0,32,3.125
05,576,2015,0.0,44,0.0
05,576,2016,1.0,34,2.941176470588235
05,576,2017,2.0,32,6.25
05,576,2018,2.0,40,5.0
05,576,2019,0.0,30,0.0
05,576,2020,2.0,27,7.4074074074074066
05,576,2021,1.0,18,5.555555555555555
05,576,2022,1.0,21,4.761904761904762
05,576,2023,1.0,26,3.8461538461538463
05,576,2024,0.0,6,0.0
05,579,2008,50.0,1308,3.82262996941896
05,579,2009,76.0,1165,6.523605150214593
05,579,2010,61.0,1114,5.475763016157989
05,579,2011,42.0,994,4.225352112676056
05,579,2014,28.0,609,4.597701149425287
05,579,2015,18.0,552,3.260869565217391
05,579,2016,22.0,612,3.594771241830065
05,579,2017,26.0,650,4.0
05,579,2018,21.0,695,3.0215827338129495
05,579,2019,23.0,694,3.314121037463977
05,579,2020,27.0,619,4.361873990306947
05,579,2021,40.0,663,6.033182503770739
05,579,2022,31.0,615,5.040650406504065
05,579,2023,26.0,462,5.627705627705628
05,579,2024,15.0,361,4.1551246537396125
05,585,2008,4.0,153,2.6143790849673203
05,585,2009,2.0,101,1.9801980198019802
05,585,2010,5.0,76,6.578947368421052
05,585,2011,6.0,67,8.955223880597014
05,585,2014,1.0,26,3.8461538461538463
05,585,2015,0.0,11,0.0
05,585,2016,0.0,27,0.0
05,585,2017,0.0,33,0.0
05,585,2018,0.0,21,0.0
05,585,2019,0.0,16,0.0
05,585,2020,0.0,25,0.0
05,585,2021,0.0,25,0.0
05,585,2022,1.0,20,5.0
05,585,2023,1.0,17,5.88235294117647
05,585,2024,0.0,9,0.0
05,591,2008,3.0,147,2.0408163265306123
05,591,2009,1.0,123,0.8130081300813009
05,591,2010,5.0,86,5.813953488372093
05,591,2011,2.0,92,2.1739130434782608
05,591,2014,1.0,47,2.127659574468085
05,591,2015,2.0,67,2.9850746268656714
05,591,2016,2.0,44,4.545454545454546
05,591,2017,2.0,36,5.555555555555555
05,591,2018,0.0,38,0.0
05,591,2019,3.0,27,11.11111111111111
05,591,2020,4.0,53,7.547169811320755
05,591,2021,0.0,51,0.0
05,591,2022,1.0,19,5.263157894736842
05,591,2023,0.0,8,0.0
05,591,2024,0.0,1,0.0
05,604,2008,10.0,312,3.205128205128205
05,604,2009,8.0,250,3.2
05,604,2010,11.0,227,4.845814977973569
05,604,2011,7.0,251,2.788844621513944
05,604,2014,6.0,149,4.026845637583892
05,604,2015,4.0,108,3.7037037037037033
05,604,2016,8.0,144,5.555555555555555
05,604,2017,3.0,115,2.608695652173913
05,604,2018,5.0,132,3.787878787878788
05,604,2019,6.0,117,5.128205128205128
05,604,2020,8.0,152,5.263157894736842
05,604,2021,10.0,129,7.751937984496124
05,604,2022,4.0,110,3.6363636363636362
05,604,2023,7.0,89,7.865168539325842
05,604,2024,6.0,73,8.21917808219178
05,607,2008,0.0,42,0.0
05,607,2009,2.0,46,4.3478260869565215
05,607,2010,1.0,33,3.0303030303030303
05,607,2011,1.0,13,7.6923076923076925
05,607,2014,0.0,3,0.0
05,607,2015,0.0,3,0.0
05,607,2016,0.0,1,0.0
05,607,2017,0.0,1,0.0
05,607,2018,1.0,1,100.0
05,607,2019,0.0,1,0.0
05,607,2021,0.0,2,0.0
05,607,2022,0.0,1,0.0
05,607,2023,0.0,2,0.0
05,607,2024,0.0,2,0.0
05,615,2008,330.0,3556,9.280089988751406
05,615,2009,363.0,3502,10.36550542547116
05,615,2010,406.0,3556,11.41732283464567
05,615,2011,457.0,3747,12.196423805711236
05,615,2014,701.0,5065,13.840078973346495
05,615,2015,718.0,5006,14.342788653615662
05,615,2016,698.0,5048,13.827258320126784
05,615,2017,583.0,4779,12.199204854572086
05,615,2018,534.0,4713,11.330362826225334
05,615,2019,586.0,5014,11.687275628240926
05,615,2020,622.0,5199,11.963839199846124
05,615,2021,697.0,4997,13.948369021412848
05,615,2022,689.0,5002,13.774490203918432
05,615,2023,636.0,4744,13.406408094435077
05,615,2024,661.0,4441,14.8840351272236
05,628,2008,4.0,92,4.3478260869565215
05,628,2009,3.0,111,2.7027027027027026
05,628,2010,5.0,119,4.201680672268908
05,628,2011,2.0,81,2.4691358024691357
05,628,2014,4.0,46,8.695652173913043
05,628,2015,1.0,32,3.125
05,628,2016,0.0,70,0.0
05,628,2017,5.0,83,6.024096385542169
05,628,2018,1.0,59,1.694915254237288
05,628,2019,3.0,58,5.172413793103448
05,628,2020,2.0,36,5.555555555555555
05,628,2021,5.0,67,7.462686567164178
05,628,2022,2.0,46,4.3478260869565215
05,628,2023,4.0,36,11.11111111111111
05,628,2024,1.0,20,5.0
05,631,2008,4.0,67,5.970149253731343
05,631,2009,2.0,60,3.3333333333333335
05,631,2010,2.0,39,5.128205128205128
05,631,2011,1.0,32,3.125
05,631,2014,11.0,182,6.043956043956044
05,631,2015,4.0,66,6.0606060606060606
05,631,2016,1.0,11,9.090909090909092
05,631,2017,1.0,14,7.142857142857142
05,631,2018,3.0,8,37.5
05,631,2019,0.0,6,0.0
05,631,2020,0.0,2,0.0
05,631,2021,0.0,3,0.0
05,631,2024,0.0,1,0.0
05,642,2008,10.0,193,5.181347150259067
05,642,2009,7.0,148,4.72972972972973
05,642,2010,4.0,162,2.4691358024691357
05,642,2011,3.0,115,2.608695652173913
05,642,2014,4.0,92,4.3478260869565215
05,642,2015,2.0,78,2.564102564102564
05,642,2016,3.0,77,3.896103896103896
05,642,2017,0.0,69,0.0
05,642,2018,3.0,66,4.545454545454546
05,642,2019,1.0,59,1.694915254237288
05,642,2020,5.0,71,7.042253521126761
05,642,2021,4.0,63,6.349206349206349
05,642,2022,1.0,43,2.3255813953488373
05,642,2023,1.0,17,5.88235294117647
05,642,2024,1.0,13,7.6923076923076925
05,647,2008,3.0,79,3.79746835443038
05,647,2009,3.0,68,4.411764705882353
05,647,2010,2.0,51,3.9215686274509802
05,647,2011,5.0,63,7.936507936507936
05,647,2014,0.0,49,0.0
05,647,2015,0.0,34,0.0
05,647,2016,1.0,35,2.857142857142857
05,647,2017,0.0,37,0.0
05,647,2018,0.0,29,0.0
05,647,2019,0.0,28,0.0
05,647,2020,0.0,22,0.0
05,647,2021,1.0,33,3.0303030303030303
05,647,2022,1.0,17,5.88235294117647
05,647,2023,0.0,11,0.0
05,647,2024,1.0,7,14.285714285714285
05,649,2008,1.0,118,0.847457627118644
05,649,2009,5.0,102,4.901960784313726
05,649,2010,6.0,85,7.0588235294117645
05,649,2011,0.0,72,0.0
05,649,2014,0.0,36,0.0
05,649,2015,0.0,26,0.0
05,649,2016,0.0,45,0.0
05,649,2017,1.0,30,3.3333333333333335
05,649,2018,0.0,23,0.0
05,649,2019,3.0,38,7.894736842105263
05,649,2020,3.0,44,6.8181818181818175
05,649,2021,1.0,41,2.4390243902439024
05,649,2022,0.0,25,0.0
05,649,2023,2.0,18,11.11111111111111
05,649,2024,1.0,14,7.142857142857142
05,652,2008,1.0,50,2.0
05,652,2009,0.0,48,0.0
05,652,2010,1.0,46,2.1739130434782608
05,652,2011,0.0,24,0.0
05,652,2014,0.0,46,0.0
05,652,2015,0.0,37,0.0
05,652,2016,0.0,25,0.0
05,652,2017,0.0,13,0.0
05,652,2018,2.0,5,40.0
05,652,2019,1.0,7,14.285714285714285
05,652,2020,0.0,22,0.0
05,652,2021,1.0,8,12.5
05,652,2022,0.0,4,0.0
05,652,2023,0.0,6,0.0
05,652,2024,0.0,3,0.0
05,656,2008,8.0,83,9.63855421686747
05,656,2009,3.0,41,7.317073170731707
05,656,2010,4.0,71,5.633802816901409
05,656,2011,0.0,46,0.0
05,656,2014,2.0,38,5.263157894736842
05,656,2015,0.0,23,0.0
05,656,2016,1.0,21,4.761904761904762
05,656,2017,0.0,29,0.0
05,656,2018,0.0,24,0.0
05,656,2019,0.0,27,0.0
05,656,2020,0.0,31,0.0
05,656,2021,3.0,19,15.789473684210526
05,656,2022,1.0,10,10.0
05,656,2023,0.0,4,0.0
05,656,2024,0.0,10,0.0
05,658,2008,0.0,45,0.0
05,658,2009,2.0,27,7.4074074074074066
05,658,2010,1.0,15,6.666666666666667
05,658,2011,1.0,15,6.666666666666667
05,658,2014,0.0,14,0.0
05,658,2015,0.0,13,0.0
05,658,2016,0.0,11,0.0
05,658,2017,0.0,23,0.0
05,658,2018,1.0,10,10.0
05,658,2019,0.0,7,0.0
05,658,2020,2.0,19,10.526315789473683
05,658,2021,3.0,17,17.647058823529413
05,658,2022,1.0,3,33.33333333333333
05,658,2023,0.0,6,0.0
05,658,2024,1.0,4,25.0
05,659,2008,7.0,228,3.070175438596491
05,659,2009,6.0,193,3.1088082901554404
05,659,2010,7.0,220,3.1818181818181817
05,659,2011,5.0,235,2.127659574468085
05,659,2014,4.0,134,2.9850746268656714
05,659,2015,4.0,105,3.8095238095238098
05,659,2016,1.0,107,0.9345794392523363
05,659,2017,2.0,92,2.1739130434782608
05,659,2018,4.0,96,4.166666666666666
05,659,2019,3.0,92,3.260869565217391
05,659,2020,3.0,84,3.571428571428571
05,659,2021,2.0,113,1.7699115044247788
05,659,2022,6.0,147,4.081632653061225
05,659,2023,1.0,92,1.0869565217391304
05,659,2024,3.0,54,5.555555555555555
05,660,2008,8.0,158,5.063291139240507
05,660,2009,4.0,138,2.898550724637681
05,660,2010,2.0,102,1.9607843137254901
05,660,2011,5.0,85,5.88235294117647
05,660,2014,2.0,105,1.9047619047619049
05,660,2015,1.0,87,1.1494252873563218
05,660,2016,1.0,58,1.7241379310344827
05,660,2017,2.0,48,4.166666666666666
05,660,2018,1.0,52,1.9230769230769231
05,660,2019,3.0,62,4.838709677419355
05,660,2020,0.0,51,0.0
05,660,2021,2.0,70,2.857142857142857
05,660,2022,2.0,41,4.878048780487805
05,660,2023,1.0,30,3.3333333333333335
05,660,2024,1.0,24,4.166666666666666
05,664,2008,13.0,226,5.752212389380531
05,664,2009,10.0,165,6.0606060606060606
05,664,2010,3.0,148,2.027027027027027
05,664,2011,5.0,109,4.587155963302752
05,664,2014,3.0,127,2.3622047244094486
05,664,2015,4.0,106,3.7735849056603774
05,664,2016,6.0,116,5.172413793103448
05,664,2017,7.0,111,6.306306306306306
05,664,2018,8.0,103,7.766990291262135
05,664,2019,4.0,105,3.8095238095238098
05,664,2020,5.0,139,3.597122302158273
05,664,2021,2.0,81,2.4691358024691357
05,664,2022,6.0,57,10.526315789473683
05,664,2023,6.0,57,10.526315789473683
05,664,2024,2.0,31,6.451612903225806
05,665,2008,27.0,463,5.831533477321814
05,665,2009,18.0,447,4.026845637583892
05,665,2010,19.0,433,4.387990762124711
05,665,2011,22.0,306,7.18954248366013
05,665,2014,7.0,169,4.142011834319527
05,665,2015,11.0,211,5.213270142180095
05,665,2016,8.0,222,3.6036036036036037
05,665,2017,8.0,230,3.4782608695652173
05,665,2018,6.0,239,2.510460251046025
05,665,2019,16.0,252,6.349206349206349
05,665,2020,9.0,283,3.180212014134275
05,665,2021,17.0,267,6.367041198501873
05,665,2022,8.0,184,4.3478260869565215
05,665,2023,6.0,169,3.5502958579881656
05,665,2024,5.0,146,3.4246575342465753
05,667,2008,5.0,134,3.731343283582089
05,667,2009,4.0,97,4.123711340206185
05,667,2010,3.0,98,3.061224489795918
05,667,2011,4.0,70,5.714285714285714
05,667,2014,0.0,57,0.0
05,667,2015,0.0,40,0.0
05,667,2016,1.0,60,1.6666666666666667
05,667,2017,3.0,63,4.761904761904762
05,667,2018,0.0,39,0.0
05,667,2019,3.0,44,6.8181818181818175
05,667,2020,1.0,45,2.2222222222222223
05,667,2021,2.0,30,6.666666666666667
05,667,2022,1.0,19,5.263157894736842
05,667,2023,1.0,12,8.333333333333332
05,667,2024,4.0,18,22.22222222222222
05,670,2008,9.0,191,4.712041884816754
05,670,2009,6.0,166,3.614457831325301
05,670,2010,4.0,136,2.941176470588235
05,670,2011,5.0,143,3.4965034965034967
05,670,2014,3.0,85,3.5294117647058822
05,670,2015,6.0,96,6.25
05,670,2016,4.0,91,4.395604395604396
05,670,2017,1.0,69,1.4492753623188406
05,670,2018,3.0,81,3.7037037037037033
05,670,2019,2.0,65,3.076923076923077
05,670,2020,3.0,66,4.545454545454546
05,670,2021,2.0,86,2.3255813953488373
05,670,2022,1.0,58,1.7241379310344827
05,670,2023,1.0,47,2.127659574468085
05,670,2024,2.0,41,4.878048780487805
05,674,2008,10.0,105,9.523809523809524
05,674,2009,5.0,126,3.968253968253968
05,674,2010,3.0,91,3.296703296703297
05,674,2011,0.0,48,0.0
05,674,2014,1.0,30,3.3333333333333335
05,674,2015,1.0,19,5.263157894736842
05,674,2016,1.0,22,4.545454545454546
05,674,2017,0.0,20,0.0
05,674,2018,0.0,13,0.0
05,674,2019,2.0,15,13.333333333333334
05,674,2020,0.0,19,0.0
05,674,2021,0.0,5,0.0
05,674,2022,0.0,5,0.0
05,674,2023,1.0,12,8.333333333333332
05,674,2024,0.0,3,0.0
05,679,2008,10.0,161,6.211180124223603
05,679,2009,2.0,141,1.4184397163120568
05,679,2010,3.0,104,2.8846153846153846
05,679,2011,4.0,108,3.7037037037037033
05,679,2014,1.0,87,1.1494252873563218
05,679,2015,2.0,82,2.4390243902439024
05,679,2016,5.0,91,5.4945054945054945
05,679,2017,2.0,76,2.631578947368421
05,679,2018,1.0,60,1.6666666666666667
05,679,2019,3.0,68,4.411764705882353
05,679,2020,1.0,42,2.380952380952381
05,679,2021,1.0,59,1.694915254237288
05,679,2022,0.0,50,0.0
05,679,2023,2.0,37,5.405405405405405
05,679,2024,0.0,14,0.0
05,686,2008,47.0,603,7.79436152570481
05,686,2009,40.0,547,7.312614259597806
05,686,2010,49.0,463,10.583153347732182
05,686,2011,38.0,338,11.242603550295858
05,686,2014,11.0,188,5.851063829787234
05,686,2015,12.0,187,6.417112299465241
05,686,2016,12.0,167,7.18562874251497
05,686,2017,11.0,150,7.333333333333333
05,686,2018,9.0,137,6.569343065693431
05,686,2019,9.0,134,6.7164179104477615
05,686,2020,4.0,103,3.8834951456310676
05,686,2021,14.0,104,13.461538461538462
05,686,2022,4.0,69,5.797101449275362
05,686,2023,0.0,32,0.0
05,686,2024,2.0,31,6.451612903225806
05,690,2008,3.0,59,5.084745762711865
05,690,2009,0.0,72,0.0
05,690,2010,3.0,47,6.382978723404255
05,690,2011,1.0,26,3.8461538461538463
05,690,2014,0.0,8,0.0
05,690,2015,0.0,5,0.0
05,690,2016,0.0,17,0.0
05,690,2017,1.0,19,5.263157894736842
05,690,2018,0.0,8,0.0
05,690,2019,0.0,2,0.0
05,690,2020,0.0,12,0.0
05,690,2021,1.0,7,14.285714285714285
05,690,2022,0.0,3,0.0
05,690,2023,0.0,1,0.0
05,690,2024,0.0,1,0.0
05,697,2008,11.0,211,5.213270142180095
05,697,2009,8.0,214,3.7383177570093453
05,697,2010,5.0,127,3.937007874015748
05,697,2011,0.0,84,0.0
05,697,2014,3.0,65,4.615384615384616
05,697,2015,1.0,30,3.3333333333333335
05,697,2016,0.0,7,0.0
05,697,2017,0.0,5,0.0
05,697,2018,0.0,3,0.0
05,697,2019,1.0,4,25.0
05,697,2020,0.0,8,0.0
05,697,2021,1.0,6,16.666666666666664
05,697,2022,2.0,7,28.57142857142857
05,697,2023,0.0,2,0.0
05,697,2024,3.0,19,15.789473684210526
05,736,2008,14.0,305,4.590163934426229
05,736,2009,13.0,368,3.532608695652174
05,736,2010,7.0,387,1.8087855297157622
05,736,2011,16.0,290,5.517241379310345
05,736,2014,2.0,124,1.6129032258064515
05,736,2015,8.0,146,5.47945205479452
05,736,2016,5.0,158,3.1645569620253164
05,736,2017,7.0,147,4.761904761904762
05,736,2018,17.0,214,7.943925233644859
05,736,2019,7.0,155,4.516129032258064
05,736,2020,8.0,232,3.4482758620689653
05,736,2021,19.0,192,9.895833333333332
05,736,2022,11.0,163,6.748466257668712
05,736,2023,13.0,165,7.878787878787878
05,736,2024,7.0,113,6.1946902654867255
05,756,2008,13.0,339,3.8348082595870205
05,756,2009,14.0,294,4.761904761904762
05,756,2010,21.0,246,8.536585365853659
05,756,2011,11.0,148,7.4324324324324325
05,756,2014,3.0,112,2.6785714285714284
05,756,2015,3.0,82,3.6585365853658534
05,756,2016,3.0,96,3.125
05,756,2017,7.0,140,5.0
05,756,2018,5.0,125,4.0
05,756,2019,6.0,122,4.918032786885246
05,756,2020,3.0,123,2.4390243902439024
05,756,2021,6.0,103,5.825242718446602
05,756,2022,7.0,71,9.859154929577464
05,756,2023,4.0,50,8.0
05,756,2024,2.0,64,3.125
05,761,2008,1.0,52,1.9230769230769231
05,761,2009,1.0,69,1.4492753623188406
05,761,2010,3.0,73,4.10958904109589
05,761,2011,1.0,45,2.2222222222222223
05,761,2014,0.0,46,0.0
05,761,2015,0.0,25,0.0
05,761,2016,0.0,17,0.0
05,761,2017,1.0,19,5.263157894736842
05,761,2018,2.0,15,13.333333333333334
05,761,2019,0.0,24,0.0
05,761,2020,2.0,22,9.090909090909092
05,761,2021,2.0,29,6.896551724137931
05,761,2022,2.0,23,8.695652173913043
05,761,2023,1.0,12,8.333333333333332
05,761,2024,0.0,9,0.0
05,789,2008,4.0,119,3.361344537815126
05,789,2009,5.0,109,4.587155963302752
05,789,2010,6.0,103,5.825242718446602
05,789,2011,1.0,69,1.4492753623188406
05,789,2014,4.0,74,5.405405405405405
05,789,2015,4.0,67,5.970149253731343
05,789,2016,1.0,60,1.6666666666666667
05,789,2017,3.0,61,4.918032786885246
05,789,2018,2.0,67,2.9850746268656714
05,789,2019,1.0,50,2.0
05,789,2020,3.0,55,5.454545454545454
05,789,2021,0.0,47,0.0
05,789,2022,1.0,29,3.4482758620689653
05,789,2023,3.0,25,12.0
05,789,2024,2.0,28,7.142857142857142
05,790,2008,13.0,582,2.2336769759450172
05,790,2009,17.0,403,4.218362282878412
05,790,2010,10.0,265,3.7735849056603774
05,790,2011,12.0,273,4.395604395604396
05,790,2014,3.0,192,1.5625
05,790,2015,4.0,149,2.684563758389262
05,790,2016,5.0,140,3.571428571428571
05,790,2017,13.0,181,7.18232044198895
05,790,2018,7.0,131,5.343511450381679
05,790,2019,6.0,118,5.084745762711865
05,790,2020,0.0,72,0.0
05,790,2021,4.0,72,5.555555555555555
05,790,2022,7.0,92,7.608695652173914
05,790,2023,3.0,55,5.454545454545454
05,790,2024,3.0,55,5.454545454545454
05,792,2008,3.0,43,6.976744186046512
05,792,2009,3.0,30,10.0
05,792,2010,0.0,24,0.0
05,792,2011,2.0,22,9.090909090909092
05,792,2014,1.0,14,7.142857142857142
05,792,2015,1.0,15,6.666666666666667
05,792,2016,1.0,20,5.0
05,792,2017,0.0,20,0.0
05,792,2018,1.0,19,5.263157894736842
05,792,2019,0.0,12,0.0
05,792,2020,0.0,17,0.0
05,792,2021,0.0,20,0.0
05,792,2022,0.0,12,0.0
05,792,2023,1.0,15,6.666666666666667
05,792,2024,0.0,8,0.0
05,809,2008,1.0,48,2.083333333333333
05,809,2009,3.0,54,5.555555555555555
05,809,2010,1.0,33,3.0303030303030303
05,809,2011,3.0,33,9.090909090909092
05,809,2014,0.0,17,0.0
05,809,2015,1.0,27,3.7037037037037033
05,809,2016,1.0,39,2.564102564102564
05,809,2017,2.0,30,6.666666666666667
05,809,2018,0.0,20,0.0
05,809,2019,1.0,25,4.0
05,809,2020,2.0,25,8.0
05,809,2021,1.0,13,7.6923076923076925
05,809,2022,2.0,16,12.5
05,809,2023,0.0,17,0.0
05,809,2024,0.0,12,0.0
05,819,2008,2.0,47,4.25531914893617
05,819,2009,2.0,34,5.88235294117647
05,819,2010,4.0,60,6.666666666666667
05,819,2011,0.0,44,0.0
05,819,2014,0.0,12,0.0
05,819,2015,2.0,23,8.695652173913043
05,819,2016,1.0,27,3.7037037037037033
05,819,2017,3.0,25,12.0
05,819,2018,2.0,10,20.0
05,819,2019,1.0,14,7.142857142857142
05,819,2020,0.0,12,0.0
05,819,2021,0.0,26,0.0
05,819,2022,1.0,3,33.33333333333333
05,819,2023,2.0,4,50.0
05,819,2024,0.0,4,0.0
05,837,2008,154.0,2515,6.1232604373757455
05,837,2009,156.0,2338,6.672369546621043
05,837,2010,152.0,2301,6.605823554976098
05,837,2011,134.0,2202,6.085376930063579
05,837,2014,99.0,2311,4.283859800951969
05,837,2015,82.0,2015,4.069478908188586
05,837,2016,91.0,1943,4.683479155944416
05,837,2017,87.0,2276,3.8224956063268896
05,837,2018,120.0,2451,4.8959608323133414
05,837,2019,114.0,2634,4.328018223234624
05,837,2020,81.0,2407,3.3651848774407975
05,837,2021,99.0,2827,3.501945525291829
05,837,2022,69.0,2335,2.955032119914347
05,837,2023,58.0,1878,3.08839190628328
05,837,2024,54.0,1498,3.6048064085447264
05,842,2008,8.0,86,9.30232558139535
05,842,2009,2.0,75,2.666666666666667
05,842,2010,4.0,64,6.25
05,842,2011,1.0,52,1.9230769230769231
05,842,2014,2.0,49,4.081632653061225
05,842,2015,2.0,29,6.896551724137931
05,842,2016,2.0,32,6.25
05,842,2017,1.0,44,2.272727272727273
05,842,2018,0.0,33,0.0
05,842,2019,1.0,25,4.0
05,842,2020,4.0,46,8.695652173913043
05,842,2021,4.0,41,9.75609756097561
05,842,2022,0.0,18,0.0
05,842,2023,0.0,17,0.0
05,842,2024,0.0,5,0.0
05,847,2008,8.0,344,2.3255813953488373
05,847,2009,10.0,347,2.881844380403458
05,847,2010,15.0,250,6.0
05,847,2011,9.0,238,3.7815126050420167
05,847,2014,15.0,198,7.575757575757576
05,847,2015,12.0,208,5.769230769230769
05,847,2016,11.0,220,5.0
05,847,2017,14.0,201,6.965174129353234
05,847,2018,8.0,201,3.9800995024875623
05,847,2019,18.0,203,8.866995073891626
05,847,2020,8.0,178,4.49438202247191
05,847,2021,11.0,152,7.236842105263158
05,847,2022,10.0,160,6.25
05,847,2023,6.0,92,6.521739130434782
05,847,2024,8.0,62,12.903225806451612
05,854,2008,12.0,254,4.724409448818897
05,854,2009,5.0,204,2.450980392156863
05,854,2010,16.0,159,10.062893081761008
05,854,2011,2.0,110,1.8181818181818181
05,854,2014,2.0,68,2.941176470588235
05,854,2015,0.0,57,0.0
05,854,2016,1.0,97,1.0309278350515463
05,854,2017,2.0,64,3.125
05,854,2018,3.0,64,4.6875
05,854,2019,3.0,48,6.25
05,854,2020,1.0,55,1.8181818181818181
05,854,2021,4.0,63,6.349206349206349
05,854,2022,4.0,28,14.285714285714285
05,854,2023,5.0,37,13.513513513513514
05,854,2024,0.0,15,0.0
05,856,2008,1.0,25,4.0
05,856,2009,1.0,29,3.4482758620689653
05,856,2010,0.0,18,0.0
05,856,2011,1.0,25,4.0
05,856,2014,1.0,14,7.142857142857142
05,856,2015,1.0,11,9.090909090909092
05,856,2016,0.0,16,0.0
05,856,2017,1.0,17,5.88235294117647
05,856,2018,0.0,10,0.0
05,856,2019,0.0,8,0.0
05,856,2020,0.0,15,0.0
05,856,2021,1.0,11,9.090909090909092
05,856,2022,3.0,19,15.789473684210526
05,856,2023,1.0,6,16.666666666666664
05,856,2024,0.0,6,0.0
05,858,2008,3.0,133,2.2556390977443606
05,858,2009,4.0,121,3.3057851239669422
05,858,2010,5.0,132,3.787878787878788
05,858,2011,5.0,113,4.424778761061947
05,858,2014,1.0,56,1.7857142857142856
05,858,2015,4.0,75,5.333333333333334
05,858,2016,1.0,73,1.36986301369863
05,858,2017,8.0,79,10.126582278481013
05,858,2018,0.0,79,0.0
05,858,2019,2.0,52,3.8461538461538463
05,858,2020,2.0,54,3.7037037037037033
05,858,2021,1.0,44,2.272727272727273
05,858,2022,3.0,35,8.571428571428571
05,858,2023,1.0,17,5.88235294117647
05,858,2024,2.0,20,10.0
05,861,2008,1.0,89,1.1235955056179776
05,861,2009,6.0,72,8.333333333333332
05,861,2010,2.0,44,4.545454545454546
05,861,2011,1.0,49,2.0408163265306123
05,861,2014,0.0,18,0.0
05,861,2015,0.0,12,0.0
05,861,2016,0.0,12,0.0
05,861,2017,0.0,17,0.0
05,861,2018,0.0,17,0.0
05,861,2019,1.0,18,5.555555555555555
05,861,2020,1.0,19,5.263157894736842
05,861,2021,0.0,15,0.0
05,861,2022,0.0,7,0.0
05,861,2023,1.0,13,7.6923076923076925
05,861,2024,0.0,2,0.0
05,873,2008,5.0,93,5.376344086021505
05,873,2009,4.0,61,6.557377049180328
05,873,2010,5.0,91,5.4945054945054945
05,873,2011,8.0,68,11.76470588235294
05,873,2014,7.0,59,11.864406779661017
05,873,2015,6.0,73,8.21917808219178
05,873,2016,2.0,51,3.9215686274509802
05,873,2017,7.0,101,6.9306930693069315
05,873,2018,7.0,99,7.07070707070707
05,873,2019,2.0,78,2.564102564102564
05,873,2020,4.0,69,5.797101449275362
05,873,2021,7.0,107,6.5420560747663545
05,873,2022,1.0,56,1.7857142857142856
05,873,2023,4.0,50,8.0
05,873,2024,4.0,40,10.0
05,885,2008,3.0,73,4.10958904109589
05,885,2009,4.0,42,9.523809523809524
05,885,2010,2.0,49,4.081632653061225
05,885,2011,1.0,56,1.7857142857142856
05,885,2014,0.0,37,0.0
05,885,2015,2.0,36,5.555555555555555
05,885,2016,1.0,40,2.5
05,885,2017,1.0,24,4.166666666666666
05,885,2018,0.0,23,0.0
05,885,2019,1.0,20,5.0
05,885,2020,2.0,20,10.0
05,885,2021,0.0,29,0.0
05,885,2022,1.0,19,5.263157894736842
05,885,2023,0.0,9,0.0
05,885,2024,0.0,11,0.0
05,887,2008,101.0,1224,8.251633986928104
05,887,2009,109.0,1252,8.706070287539937
05,887,2010,55.0,1108,4.9638989169675085
05,887,2011,75.0,1096,6.843065693430657
05,887,2014,63.0,1098,5.737704918032787
05,887,2015,44.0,959,4.588112617309697
05,887,2016,47.0,1034,4.545454545454546
05,887,2017,73.0,1194,6.113902847571189
05,887,2018,70.0,1139,6.145741878841089
05,887,2019,43.0,971,4.42842430484037
05,887,2020,45.0,986,4.563894523326572
05,887,2021,65.0,1082,6.007393715341959
05,887,2022,68.0,1000,6.800000000000001
05,887,2023,60.0,881,6.81044267877412
05,887,2024,48.0,774,6.2015503875969
05,890,2008,26.0,1025,2.5365853658536586
05,890,2009,23.0,1007,2.284011916583913
05,890,2010,26.0,723,3.5961272475795294
05,890,2011,20.0,706,2.8328611898017
05,890,2014,18.0,858,2.097902097902098
05,890,2015,24.0,883,2.7180067950169877
05,890,2016,24.0,869,2.761795166858458
05,890,2017,28.0,1043,2.684563758389262
05,890,2018,30.0,1058,2.835538752362949
05,890,2019,38.0,1095,3.4703196347031966
05,890,2020,44.0,1323,3.325774754346183
05,890,2021,28.0,1220,2.2950819672131146
05,890,2022,41.0,1143,3.5870516185476813
05,890,2023,34.0,1052,3.2319391634980987
05,890,2024,26.0,857,3.0338389731621938
05,893,2008,9.0,134,6.7164179104477615
05,893,2009,6.0,143,4.195804195804196
05,893,2010,3.0,103,2.912621359223301
05,893,2011,4.0,112,3.571428571428571
05,893,2014,0.0,136,0.0
05,893,2015,3.0,76,3.9473684210526314
05,893,2016,4.0,82,4.878048780487805
05,893,2017,5.0,72,6.944444444444445
05,893,2018,2.0,48,4.166666666666666
05,893,2019,1.0,63,1.5873015873015872
05,893,2020,3.0,72,4.166666666666666
05,893,2021,4.0,62,6.451612903225806
05,893,2022,2.0,23,8.695652173913043
05,893,2023,1.0,20,5.0
05,893,2024,0.0,13,0.0
05,895,2008,16.0,361,4.43213296398892
05,895,2009,12.0,311,3.858520900321544
05,895,2010,7.0,260,2.6923076923076925
05,895,2011,9.0,257,3.501945525291829
05,895,2014,8.0,170,4.705882352941177
05,895,2015,8.0,159,5.031446540880504
05,895,2016,6.0,102,5.88235294117647
05,895,2017,4.0,175,2.2857142857142856
05,895,2018,6.0,171,3.508771929824561
05,895,2019,7.0,146,4.794520547945205
05,895,2020,11.0,135,8.148148148148149
05,895,2021,12.0,159,7.547169811320755
05,895,2022,6.0,131,4.580152671755725
05,895,2023,7.0,63,11.11111111111111
05,895,2024,5.0,62,8.064516129032258
05,001,2008,5837.0,43012,13.5706314516879
05,001,2009,5670.0,41600,13.629807692307692
05,001,2010,5037.0,38671,13.025264410023016
05,001,2011,4716.0,38391,12.284129092756114
05,001,2014,4633.0,39599,11.699790398747444
05,001,2015,4595.0,41589,11.048594580297674
05,001,2016,4413.0,41227,10.704150192834792
05,001,2017,4901.0,42653,11.490399268515697
05,001,2018,4723.0,40249,11.734453029888941
05,001,2019,4493.0,39612,11.342522467939007
05,001,2020,4108.0,38274,10.733134765114698
05,001,2021,4472.0,35735,12.514341681824542
05,001,2022,4460.0,35109,12.703295451308783
05,001,2023,4280.0,31868,13.430400401656833
05,001,2024,3769.0,28152,13.388036373969877
05,002,2008,5.0,161,3.1055900621118013
05,002,2009,14.0,163,8.588957055214724
05,002,2010,4.0,150,2.666666666666667
05,002,2011,7.0,134,5.223880597014925
05,002,2014,4.0,115,3.4782608695652173
05,002,2015,7.0,93,7.526881720430108
05,002,2016,2.0,63,3.1746031746031744
05,002,2017,5.0,67,7.462686567164178
05,002,2018,4.0,53,7.547169811320755
05,002,2019,7.0,56,12.5
05,002,2020,4.0,59,6.779661016949152
05,002,2021,2.0,53,3.7735849056603774
05,002,2022,4.0,49,8.16326530612245
05,002,2023,1.0,48,2.083333333333333
05,002,2024,3.0,30,10.0
05,004,2008,1.0,16,6.25
05,004,2009,0.0,9,0.0
05,004,2010,1.0,14,7.142857142857142
05,004,2011,0.0,8,0.0
05,004,2021,0.0,1,0.0
05,004,2022,0.0,3,0.0
05,004,2023,0.0,1,0.0
05,021,2008,1.0,42,2.380952380952381
05,021,2009,0.0,22,0.0
05,021,2010,0.0,14,0.0
05,021,2011,0.0,12,0.0
05,021,2014,0.0,11,0.0
05,021,2015,1.0,19,5.263157894736842
05,021,2016,0.0,12,0.0
05,021,2017,0.0,5,0.0
05,021,2018,1.0,4,25.0
05,021,2019,1.0,11,9.090909090909092
05,021,2020,1.0,14,7.142857142857142
05,021,2021,0.0,2,0.0
05,021,2022,0.0,4,0.0
05,021,2023,0.0,4,0.0
05,021,2024,0.0,4,0.0
05,030,2008,6.0,184,3.260869565217391
05,030,2009,4.0,147,2.7210884353741496
05,030,2010,7.0,119,5.88235294117647
05,030,2011,4.0,77,5.194805194805195
05,030,2014,1.0,24,4.166666666666666
05,030,2015,2.0,28,7.142857142857142
05,030,2016,3.0,28,10.714285714285714
05,030,2017,2.0,26,7.6923076923076925
05,030,2018,2.0,29,6.896551724137931
05,030,2019,3.0,17,17.647058823529413
05,030,2020,4.0,28,14.285714285714285
05,030,2021,1.0,13,7.6923076923076925
05,030,2022,2.0,13,15.384615384615385
05,030,2023,0.0,7,0.0
05,030,2024,1.0,6,16.666666666666664
05,031,2008,9.0,259,3.474903474903475
05,031,2009,9.0,239,3.765690376569038
05,031,2010,16.0,260,6.153846153846154
05,031,2011,9.0,222,4.054054054054054
05,031,2014,7.0,143,4.895104895104895
05,031,2015,5.0,104,4.807692307692308
05,031,2016,7.0,136,5.147058823529411
05,031,2017,8.0,142,5.633802816901409
05,031,2018,3.0,104,2.8846153846153846
05,031,2019,3.0,90,3.3333333333333335
05,031,2020,9.0,103,8.737864077669903
05,031,2021,4.0,132,3.0303030303030303
05,031,2022,11.0,91,12.087912087912088
05,031,2023,3.0,49,6.122448979591836
05,031,2024,1.0,29,3.4482758620689653
05,034,2008,24.0,575,4.173913043478262
05,034,2009,19.0,419,4.534606205250596
05,034,2010,27.0,317,8.517350157728707
05,034,2011,10.0,268,3.731343283582089
05,034,2014,18.0,266,6.7669172932330826
05,034,2015,15.0,257,5.836575875486381
05,034,2016,13.0,245,5.3061224489795915
05,034,2017,6.0,193,3.1088082901554404
05,034,2018,10.0,180,5.555555555555555
05,034,2019,4.0,145,2.7586206896551726
05,034,2020,13.0,214,6.074766355140187
05,034,2021,15.0,169,8.875739644970414
05,034,2022,11.0,132,8.333333333333332
05,034,2023,6.0,75,8.0
05,034,2024,6.0,67,8.955223880597014
05,036,2008,1.0,39,2.564102564102564
05,036,2009,0.0,16,0.0
05,036,2010,2.0,29,6.896551724137931
05,036,2011,0.0,15,0.0
05,036,2014,1.0,15,6.666666666666667
05,036,2015,0.0,12,0.0
05,036,2016,1.0,7,14.285714285714285
05,036,2017,2.0,10,20.0
05,036,2018,1.0,13,7.6923076923076925
05,036,2019,0.0,1,0.0
05,036,2020,0.0,1,0.0
05,036,2021,0.0,2,0.0
05,036,2022,0.0,1,0.0
05,036,2023,1.0,3,33.33333333333333
05,036,2024,0.0,1,0.0
05,038,2008,2.0,99,2.0202020202020203
05,038,2009,3.0,90,3.3333333333333335
05,038,2010,8.0,93,8.60215053763441
05,038,2011,3.0,78,3.8461538461538463
05,038,2014,1.0,49,2.0408163265306123
05,038,2015,2.0,32,6.25
05,038,2016,1.0,51,1.9607843137254901
05,038,2017,3.0,36,8.333333333333332
05,038,2018,1.0,21,4.761904761904762
05,038,2019,2.0,18,11.11111111111111
05,038,2020,3.0,26,11.538461538461538
05,038,2021,0.0,15,0.0
05,038,2022,1.0,19,5.263157894736842
05,038,2023,2.0,13,15.384615384615385
05,038,2024,0.0,8,0.0
05,040,2008,2.0,187,1.06951871657754
05,040,2009,2.0,165,1.2121212121212122
05,040,2010,8.0,161,4.968944099378882
05,040,2011,6.0,135,4.444444444444445
05,040,2014,5.0,107,4.672897196261682
05,040,2015,2.0,94,2.127659574468085
05,040,2016,4.0,83,4.819277108433735
05,040,2017,1.0,91,1.098901098901099
05,040,2018,2.0,69,2.898550724637681
05,040,2019,2.0,91,2.197802197802198
05,040,2020,4.0,98,4.081632653061225
05,040,2021,5.0,87,5.747126436781609
05,040,2022,3.0,84,3.571428571428571
05,040,2023,3.0,69,4.3478260869565215
05,040,2024,4.0,48,8.333333333333332
05,042,2008,65.0,958,6.784968684759916
05,042,2009,48.0,842,5.7007125890736345
05,042,2010,42.0,824,5.097087378640777
05,042,2011,32.0,786,4.071246819338422
05,042,2014,39.0,1016,3.8385826771653546
05,042,2015,57.0,1144,4.9825174825174825
05,042,2016,46.0,1181,3.895004233700254
05,042,2017,56.0,1146,4.886561954624781
05,042,2018,44.0,1051,4.186489058039962
05,042,2019,47.0,996,4.718875502008032
05,042,2020,50.0,1152,4.340277777777778
05,042,2021,48.0,1322,3.6308623298033282
05,042,2022,43.0,1188,3.61952861952862
05,042,2023,51.0,1034,4.932301740812379
05,042,2024,26.0,725,3.5862068965517238
05,044,2008,3.0,59,5.084745762711865
05,044,2009,2.0,63,3.1746031746031744
05,044,2010,2.0,55,3.6363636363636362
05,044,2011,0.0,46,0.0
05,044,2014,2.0,40,5.0
05,044,2015,5.0,47,10.638297872340425
05,044,2016,2.0,20,10.0
05,044,2017,0.0,15,0.0
05,044,2018,1.0,18,5.555555555555555
05,044,2019,1.0,28,3.571428571428571
05,044,2020,0.0,13,0.0
05,044,2021,1.0,10,10.0
05,044,2022,0.0,1,0.0
05,044,2023,1.0,8,12.5
05,044,2024,0.0,11,0.0
05,045,2008,406.0,5219,7.779268059015138
05,045,2009,330.0,4696,7.027257240204429
05,045,2010,231.0,3781,6.1094948426342235
05,045,2011,247.0,4055,6.091245376078915
05,045,2014,189.0,3210,5.887850467289719
05,045,2015,231.0,3375,6.844444444444445
05,045,2016,240.0,3083,7.784625364904314
05,045,2017,285.0,3654,7.7996715927750415
05,045,2018,312.0,3715,8.398384925975774
05,045,2019,309.0,3527,8.76098667422739
05,045,2020,326.0,3973,8.205386357915932
05,045,2021,381.0,4392,8.674863387978142
05,045,2022,433.0,3835,11.290743155149935
05,045,2023,348.0,3259,10.678122123350722
05,045,2024,275.0,2964,9.27800269905533
05,051,2008,10.0,261,3.8314176245210727
05,051,2009,3.0,197,1.5228426395939088
05,051,2010,4.0,158,2.5316455696202533
05,051,2011,2.0,150,1.3333333333333335
05,051,2014,5.0,146,3.4246575342465753
05,051,2015,1.0,100,1.0
05,051,2016,4.0,101,3.9603960396039604
05,051,2017,3.0,128,2.34375
05,051,2018,6.0,132,4.545454545454546
05,051,2019,8.0,121,6.6115702479338845
05,051,2020,7.0,89,7.865168539325842
05,051,2021,4.0,107,3.7383177570093453
05,051,2022,6.0,121,4.958677685950414
05,051,2023,3.0,61,4.918032786885246
05,051,2024,3.0,36,8.333333333333332
05,055,2008,4.0,107,3.7383177570093453
05,055,2009,2.0,95,2.1052631578947367
05,055,2010,2.0,73,2.73972602739726
05,055,2011,1.0,71,1.4084507042253522
05,055,2014,1.0,22,4.545454545454546
05,055,2015,0.0,21,0.0
05,055,2016,1.0,37,2.7027027027027026
05,055,2017,0.0,18,0.0
05,055,2018,1.0,15,6.666666666666667
05,055,2019,1.0,16,6.25
05,055,2020,1.0,42,2.380952380952381
05,055,2021,1.0,27,3.7037037037037033
05,055,2022,0.0,13,0.0
05,055,2023,1.0,8,12.5
05,055,2024,2.0,4,50.0
05,059,2008,1.0,31,3.225806451612903
05,059,2009,1.0,38,2.631578947368421
05,059,2010,1.0,21,4.761904761904762
05,059,2011,0.0,17,0.0
05,059,2014,1.0,11,9.090909090909092
05,059,2015,0.0,18,0.0
05,059,2016,0.0,8,0.0
05,059,2017,0.0,3,0.0
05,059,2018,0.0,8,0.0
05,059,2019,0.0,4,0.0
05,059,2020,0.0,7,0.0
05,059,2021,0.0,6,0.0
05,059,2022,0.0,2,0.0
05,059,2023,0.0,3,0.0
05,059,2024,0.0,3,0.0
05,079,2008,5.0,271,1.8450184501845017
05,079,2009,7.0,205,3.414634146341464
05,079,2010,6.0,205,2.9268292682926833
05,079,2011,7.0,129,5.426356589147287
05,079,2014,2.0,83,2.4096385542168677
05,079,2015,6.0,69,8.695652173913043
05,079,2016,3.0,77,3.896103896103896
05,079,2017,4.0,89,4.49438202247191
05,079,2018,8.0,71,11.267605633802818
05,079,2019,1.0,65,1.5384615384615385
05,079,2020,9.0,88,10.227272727272728
05,079,2021,4.0,51,7.8431372549019605
05,079,2022,6.0,49,12.244897959183673
05,079,2023,4.0,24,16.666666666666664
05,079,2024,0.0,14,0.0
05,086,2008,3.0,47,6.382978723404255
05,086,2009,2.0,33,6.0606060606060606
05,086,2010,4.0,34,11.76470588235294
05,086,2011,1.0,35,2.857142857142857
05,086,2014,0.0,19,0.0
05,086,2015,0.0,9,0.0
05,086,2016,0.0,16,0.0
05,086,2017,2.0,15,13.333333333333334
05,086,2018,2.0,17,11.76470588235294
05,086,2019,1.0,7,14.285714285714285
05,086,2020,1.0,9,11.11111111111111
05,086,2021,3.0,17,17.647058823529413
05,086,2022,1.0,16,6.25
05,086,2023,1.0,11,9.090909090909092
05,086,2024,0.0,11,0.0
05,088,2008,140.0,2771,5.052327679538073
05,088,2009,125.0,2547,4.907734589713388
05,088,2010,130.0,2034,6.391347099311701
05,088,2011,92.0,1966,4.679552390640895
05,088,2014,85.0,2281,3.7264357737834284
05,088,2015,64.0,1302,4.915514592933948
05,088,2016,36.0,492,7.317073170731707
05,088,2017,10.0,64,15.625
05,088,2018,5.0,49,10.204081632653061
05,088,2019,8.0,56,14.285714285714285
05,088,2020,5.0,49,10.204081632653061
05,088,2021,4.0,38,10.526315789473683
05,088,2022,10.0,55,18.181818181818183
05,088,2023,3.0,24,12.5
05,088,2024,49.0,761,6.438896189224705
05,091,2008,1.0,74,1.3513513513513513
05,091,2009,3.0,75,4.0
05,091,2010,3.0,62,4.838709677419355
05,091,2011,2.0,53,3.7735849056603774
05,091,2014,1.0,44,2.272727272727273
05,091,2015,0.0,38,0.0
05,091,2016,1.0,40,2.5
05,091,2017,0.0,30,0.0
05,091,2018,3.0,33,9.090909090909092
05,091,2019,1.0,39,2.564102564102564
05,091,2020,3.0,40,7.5
05,091,2021,0.0,31,0.0
05,091,2022,1.0,15,6.666666666666667
05,091,2023,1.0,14,7.142857142857142
05,091,2024,1.0,12,8.333333333333332
05,093,2008,16.0,187,8.55614973262032
05,093,2009,10.0,190,5.263157894736842
05,093,2010,7.0,164,4.2682926829268295
05,093,2011,2.0,153,1.3071895424836601
05,093,2014,3.0,92,3.260869565217391
05,093,2015,2.0,108,1.8518518518518516
05,093,2016,3.0,99,3.0303030303030303
05,093,2017,4.0,95,4.2105263157894735
05,093,2018,3.0,82,3.6585365853658534
05,093,2019,4.0,90,4.444444444444445
05,093,2020,8.0,83,9.63855421686747
05,093,2021,8.0,79,10.126582278481013
05,093,2022,6.0,52,11.538461538461538
05,093,2023,0.0,35,0.0
05,093,2024,3.0,30,10.0
08,137,2008,8.0,122,6.557377049180328
08,137,2009,7.0,139,5.0359712230215825
08,137,2010,1.0,41,2.4390243902439024
08,137,2014,1.0,27,3.7037037037037033
08,137,2015,0.0,26,0.0
08,137,2016,0.0,4,0.0
08,137,2017,0.0,3,0.0
08,137,2018,1.0,23,4.3478260869565215
08,137,2019,2.0,20,10.0
08,137,2020,4.0,39,10.256410256410255
08,137,2021,6.0,43,13.953488372093023
08,137,2022,1.0,31,3.225806451612903
08,137,2023,2.0,30,6.666666666666667
08,137,2024,4.0,23,17.391304347826086
08,141,2008,6.0,103,5.825242718446602
08,141,2009,5.0,106,4.716981132075472
08,141,2010,2.0,57,3.508771929824561
08,141,2011,4.0,52,7.6923076923076925
08,141,2014,1.0,27,3.7037037037037033
08,141,2015,1.0,38,2.631578947368421
08,141,2016,3.0,32,9.375
08,141,2017,2.0,43,4.651162790697675
08,141,2018,0.0,10,0.0
08,141,2019,2.0,12,16.666666666666664
08,141,2020,2.0,44,4.545454545454546
08,141,2021,2.0,30,6.666666666666667
08,141,2022,3.0,30,10.0
08,141,2023,0.0,11,0.0
08,141,2024,1.0,11,9.090909090909092
08,296,2008,3.0,111,2.7027027027027026
08,296,2009,4.0,81,4.938271604938271
08,296,2010,0.0,27,0.0
08,296,2011,6.0,47,12.76595744680851
08,296,2014,3.0,29,10.344827586206897
08,296,2015,1.0,22,4.545454545454546
08,296,2016,3.0,17,17.647058823529413
08,296,2017,4.0,35,11.428571428571429
08,296,2018,2.0,48,4.166666666666666
08,296,2019,1.0,50,2.0
08,296,2020,4.0,42,9.523809523809524
08,296,2021,1.0,39,2.564102564102564
08,296,2022,1.0,29,3.4482758620689653
08,296,2023,0.0,20,0.0
08,296,2024,0.0,14,0.0
08,372,2008,7.0,64,10.9375
08,372,2009,2.0,46,4.3478260869565215
08,372,2010,1.0,28,3.571428571428571
08,372,2011,0.0,14,0.0
08,372,2014,0.0,15,0.0
08,372,2015,2.0,15,13.333333333333334
08,372,2016,0.0,2,0.0
08,372,2017,2.0,10,20.0
08,372,2018,2.0,23,8.695652173913043
08,372,2019,6.0,32,18.75
08,372,2020,1.0,21,4.761904761904762
08,372,2021,1.0,22,4.545454545454546
08,372,2022,1.0,21,4.761904761904762
08,372,2023,1.0,22,4.545454545454546
08,372,2024,0.0,5,0.0
08,421,2008,8.0,135,5.9259259259259265
08,421,2009,4.0,126,3.1746031746031744
08,421,2010,1.0,72,1.3888888888888888
08,421,2011,2.0,35,5.714285714285714
08,421,2014,4.0,16,25.0
08,421,2015,1.0,22,4.545454545454546
08,421,2016,4.0,90,4.444444444444445
08,421,2017,6.0,79,7.59493670886076
08,421,2018,16.0,132,12.121212121212121
08,421,2019,13.0,199,6.532663316582915
08,421,2020,21.0,245,8.571428571428571
08,421,2021,24.0,244,9.836065573770492
08,421,2022,0.0,27,0.0
08,421,2023,1.0,23,4.3478260869565215
08,421,2024,1.0,12,8.333333333333332
08,433,2008,10.0,302,3.3112582781456954
08,433,2009,12.0,153,7.8431372549019605
08,433,2010,7.0,146,4.794520547945205
08,433,2011,10.0,117,8.547008547008547
08,433,2014,5.0,72,6.944444444444445
08,433,2015,4.0,65,6.153846153846154
08,433,2016,6.0,58,10.344827586206897
08,433,2017,5.0,95,5.263157894736842
08,433,2018,7.0,95,7.368421052631578
08,433,2019,13.0,104,12.5
08,433,2020,4.0,83,4.819277108433735
08,433,2021,4.0,71,5.633802816901409
08,433,2022,5.0,48,10.416666666666668
08,433,2023,0.0,26,0.0
08,433,2024,2.0,19,10.526315789473683
08,436,2008,4.0,83,4.819277108433735
08,436,2009,0.0,31,0.0
08,436,2010,0.0,22,0.0
08,436,2011,0.0,15,0.0
08,436,2014,1.0,9,11.11111111111111
08,436,2015,0.0,13,0.0
08,436,2016,2.0,20,10.0
08,436,2017,0.0,34,0.0
08,436,2018,2.0,49,4.081632653061225
08,436,2019,2.0,24,8.333333333333332
08,436,2020,4.0,38,10.526315789473683
08,436,2021,2.0,52,3.8461538461538463
08,436,2022,3.0,35,8.571428571428571
08,436,2023,0.0,24,0.0
08,436,2024,0.0,22,0.0
08,520,2008,2.0,63,3.1746031746031744
08,520,2009,2.0,60,3.3333333333333335
08,520,2010,0.0,28,0.0
08,520,2011,1.0,21,4.761904761904762
08,520,2014,0.0,18,0.0
08,520,2015,0.0,16,0.0
08,520,2016,2.0,15,13.333333333333334
08,520,2017,0.0,21,0.0
08,520,2018,0.0,19,0.0
08,520,2019,0.0,20,0.0
08,520,2020,0.0,11,0.0
08,520,2021,0.0,1,0.0
08,520,2022,1.0,3,33.33333333333333
08,520,2023,0.0,7,0.0
08,520,2024,0.0,13,0.0
08,549,2008,0.0,11,0.0
08,549,2011,0.0,3,0.0
08,549,2014,0.0,2,0.0
08,549,2015,0.0,6,0.0
08,549,2016,1.0,4,25.0
08,549,2017,0.0,11,0.0
08,549,2018,0.0,7,0.0
08,549,2019,0.0,7,0.0
08,549,2020,0.0,7,0.0
08,549,2021,2.0,3,66.66666666666666
08,549,2022,1.0,4,25.0
08,549,2023,0.0,2,0.0
08,549,2024,0.0,1,0.0
08,558,2008,2.0,49,4.081632653061225
08,558,2009,1.0,47,2.127659574468085
08,558,2010,0.0,17,0.0
08,558,2011,2.0,26,7.6923076923076925
08,558,2014,1.0,4,25.0
08,558,2015,1.0,1,100.0
08,558,2016,1.0,11,9.090909090909092
08,558,2017,0.0,16,0.0
08,558,2018,0.0,19,0.0
08,558,2019,2.0,13,15.384615384615385
08,558,2020,2.0,14,14.285714285714285
08,558,2021,0.0,8,0.0
08,558,2022,0.0,8,0.0
08,558,2023,0.0,5,0.0
08,558,2024,0.0,4,0.0
08,560,2008,2.0,90,2.2222222222222223
08,560,2009,1.0,82,1.2195121951219512
08,560,2010,2.0,56,3.571428571428571
08,560,2011,0.0,16,0.0
08,560,2014,1.0,9,11.11111111111111
08,560,2015,0.0,5,0.0
08,560,2016,0.0,6,0.0
08,560,2017,1.0,19,5.263157894736842
08,560,2018,2.0,15,13.333333333333334
08,560,2019,3.0,27,11.11111111111111
08,560,2020,1.0,22,4.545454545454546
08,560,2021,0.0,17,0.0
08,560,2022,2.0,17,11.76470588235294
08,560,2023,0.0,10,0.0
08,560,2024,2.0,6,33.33333333333333
08,573,2008,1.0,33,3.0303030303030303
08,573,2009,2.0,34,5.88235294117647
08,573,2010,0.0,2,0.0
08,573,2011,3.0,13,23.076923076923077
08,573,2014,75.0,655,11.450381679389313
08,573,2015,141.0,982,14.358452138492872
08,573,2016,137.0,1059,12.936732766761095
08,573,2017,126.0,1101,11.444141689373296
08,573,2018,124.0,1150,10.782608695652174
08,573,2019,135.0,1232,10.957792207792208
08,573,2020,104.0,1189,8.746846089150546
08,573,2021,103.0,1039,9.913378248315688
08,573,2022,99.0,1149,8.616187989556137
08,573,2023,110.0,1139,9.657594381035997
08,573,2024,107.0,1068,10.018726591760299
08,606,2008,12.0,212,5.660377358490567
08,606,2009,7.0,158,4.430379746835443
08,606,2010,4.0,125,3.2
08,606,2011,1.0,123,0.8130081300813009
08,606,2014,6.0,82,7.317073170731707
08,606,2015,5.0,70,7.142857142857142
08,606,2016,3.0,86,3.488372093023256
08,606,2017,2.0,79,2.5316455696202533
08,606,2018,4.0,107,3.7383177570093453
08,606,2019,4.0,88,4.545454545454546
08,606,2020,1.0,113,0.8849557522123894
08,606,2021,1.0,92,1.0869565217391304
08,606,2022,2.0,57,3.508771929824561
08,606,2023,3.0,43,6.976744186046512
08,606,2024,0.0,12,0.0
08,634,2008,3.0,91,3.296703296703297
08,634,2009,2.0,71,2.8169014084507045
08,634,2010,4.0,53,7.547169811320755
08,634,2011,1.0,64,1.5625
08,634,2014,0.0,11,0.0
08,634,2015,0.0,9,0.0
08,634,2016,0.0,11,0.0
08,634,2017,0.0,20,0.0
08,634,2018,1.0,26,3.8461538461538463
08,634,2019,2.0,35,5.714285714285714
08,634,2020,1.0,22,4.545454545454546
08,634,2021,3.0,29,10.344827586206897
08,634,2022,1.0,29,3.4482758620689653
08,634,2023,0.0,8,0.0
08,634,2024,0.0,5,0.0
08,638,2008,200.0,2323,8.609556607834696
08,638,2009,226.0,2199,10.277398817644384
08,638,2010,157.0,1802,8.712541620421755
08,638,2011,210.0,2272,9.242957746478874
08,638,2014,162.0,2287,7.083515522518584
08,638,2015,138.0,2187,6.310013717421124
08,638,2016,211.0,2367,8.914237431347697
08,638,2017,265.0,2806,9.444048467569493
08,638,2018,212.0,2893,7.328033183546491
08,638,2019,277.0,3237,8.557306147667594
08,638,2020,226.0,2919,7.742377526550189
08,638,2021,254.0,3052,8.322411533420707
08,638,2022,244.0,2803,8.704958972529433
08,638,2023,221.0,2506,8.818834796488428
08,638,2024,160.0,2044,7.8277886497064575
08,675,2008,1.0,63,1.5873015873015872
08,675,2009,2.0,36,5.555555555555555
08,675,2010,4.0,19,21.052631578947366
08,675,2014,0.0,5,0.0
08,675,2015,0.0,7,0.0
08,675,2016,0.0,2,0.0
08,675,2017,0.0,4,0.0
08,675,2018,1.0,17,5.88235294117647
08,675,2019,1.0,23,4.3478260869565215
08,675,2020,2.0,35,5.714285714285714
08,675,2021,0.0,43,0.0
08,675,2022,0.0,19,0.0
08,675,2023,1.0,14,7.142857142857142
08,675,2024,0.0,14,0.0
08,685,2008,4.0,82,4.878048780487805
08,685,2009,3.0,64,4.6875
08,685,2010,1.0,40,2.5
08,685,2011,2.0,52,3.8461538461538463
08,685,2014,0.0,21,0.0
08,685,2015,1.0,25,4.0
08,685,2016,0.0,11,0.0
08,685,2017,2.0,14,14.285714285714285
08,685,2018,4.0,27,14.814814814814813
08,685,2019,1.0,22,4.545454545454546
08,685,2020,2.0,35,5.714285714285714
08,685,2021,1.0,29,3.4482758620689653
08,685,2022,0.0,14,0.0
08,685,2023,1.0,4,25.0
08,685,2024,0.0,2,0.0
08,758,2008,258.0,3650,7.068493150684932
08,758,2009,275.0,4072,6.753438113948919
08,758,2010,289.0,3723,7.76255707762557
08,758,2011,340.0,3947,8.614137319483152
08,758,2014,323.0,3740,8.636363636363637
08,758,2015,312.0,3976,7.847082494969819
08,758,2016,285.0,4270,6.674473067915692
08,758,2017,353.0,4508,7.830523513753327
08,758,2018,335.0,4352,7.697610294117648
08,758,2019,382.0,4763,8.020155364266218
08,758,2020,330.0,4441,7.430758838099527
08,758,2021,342.0,3944,8.671399594320487
08,758,2022,335.0,3834,8.737610850286906
08,758,2023,349.0,3263,10.695678823168862
08,758,2024,304.0,2916,10.425240054869684
08,770,2008,3.0,50,6.0
08,770,2009,1.0,35,2.857142857142857
08,770,2010,3.0,22,13.636363636363635
08,770,2011,3.0,44,6.8181818181818175
08,770,2014,4.0,24,16.666666666666664
08,770,2015,1.0,13,7.6923076923076925
08,770,2016,1.0,7,14.285714285714285
08,770,2017,0.0,21,0.0
08,770,2018,0.0,21,0.0
08,770,2019,2.0,24,8.333333333333332
08,770,2020,1.0,18,5.555555555555555
08,770,2021,2.0,27,7.4074074074074066
08,770,2022,0.0,14,0.0
08,770,2023,3.0,9,33.33333333333333
08,770,2024,1.0,12,8.333333333333332
08,832,2008,1.0,38,2.631578947368421
08,832,2009,1.0,20,5.0
08,832,2010,2.0,22,9.090909090909092
08,832,2011,0.0,6,0.0
08,832,2014,0.0,4,0.0
08,832,2015,0.0,4,0.0
08,832,2016,0.0,3,0.0
08,832,2017,2.0,6,33.33333333333333
08,832,2018,1.0,2,50.0
08,832,2019,0.0,4,0.0
08,832,2020,0.0,5,0.0
08,832,2021,0.0,3,0.0
08,832,2022,0.0,1,0.0
08,832,2023,0.0,2,0.0
08,849,2008,1.0,28,3.571428571428571
08,849,2009,2.0,27,7.4074074074074066
08,849,2010,1.0,27,3.7037037037037033
08,849,2011,1.0,21,4.761904761904762
08,849,2014,0.0,3,0.0
08,849,2015,0.0,1,0.0
08,849,2016,0.0,4,0.0
08,849,2017,1.0,8,12.5
08,849,2018,0.0,6,0.0
08,849,2019,0.0,2,0.0
08,849,2020,0.0,7,0.0
08,849,2021,1.0,6,16.666666666666664
08,849,2022,0.0,6,0.0
08,849,2023,0.0,3,0.0
08,849,2024,1.0,4,25.0
08,001,2008,3041.0,33663,9.03365713097466
08,001,2009,2982.0,32268,9.241353663071774
08,001,2010,2620.0,28749,9.113360464711816
08,001,2011,2640.0,27874,9.47119179163378
08,001,2014,3395.0,34444,9.85657879456509
08,001,2015,3105.0,33180,9.358047016274865
08,001,2016,3190.0,31333,10.180959371908212
08,001,2017,3046.0,32012,9.515181806822442
08,001,2018,3154.0,33689,9.362106325506842
08,001,2019,3170.0,33405,9.489597365663823
08,001,2020,2784.0,30624,9.090909090909092
08,001,2021,2947.0,30286,9.730568579541703
08,001,2022,2998.0,27981,10.714413351917372
08,001,2023,2917.0,24665,11.82647476180823
08,001,2024,2265.0,20202,11.211761211761212
08,078,2008,19.0,673,2.823179791976226
08,078,2009,19.0,697,2.72596843615495
08,078,2010,15.0,605,2.479338842975207
08,078,2011,12.0,772,1.5544041450777202
08,078,2014,17.0,546,3.1135531135531136
08,078,2015,15.0,415,3.614457831325301
08,078,2016,3.0,273,1.098901098901099
08,078,2017,2.0,191,1.0471204188481675
08,078,2018,73.0,581,12.564543889845096
08,078,2019,125.0,912,13.706140350877194
08,078,2020,131.0,1123,11.665182546749778
08,078,2021,119.0,1066,11.163227016885553
08,078,2022,113.0,1049,10.772163965681601
08,078,2023,124.0,917,13.522355507088331
08,078,2024,99.0,777,12.741312741312742
